name,city,state_province,country,postal_code,region,address,website,access_type,latitude,longitude
Heeresgeschichtliches Museum Wien,Wien,Wien,Austria,1030,Europe,"Arsenal Objekt 1, Arsenal 3",https://www.hgm.at/,public,48.184684,16.388394
Militärluftfahrtmuseum Zeltweg,Zeltweg,Steiermark,Austria,8740,Europe,"Fliegerhorst Hinterstoisser, Hangar 8",https://www.hgm.at/besuch/militaerluftfahrtmuseum-zeltweg,public,47.197253,14.753144
Fliegerhorst Hinterstoisser Aircraft Displays -- Zeltweg,Zeltweg,Steiermark,Austria,8740,Europe,"Fliegerhorst Hinterstoisser, Fliegerhorstsiedlung",,restricted,47.200600,14.762200
Österreichisches Luftfahrtmuseum Graz-Thalerhof,Feldkirchen bei Graz,Steiermark,Austria,8073,Europe,Thalerhofstraße 52,https://www.luftfahrtmuseum.at/,public,46.986776,15.447981
Flugmuseum Aviaticum,Wiener Neustadt,Niederösterreich,Austria,2700,Europe,Flugplatz Wiener Neustadt Ost,https://aviaticum.at/,appointment,47.842800,16.252500
Hangar-7 Flying Bulls,Salzburg,Salzburg,Austria,5020,Europe,Wilhelm-Spazier-Straße 7A,https://www.hangar-7.com/,public,47.793687,13.007385
Technisches Museum Wien,Wien,Wien,Austria,1140,Europe,Mariahilfer Straße 212,https://www.technischesmuseum.at/,public,48.190895,16.317945
Saab 35Öe Draken Roundabout -- Tulln-Langenlebarn,Tulln an der Donau,Niederösterreich,Austria,3430,Europe,"B14 / Langenlebarn-Oberaigen, near Fliegerhorst Brumowski",,public,48.318773,16.084797
Saab J29F Tunnan -- HTL Linz Paul-Hahn-Straße,Linz,Oberösterreich,Austria,4020,Europe,"Paul-Hahn-Straße, Katzenau",,public,48.306283,14.311321
Saab 35Öe Draken -- Graz-Eggenberg,Graz,Steiermark,Austria,8020,Europe,Eggenberger Allee,,public,47.069519,15.407518
Saab 35Öe Draken -- Flugplatz Bad Vöslau,Bad Vöslau,Niederösterreich,Austria,2540,Europe,Flugplatz Vöslau-Kottingbrunn,,public,47.964095,16.252306
"Douglas C-47 ""Edelweiß"" -- Salzburg Airport",Salzburg,Salzburg,Austria,5020,Europe,"Dr.-Matthias-Laireiter-Straße, Loig",,public,47.789301,13.000064
Test-Fuchs Aircraft Displays -- Groß-Siegharts,Groß-Siegharts,Niederösterreich,Austria,3812,Europe,Test-Fuchs-Straße 1-5,https://www.test-fuchs.com/,public,48.795500,15.409600
MiG-21 -- Gerasdorf bei Wien,Gerasdorf bei Wien,Niederösterreich,Austria,2201,Europe,Föhrenhain,,public,48.327846,16.450579
NOVAPARK Flugzeughotel Roof Aircraft -- Graz,Graz,Steiermark,Austria,8051,Europe,Fischeraustraße 22,https://www.novapark.at/,public,47.095721,15.410528
Unidentified Aircraft Display -- Spital am Semmering,Spital am Semmering,Steiermark,Austria,8684,Europe,"Hübnerweg, Pichl",,public,47.611860,15.755464
Unidentified Aircraft Display -- St. Georgen am Fillmannsbach,Helpfau-Uttendorf,Oberösterreich,Austria,5144,Europe,"B156, Fillmannsbach",,public,48.121087,13.005735
Saab 35Öe Draken -- Voitsberg Shopping Centre,Voitsberg,Steiermark,Austria,8570,Europe,Shopping centre car park,,public,,
Saab 35Öe Draken -- Schwarzenberg-Kaserne Salzburg,Wals-Siezenheim,Salzburg,Austria,5071,Europe,Schwarzenberg-Kaserne,,restricted,,
Flieger-Flab-Museum Dübendorf,Dübendorf,Zürich,Switzerland,8600,Europe,Überlandstrasse 255,https://www.airforcecenter.ch/,public,47.397190,8.631730
Verkehrshaus der Schweiz,Luzern,Luzern,Switzerland,6006,Europe,Lidostrasse 5,https://www.verkehrshaus.ch/,public,47.052753,8.336636
Musée de l'Aviation Militaire de Payerne (Clin d'Ailes),Payerne,Fribourg,Switzerland,1541,Europe,"Route de la Petite-Glâne 62, Morens FR",https://clindailes.ch/,public,46.846295,6.915716
FFA Museum Altenrhein,Altenrhein,St. Gallen,Switzerland,9423,Europe,Flughafenstrasse 11,https://ffamuseum.ch/,public,47.488447,9.555744
Mirage-Verein Buochs,Ennetbürgen,Nidwalden,Switzerland,6373,Europe,"Stanserstrasse, former Buochs air base (Standlaufgebäude / Bremshaus)",https://mirage-buochs.ch/,appointment,46.977070,8.391350
Runway 34 Aircraft Bars -- Glattbrugg,Opfikon,Zürich,Switzerland,8060,Europe,"Rohrholzstrasse 67, Glattpark",https://www.runway34.ch/,public,47.440000,8.558070
Breitling Orbiter 1 Capsule -- Château-d'Oex,Château-d'Oex,Vaud,Switzerland,1660,Europe,Pays-d'Enhaut,https://pays-denhaut.ch/points-d-interet/capsule-breitling/,public,46.473290,7.130440
Swiss Air Force F-5 Tiger Display -- Meiringen,Meiringen,Bern,Switzerland,3857,Europe,"Unterbachstrasse, Unterbach",,public,46.739770,8.116370
Mirage IIIRS Displays -- Stans,Stans,Nidwalden,Switzerland,6370,Europe,Oberstmühle / Schwibogen,,public,46.968200,8.354740
Pilatus PC-9 HB-HPJ -- Buochs,Buochs,Nidwalden,Switzerland,6374,Europe,Buochs,,public,46.970090,8.404420
"de Havilland Vampire ""Biene Maja"" -- Altenrhein",Thal,St. Gallen,Switzerland,9423,Europe,"Speck, Altenrhein",,public,47.485370,9.548500
Fouga CM.170 Magister -- Basel,Basel,Basel-Stadt,Switzerland,4056,Europe,"Flughafenstrasse, St. Johann",,public,47.573390,7.563770
Aircraft Display -- Sierre,Sierre,Valais,Switzerland,3968,Europe,Sierre,,public,46.292290,7.551890
Aircraft Display -- Wolfenschiessen,Wolfenschiessen,Nidwalden,Switzerland,6383,Europe,"Hauptstrasse, Flüglisloo",,public,46.923270,8.397820
Aircraft Display -- Les Geneveys-sur-Coffrane,Val-de-Ruz,Neuchâtel,Switzerland,2206,Europe,Rue du 1er Mars,,public,47.015810,6.850570
Military Aircraft Display -- Lully FR,Estavayer,Fribourg,Switzerland,1470,Europe,"Frasses / L'Amérique, Lully (FR)",,public,46.831610,6.857240
Aircraft Display -- Brüttisellen,Wangen-Brüttisellen,Zürich,Switzerland,8306,Europe,Dübendorfstrasse,,public,47.407360,8.638280
Cessna 172RG Display -- Zürich Fluntern,Zürich,Zürich,Switzerland,8044,Europe,"Zürichbergstrasse, Fluntern",,public,47.387470,8.578200
RepTár Szolnoki Repülőmúzeum,Szolnok,Jász-Nagykun-Szolnok,Hungary,5000,Europe,Indóház utca 4-6,https://www.reptar.hu/,public,47.167791,20.180221
Szolnoki Repüléstörténeti Kiállítóhely (former museum site),Szolnok,Jász-Nagykun-Szolnok,Hungary,5008,Europe,"Szolnok-Szandaszőlős, Kilián út 1",,restricted,47.130833,20.220000
Pintér Művek Haditechnikai Park,Kecel,Bács-Kiskun,Hungary,6237,Europe,II. Rákóczi Ferenc utca 171-177,,public,46.538215,19.242028
Aeropark Budapest,Vecsés,Pest,Hungary,1185,Europe,"Budapest Ferenc Liszt International Airport, Terminal 2",https://aeropark.hu/,public,47.424095,19.262637
KOMO-Sky 51-es Bázis,Dunavarsány,Pest,Hungary,2336,Europe,"Nagyvarsány, off Route 51",https://komosky51bazis.hu/,public,47.292900,19.027800
HarckocsiPark -- Budaörs Airport,Budapest,Budapest,Hungary,1112,Europe,"Repülőtéri út 2, Kőérberek",http://harckocsi.com/,public,47.447700,18.980400
Zánkai Haditechnikai Park,Zánka,Veszprém,Hungary,8251,Europe,"Erzsébet-tábor, Route 71",https://erzsebettaborok.hu/zankai-haditechnikai-park/,appointment,46.881810,17.711270
A szovjet repülőtér titkai -- Berekfürdő,Berekfürdő,Jász-Nagykun-Szolnok,Hungary,5309,Europe,Berekfürdő,https://soviet-airforce.com/,public,,
Közlekedési Múzeum Aviation Collection -- Északi Járműjavító,Budapest,Budapest,Hungary,1106,Europe,"Északi Járműjavító, Kőbánya",https://kozlekedesimuzeum.hu/,appointment,,
MiG-21 Emlékmű Körforgalom -- Pápa,Pápa,Veszprém,Hungary,8500,Europe,"Celli út roundabout, Route 83 bypass, Felsőváros",,public,47.321490,17.446030
MiG-21 Emlékmű -- Kecskemét,Kecskemét,Bács-Kiskun,Hungary,6000,Europe,"Mészöly Gyula utca 6, roundabout of Routes 44 and 445",,public,46.904400,19.748160
Mi-24D Harci Helikopter Emlékmű -- Veszprém-Kádárta,Veszprém,Veszprém,Hungary,8411,Europe,Kádárta,,public,47.103740,17.969010
MiG-21 Displays -- Tótvázsony Kövesgyűrpuszta,Tótvázsony,Veszprém,Hungary,8246,Europe,Kövesgyűrpuszta,,public,47.030160,17.795150
An-2 Display -- Algyő,Algyő,Csongrád-Csanád,Hungary,6750,Europe,Szomolyai dűlő,,public,46.322500,20.215770
MiG-21 Display -- Szeged Móraváros,Szeged,Csongrád-Csanád,Hungary,6724,Europe,"Szilánk köz, Móraváros",,public,46.261640,20.125280
Aircraft Display -- Szeged Iparváros,Szeged,Csongrád-Csanád,Hungary,6728,Europe,"Gomba utca, Iparváros",,public,46.266460,20.107480
MiG-21 Display -- Szekszárd,Szekszárd,Tolna,Hungary,7100,Europe,Bátaszéki út,,public,46.323640,18.698240
Li-2 Display -- Bócsa,Bócsa,Bács-Kiskun,Hungary,6235,Europe,Route 54,,public,46.609660,19.466950
An-2 Displays -- Mórahalom,Mórahalom,Csongrád-Csanád,Hungary,6782,Europe,Mórahalom,,public,46.249120,19.950930
Mi-24 Display -- Pusztaottlaka,Pusztaottlaka,Békés,Hungary,5665,Europe,"Cigányhomok dűlő, Bagófalu",,public,46.536180,21.021060
An-2 Display -- Budakalász,Budakalász,Pest,Hungary,2011,Europe,Dunapart,,public,47.626010,19.077010
Fóti Garay János Általános Iskola Aircraft -- Fót,Fót,Pest,Hungary,2151,Europe,"Arany János utca, Fótújfalu",,public,47.612950,19.191640
An-2 Display -- Szigethalom,Szigethalom,Pest,Hungary,2315,Europe,"Rákóczi utca, Marlyntelep",,public,47.307830,19.007660
R-26S Góbé Glider Display -- Budakeszi,Budakeszi,Pest,Hungary,2092,Europe,Tiefenweg,,public,47.489830,18.909380
R-26S Góbé Glider Display -- Budapest Kispest,Budapest,Budapest,Hungary,1191,Europe,"Felsődűlő, XIX. kerület",,public,47.463020,19.146990
Csepel Aircraft Displays -- Budapest XXI,Budapest,Budapest,Hungary,1211,Europe,"Weiss Manfréd út, Csepel-Szabótelep",,public,47.440400,19.073300
Military Aircraft Display -- Törökbálint FSD Park,Törökbálint,Pest,Hungary,2045,Europe,"FSD Park 6, Szabadházihegy",,public,47.445220,18.949110
PZL M-15 Belphegor -- Szolnok Üdülőtelep,Szolnok,Jász-Nagykun-Szolnok,Hungary,5000,Europe,Üdülőtelep,,public,47.151270,20.195230
Mi-24 Display -- Szolnok Kertváros,Szolnok,Jász-Nagykun-Szolnok,Hungary,5000,Europe,Kertváros,,public,47.164050,20.202650
Nationaal Militair Museum,Soest,Utrecht,Netherlands,3768 MX,Europe,Verlengde Paltzerweg 3,https://www.nmm.nl/,public,52.131010,5.274540
F-104G Poortwachter Nationaal Militair Museum -- Soest,Soest,Utrecht,Netherlands,3769 AD,Europe,Van Weerden Poelmanweg,https://collectie.nmm.nl/nl/collectie/detail/471415/,public,52.130610,5.296660
Alouette III Monument -- Soesterberg,Soesterberg,Utrecht,Netherlands,3769 BL,Europe,Amersfoortsestraat,,public,52.123120,5.283690
Luchtvaartmuseum Aviodrome,Lelystad,Flevoland,Netherlands,8218 PG,Europe,Pelikaanweg 50 (Lelystad Airport),https://www.aviodrome.nl/,public,52.458200,5.531000
Vliegbasis Leeuwarden Static Aircraft Park,Leeuwarden,Fryslan,Netherlands,8919 AK,Europe,Keegsdijkje,,restricted,53.221200,5.772800
Vliegbasis Eindhoven Aircraft Displays,Eindhoven,Noord-Brabant,Netherlands,5657 HJ,Europe,Poortwachterslaan / Flight Forum,,public,51.448530,5.392470
Vliegbasis Gilze-Rijen Gate Guards,Rijen,Noord-Brabant,Netherlands,5121 RC,Europe,Rijksweg (hoofdpoort),,public,51.576520,4.926120
Volkel Vliegtuigmonument,Volkel,Noord-Brabant,Netherlands,5408 SM,Europe,Zeelandsedijk,,public,51.655200,5.681600
F-16 Rotonde Volkel,Volkel,Noord-Brabant,Netherlands,5408 AZ,Europe,Rotonde Zeelandsedijk / N264,,public,51.647490,5.672920
Neptune Monument Marinevliegkamp De Kooy,Den Helder,Noord-Holland,Netherlands,1786 PT,Europe,Luchthavenweg (De Kooy),,public,52.922800,4.788190
F-104G Poortwachter -- Oosterland,Oosterland,Zeeland,Netherlands,4307 NJ,Europe,Ringweg,,public,51.658870,4.056050
Historyland,Hellevoetsluis,Zuid-Holland,Netherlands,3223 LM,Europe,Nieuweweg 45 (Nieuwenhoorn),https://historyland.nl/,public,51.845850,4.167710
Fokker Friendship PH-NIV -- Oude Meer,Oude Meer,Noord-Holland,Netherlands,1438 BG,Europe,Fokkerweg (Fokker Logistics Park),,public,52.288660,4.783970
KLM Fokker 100 Display -- Schiphol,Schiphol,Noord-Holland,Netherlands,1118 CB,Europe,Panorama Boulevard (Schiphol Terminal),,public,52.308320,4.765530
BAT Bantam -- Rijksmuseum Amsterdam,Amsterdam,Noord-Holland,Netherlands,1017 SG,Europe,Museumstraat 1 / Stadhouderskade,https://www.rijksmuseum.nl/,public,52.360510,4.884850
Fokker 100 Roof Display -- Breda,Breda,Noord-Brabant,Netherlands,4815 HK,Europe,Zoete Inval (Stolwerk Metaal B.V.),,public,51.593970,4.756790
F-16 Monument -- Breda,Breda,Noord-Brabant,Netherlands,4811 XC,Europe,Rene de Chalonweg,,public,51.591080,4.773920
Vliegveld Teuge Aircraft Displays,Teuge,Gelderland,Netherlands,7395 PA,Europe,De Zanden,,public,52.241200,6.052660
TU Delft Aerospace Faculty Aircraft Displays,Delft,Zuid-Holland,Netherlands,2629 HS,Europe,Kluyverweg 1 / Anthony Fokkerweg,,public,51.990520,4.376050
Ypenburg Aircraft Monument -- Nootdorp,Nootdorp,Zuid-Holland,Netherlands,2631 MZ,Europe,Verkeerstorenplein,,public,52.043410,4.376810
MiG-21 and L-29 Display -- Zelhem,Zelhem,Gelderland,Netherlands,7021 HW,Europe,Pluimersdijk,,public,52.002810,6.364130
MiG-21F-13 Display -- Tilburg,Tilburg,Noord-Brabant,Netherlands,5021 LL,Europe,,,public,51.546500,5.087810
Museum Bevrijdende Vleugels,Best,Noord-Brabant,Netherlands,5681 BH,Europe,Sonseweg 39,https://www.bevrijdendevleugels.nl/,public,51.515775,5.301520
Oorlogsmuseum Overloon,Overloon,Noord-Brabant,Netherlands,5825 AM,Europe,Museumpark 1,https://www.oorlogsmuseum.nl/,public,51.571500,5.948300
Luchtvaart- en Oorlogsmuseum Texel,De Cocksdorp,Noord-Holland,Netherlands,1795 JS,Europe,Postweg 126,https://www.lomt.nl/,public,53.117900,4.827300
Vliegend Museum Seppe,Bosschenhoofd,Noord-Brabant,Netherlands,4744 RC,Europe,Pastoor van Breugelstraat 93e,,public,51.554600,4.548400
CRASH Luchtoorlog- en Verzetsmuseum '40-'45,Aalsmeerderbrug,Noord-Holland,Netherlands,1436 BM,Europe,Aalsmeerderdijk 460 (Fort bij Aalsmeer),https://www.crash40-45.nl/,public,52.276000,4.729000
Museum Vliegbasis Deelen,Deelen,Gelderland,Netherlands,6877 AE,Europe,Delenseweg 20,https://museumdeelen.nl/,public,52.062000,5.876000
Koninklijk Museum van het Leger en de Krijgsgeschiedenis -- Luchtvaarthal,Brussels,Brussels-Capital,Belgium,1000,Europe,Jubelpark 3 / Parc du Cinquantenaire 3,https://www.klm-mra.be/,public,50.839700,4.392800
1 Wing Historical Centre,Beauvechain,Walloon Brabant,Belgium,1320,Europe,Basis Charles Roman / Base Charles Roman,,restricted,50.758000,4.768000
F-16 Monument -- Beauvechain,Beauvechain,Walloon Brabant,Belgium,1320,Europe,Rue de la Grande Lecke,,public,50.754060,4.783290
Kleine-Brogel Air Museum,Peer,Limburg,Belgium,3990,Europe,Maarlosedijk,https://www.kbam.be/,appointment,51.149300,5.461000
F-104G Rotonde -- Peer,Peer,Limburg,Belgium,3990,Europe,Noordweg,,public,51.138690,5.453490
Musee Spitfire -- Florennes,Florennes,Namur,Belgium,5620,Europe,Base aerienne de Florennes (2 Wing Tactique),https://www.spitfiremuseum.be/,restricted,50.243300,4.645800
Museum Stampe & Vertongen,Antwerp,Antwerp,Belgium,2100,Europe,Luchthavenlei 1/3 (Antwerpen-Deurne),https://www.stampe.be/,public,51.189600,4.452000
Musee International de la Base Aerienne de Chievres,Chievres,Hainaut,Belgium,7950,Europe,Base aerienne de Chievres,,appointment,50.575700,3.831000
Hawker Hunter Rotonde -- Chievres,Chievres,Hainaut,Belgium,7950,Europe,Rond-Point de la Chasse Royale,,public,50.594880,3.830420
Fouga Magister Monument -- Saffraanberg,Sint-Truiden,Limburg,Belgium,3800,Europe,Saffraanberg,,public,50.803200,5.202960
F-104G Oorlogsmonument -- Brustem,Sint-Truiden,Limburg,Belgium,3800,Europe,Luikersteenweg (Brustem),,public,50.785040,5.234050
Alouette II Monument -- Borlo,Gingelom,Limburg,Belgium,3891,Europe,Thewitstraat (Borlo),,public,50.741440,5.182190
Fly Coffee & Lunchbar F-84F -- Balen,Balen,Antwerp,Belgium,2490,Europe,17 Esk. Licht Vliegwezenlaan (Gerheide),,public,51.179170,5.213740
Foets Aircraft Display -- Tessenderlo,Tessenderlo,Limburg,Belgium,3980,Europe,Schoot / Akkereind,,public,51.066500,5.051000
Sanicole Aeroclub Aircraft Display,Hechtel-Eksel,Limburg,Belgium,3940,Europe,Kamperbaan,,public,51.120080,5.296150
MiG-21 and Fouga Display -- Helchteren,Houthalen-Helchteren,Limburg,Belgium,3530,Europe,Loerstraat (Helchteren),,public,51.056400,5.366600
Rond-point de l'Avion F-84F -- Vodecee,Philippeville,Namur,Belgium,5600,Europe,Rond-point de l'Avion (Vodecee),,public,50.207620,4.591760
Gloster Meteor Monument -- Dinant,Dinant,Namur,Belgium,5500,Europe,Chemin de la Citadelle (Wespin),,public,50.261290,4.914700
First Stop GT Pneus Aircraft -- Brugelette,Brugelette,Hainaut,Belgium,7940,Europe,Chaussee de Mons,,public,50.586140,3.844780
Pairi Daiza Hangar Hydravion,Brugelette,Hainaut,Belgium,7940,Europe,Domaine de Cambron (Cambron-Casteau),https://www.pairidaiza.eu/,public,50.584200,3.883510
Caravelle Alsace -- Jauche,Orp-Jauche,Walloon Brabant,Belgium,1350,Europe,RAVeL L147 (Jauche),,public,50.682350,4.954380
Kokorico Aircraft -- Beke,Lievegem,East Flanders,Belgium,9930,Europe,Grote Baan (Beke),,public,51.126730,3.607980
Gowalt Vliegtuig -- Kwatrecht,Wetteren,East Flanders,Belgium,9230,Europe,Kwatrechtsteenweg (Kwatrecht),,public,50.996160,3.849240
C-45 Skymaster Pub Aircraft -- Overboelare,Geraardsbergen,East Flanders,Belgium,9500,Europe,Veldekensdreef (Overboelare),,public,50.751530,3.861810
Aircraft Display -- Sint-Gillis-Waas,Sint-Gillis-Waas,East Flanders,Belgium,9170,Europe,Kluizenhof,,public,51.229380,4.101020
Aircraft Display -- Lokeren,Lokeren,East Flanders,Belgium,9180,Europe,Oostvaart / Zwarte Ruiter,,public,51.182970,3.975050
Fouga Magister MT30 -- Liers,Herstal,Liege,Belgium,4040,Europe,Route de Liers (Liers),,public,50.689900,5.576550
F-16 Display -- Milmort,Herstal,Liege,Belgium,4040,Europe,Route de Liers (Milmort),,public,50.688120,5.582440
Aircraft Display -- Koksijde-Dorp,Koksijde,West Flanders,Belgium,8670,Europe,Robert Vandammestraat,,public,51.103300,2.640800
Euro Space Center,Libin,Luxembourg (province),Belgium,6890,Europe,Devant les Hetres 1 (Transinne),https://www.eurospacecenter.be/,public,50.008130,5.218730
Luxembourg Aviation Museum (Fligermusee),Mondorf-les-Bains,Remich,Luxembourg,L-5601,Europe,Avenue des Bains (Domaine Thermal),https://www.fligermusee.lu/,public,49.501330,6.281190
MiG-21 Display -- Luxembourg City,Luxembourg,Luxembourg (canton),Luxembourg,,Europe,,,public,49.616950,6.140350
Grumman AA-5B Display -- Sandweiler,Sandweiler,Luxembourg (canton),Luxembourg,,Europe,,,public,49.624230,6.194750
China Aviation Museum -- Datangshan,Beijing,Beijing,China,102211,Asia,Xiaotangshan Town / Datangshan; Changping District (Shahe airbase site),https://www.zghkbwg.mil.cn,restricted,40.183167,116.356750
Beijing Air and Space Museum -- Beihang University,Beijing,Beijing,China,100191,Asia,37 Xueyuan Road; Haidian District; Beihang (BUAA) Xueyuan Road campus,http://airandspacemuseum.buaa.edu.cn,appointment,39.981400,116.345900
Civil Aviation Museum of China -- Beijing,Beijing,Beijing,China,100621,Asia,Minhang 200; Capital Airport service road; Chaoyang District,http://www.caacmuseum.cn/,public,40.048000,116.573000
Military Museum of the Chinese People's Revolution -- Beijing,Beijing,Beijing,China,100038,Asia,9 Fuxing Road; Yangfangdian Subdistrict; Haidian District,http://www.jb.mil.cn/,public,39.907670,116.317720
China Aviation Industry History Museum -- Miyun,Beijing,Beijing,China,101512,Asia,Courtyard 128; South Line of Miyun Reservoir; Xiwengzhuang Town; Miyun District,,public,40.463889,116.900000
China Space Museum -- Fengtai,Beijing,Beijing,China,100076,Asia,1 Nandahongmen Road; Fengtai District,http://www.casc-spacemuseum.com/,public,39.799000,116.408700
Shenfei Aviation Expo Park -- Shenyang,Shenyang,Liaoning,China,110034,Asia,1 Lingbei Street; Huanggu District; inside the Shenyang Aircraft Corporation compound,,public,41.863330,123.433610
Memorial Hall of the War to Resist US Aggression and Aid Korea -- Dandong,Dandong,Liaoning,China,118002,Asia,7 Shanshang Street; Zhenxing District; Yinghua Shan,http://www.kmycjng.com/,public,40.128000,124.379000
Northeast Aviation History Memorial Hall -- Faku,Shenyang,Liaoning,China,110400,Asia,Caihu Airport; Faku County,,public,42.500000,123.360000
Nanjing Aviation and Space Museum -- NUAA Ming Palace Campus,Nanjing,Jiangsu,China,210016,Asia,29 Yudao Street; Qinhuai District; Nanjing University of Aeronautics and Astronautics Ming Palace campus,http://njhkhtg.nuaa.edu.cn/,appointment,32.033000,118.804000
NUAA Jiangjunlu Campus Aircraft Display -- Nanjing,Nanjing,Jiangsu,China,211106,Asia,29 Jiangjun Avenue; Jiangning District; NUAA General Road (Jiangjunlu) campus,https://www.nuaa.edu.cn/,appointment,31.938000,118.787400
Shanghai Aerospace Popular Science Centre -- Minhang,Shanghai,Shanghai,China,201100,Asia,7900 Humin Road; Minhang District,http://www.shapc.org,public,31.113000,121.383000
Lichao Aviation Museum -- Chengdu,Chengdu,Sichuan,China,610093,Asia,W3 commercial block; New Century Global Centre; 1700 Tianfu Avenue North Section; Wuhou District,http://www.lcam.org.cn/,public,30.573000,104.063000
PLAAF Xinjiang Aviation Detachment Memorial Hall -- Urumqi,Urumqi,Xinjiang,China,830000,Asia,Xingfu Road; Tianshan District,,public,43.782580,87.644230
Hong Kong Science Museum -- Tsim Sha Tsui East,Hong Kong,Hong Kong,China,,Asia,2 Science Museum Road; Tsim Sha Tsui East; Kowloon,https://hk.science.museum/,public,22.301400,114.177400
Kai Tak Runway Park Jetstream 41 -- Hong Kong,Hong Kong,Hong Kong,China,,Asia,Kai Tak Runway Park; Kowloon City District,,public,22.305338,114.215873
"Seac Pai Van Park Mooney ""Sagres"" -- Coloane",Macau,Macau,China,,Asia,Estrada de Seac Pai Van; Seac Pai Van Park; Coloane,,public,22.126059,113.556933
Xinxing Zhongshan Park J-5 -- Yunfu,Xinxing County,Guangdong,China,527400,Asia,Zhongshan Park; Xincheng Town; Xinxing County,,public,22.702330,112.223930
Jinhua Sipailou J-5A Monument,Jinhua,Zhejiang,China,321004,Asia,Sipailou; Chengzhong Subdistrict; Wucheng District,,public,29.100808,119.653185
Shangyu Xinhe Road J-6 Monument -- Shaoxing,Shaoxing,Zhejiang,China,312300,Asia,Xinhe Road; Baiguan Subdistrict; Shangyu District,,public,30.017055,120.880678
Gushi Liaocheng Avenue J-6 -- Xinyang,Gushi County,Henan,China,465299,Asia,Liaocheng Avenue; Xiushui Subdistrict; Gushi County,,public,32.177510,115.650349
Bengbu Yan'an Road J-6,Bengbu,Anhui,China,233000,Asia,Yan'an Road; Shengli Subdistrict; Bengshan District,,public,32.935041,117.364611
Fangchenggang Jinhaiwan J-6,Fangchenggang,Guangxi,China,538000,Asia,Jinhaiwan community; Shatanjiang Subdistrict; Gangkou District,,public,21.685932,108.353773
Hengyang Yangliu Road J-6,Hengyang,Hunan,China,421001,Asia,Yangliu Road; Huaxing Subdistrict; Zhengxiang District,,public,26.887937,112.541919
Jiangmen Baisha J-5,Jiangmen,Guangdong,China,529030,Asia,Baisha Subdistrict; Pengjiang District,,public,22.599213,113.080653
Shuangcheng Baoxu Avenue J-7 -- Harbin,Harbin,Heilongjiang,China,150100,Asia,Baoxu Avenue; Yongzhi Subdistrict; Shuangcheng District,,public,45.386500,126.341210
Tangshan Guye J-5,Tangshan,Hebei,China,063100,Asia,Guzhen Road; Xingsheng No.2 community; Jinghua Subdistrict; Guye District,,public,39.737750,118.427670
Hailar Kaoshan J-5 -- Hulunbuir,Hulunbuir,Inner Mongolia,China,021000,Asia,Kaoshan Subdistrict; Hailar District,,public,49.247380,119.712110
Mangshi Xianchi Road MiG-15 -- Dehong,Mangshi,Yunnan,China,678400,Asia,Xianchi Road; MengHuan Subdistrict; Mangshi; Dehong Dai and Jingpo Autonomous Prefecture,,public,24.428750,98.585780
Baoshan Yuquan Road MiG-15,Baoshan,Yunnan,China,678000,Asia,Yuquan Road; Yongchang Subdistrict; Longyang District,,public,25.122350,99.153040
Chengdu Chengbei J-5 Trainer,Chengdu,Sichuan,China,610051,Asia,Zhongyang Avenue; Tiaodenghe Subdistrict; Chenghua District,,public,30.671380,104.121880
Enping Dongcheng Aircraft Display -- Jiangmen,Enping,Guangdong,China,529400,Asia,Nandi East Road; Dongcheng Town; Enping,,public,22.186230,112.329490
Letecké muzeum Kbely,Praha,Hlavní město Praha,Czechia,197 00,Europe,Mladoboleslavská ulice; Praha 9 – Kbely,https://www.vhu.cz/muzea/zakladni-informace-o-lm-kbely/,public,50.12709,14.53632
Letecké muzeum v Kunovicích,Kunovice,Zlínský kraj,Czechia,686 04,Europe,Letecká 1383,https://www.muzeum-kunovice.cz/,public,49.03470,17.45820
Muzeum letecké a pozemní techniky Vyškov,Pustiměř,Jihomoravský kraj,Czechia,683 21,Europe,bývalý vojenský areál Pustiměř (severovýchodně od Vyškova),https://lhs-vyskov.cz/,public,49.30247,17.02354
Air Park Zruč u Plzně,Zruč-Senec,Plzeňský kraj,Czechia,330 08,Europe,Třemošenská,http://airpark.wz.cz/,public,49.80871,13.41519
Technické muzeum v Brně,Brno,Jihomoravský kraj,Czechia,612 00,Europe,Purkyňova 2950/105; Brno-Královo Pole,https://www.technicalmuseum.cz/,public,49.22851,16.58081
Národní technické muzeum -- Praha,Praha,Hlavní město Praha,Czechia,170 78,Europe,Kostelní 42; Praha 7 – Letná,https://www.ntm.cz/,public,50.09750,14.42350
Letecké muzeum Metoděje Vlacha -- Mladá Boleslav,Mladá Boleslav,Středočeský kraj,Czechia,293 01,Europe,Chrást; severní okraj letiště Mladá Boleslav,http://www.letecke-muzeum-metodeje-vlacha.cz/,public,50.40800,14.89900
Posádkové muzeum Čáslav a výstavní technika 21. zTL,Chotusice,Středočeský kraj,Czechia,285 76,Europe,21. základna taktického letectva Čáslav,https://afbcaslav.mo.gov.cz/,restricted,49.95120,15.38350
Mi-24V Gate Guard -- Náměšť nad Oslavou,Sedlec,Kraj Vysočina,Czechia,675 71,Europe,22. základna vrtulníkového letectva Náměšť nad Oslavou,,restricted,49.17326,16.11976
MiG-21PFM Roundabout Monument -- Stará Boleslav,Brandýs nad Labem-Stará Boleslav,Středočeský kraj,Czechia,250 02,Europe,kruhový objezd před Jaselskými kasárnami,https://www.drobnepamatky.cz/node/34377,public,50.20505,14.69023
MiG-15bis Monument -- Hradec Králové-Rusek,Hradec Králové,Královéhradecký kraj,Czechia,503 41,Europe,U Letiště; Rusek,,public,50.24502,15.84444
MiG-21F-13 Monument -- Urbanice,Urbanice,Královéhradecký kraj,Czechia,503 27,Europe,Roudnice 611,,public,50.17499,15.66936
MiG-23 Monument -- České Budějovice,České Budějovice,Jihočeský kraj,Czechia,370 59,Europe,Trocnovská; Husova kolonie,,public,48.98505,14.49134
MiG-21U Monument -- Ostrava-Vítkovice,Ostrava,Moravskoslezský kraj,Czechia,706 02,Europe,Místecká; Vítkovice,,public,49.81829,18.27632
MiG-15 Monument -- Příbor,Příbor,Moravskoslezský kraj,Czechia,742 58,Europe,Frenštátská / Dukelská,,public,49.63883,18.14008
MiG-21 Monument -- Modlany,Modlany,Ústecký kraj,Czechia,417 62,Europe,Pod Žichlicemi (bývalé Žichlice),,public,50.62902,13.92151
Il-18 Café -- Bakov nad Jizerou,Bakov nad Jizerou,Středočeský kraj,Czechia,294 01,Europe,u dálnice D10; Chudoplesy,,public,50.46549,14.94221
Tupolev Tu-104A OK-LDC -- Petrovice,Petrovice,Ústecký kraj,Czechia,403 37,Europe,Petrovice 248 (u silnice na Bahratal),,public,50.80752,13.98045
Pomník letadla Ae-45 -- Raná,Raná,Ústecký kraj,Czechia,439 24,Europe,Raná u Loun,https://www.drobnepamatky.cz/node/22337,public,50.41130,13.78108
An-2 Memorial -- Praha-Točná,Praha,Hlavní město Praha,Czechia,143 00,Europe,Točná; Praha 12,,public,49.98401,14.43401
MiG-21 Display -- Praha-Malešice,Praha,Hlavní město Praha,Czechia,108 00,Europe,Polygrafická; Malešice; Praha 10,,public,50.07986,14.52788
L-39 Albatros Display -- Praha-Kbely,Praha,Hlavní město Praha,Czechia,197 00,Europe,Kbely,,public,50.13219,14.51752
Let L-200 Morava Display -- Bořetice,Bořetice,Jihomoravský kraj,Czechia,691 08,Europe,Bořetice 421,,public,48.90955,16.84850
An-2 Display -- Vlkov,Vlkov,Jihočeský kraj,Czechia,391 81,Europe,Vlkov; okres Tábor,,public,49.14930,14.72025
Pomník Z-37 Čmelák -- Jindřichův Hradec,Jindřichův Hradec,Jihočeský kraj,Czechia,377 04,Europe,Jiráskovo předměstí,,public,49.13373,15.01133
Z-37 Čmelák Display -- Lípa nad Orlicí,Lípa nad Orlicí,Královéhradecký kraj,Czechia,517 21,Europe,Dlouhá Louka,,public,50.13148,16.10807
Avia 14 Display -- Bubovice,Bubovice,Středočeský kraj,Czechia,267 12,Europe,Bubovice; okres Beroun,,public,49.97234,14.17563
Aircraft Memorial -- Bobnice,Bobnice,Středočeský kraj,Czechia,289 31,Europe,Kovansko,,public,50.20473,15.06979
Let L-610 Display -- Staré Město,Staré Město,Zlínský kraj,Czechia,686 03,Europe,Brněnská,,public,49.07328,17.42200
Aircraft Display -- Bor u Tachova,Bor,Plzeňský kraj,Czechia,348 02,Europe,Vysočany; průmyslová zóna IZB,,public,49.69818,12.73430
Aircraft Display -- Sudice,Sudice,Moravskoslezský kraj,Czechia,747 25,Europe,Stiborská,,public,50.03098,18.06824
Pomník stíhacího letounu MiG-19S -- Horní Němčí,Horní Němčí,Zlínský kraj,Czechia,687 64,Europe,Horní Němčí,,public,48.93535,17.62259
Múzeum letectva Košice,Košice,Košický kraj,Slovakia,041 75,Europe,Letisko Košice; Watsonova (areál pri letisku),https://stm-ke.sk/sk/pobocky/muzeum-letectva-v-kosiciach/zakladne-informacie,public,48.66829,21.23562
Letecké múzeum Slavnica,Slavnica,Trenčiansky kraj,Slovakia,018 54,Europe,Letisko Slavnica č. 8,https://akdubnica.sk/letecke-muzeum/,public,48.99803,18.19008
Vojenské historické múzeum Piešťany,Piešťany,Trnavský kraj,Slovakia,921 01,Europe,Žilinská cesta 6545,https://www.vhu.sk/muzejne-oddelenie-piestany/,public,48.61600,17.82900
Vojenské historické múzeum Svidník -- expozícia Vyšný Komárnik,Vyšný Komárnik,Prešovský kraj,Slovakia,090 05,Europe,Vyšný Komárnik 21; Údolie smrti / Dukliansky priesmyk,https://www.vhu.sk/,public,49.40041,21.70014
Múzeum SNP Banská Bystrica -- Lisunov Li-2,Banská Bystrica,Banskobystrický kraj,Slovakia,975 90,Europe,Kapitulská 23; skanzen ťažkej bojovej techniky v parku Múzea SNP,https://www.muzeumsnp.sk/expozicie/lietadlo-li-2/,public,48.73460,19.14846
Letisko M. R. Štefánika Bratislava -- Caproni Ca.33 replica,Bratislava,Bratislavský kraj,Slovakia,823 11,Europe,Letisko M. R. Štefánika; terminál (level 2 lounge),,restricted,48.16914,17.19874
Trenčín-Biskupice Airfield Aircraft Display,Trenčín,Trenčiansky kraj,Slovakia,911 04,Europe,Noviny 61a; Biskupice; letisko Trenčín,,public,48.87642,18.01532
Letecká expozícia Nitra-Janíkovce,Nitra,Nitriansky kraj,Slovakia,949 07,Europe,Dlhá; Veľké Janíkovce; letisko Nitra,https://aeroslovakia.sk/,public,48.28080,18.13520
Letecká základňa Prešov Aircraft Display,Prešov,Prešovský kraj,Slovakia,080 06,Europe,Vranovská 68; Nižná Šebastová,,restricted,49.02481,21.28888
Záhorie Military District Aircraft Display -- Kuchyňa,Malacky,Bratislavský kraj,Slovakia,900 52,Europe,Záhorie (vojenský obvod); Zelnica,,restricted,48.39700,17.12570
Akadémia Policajného zboru Mi-2 -- Bratislava,Bratislava,Bratislavský kraj,Slovakia,835 17,Europe,Sklabinská 1; Akadémia Policajného zboru,,restricted,48.20170,17.17024
Reštaurácia Lietadlo -- Medzianky,Medzianky,Prešovský kraj,Slovakia,094 31,Europe,Medzianky 18,https://restauracia-lietadlo.sk/,public,49.03545,21.46167
MiG-15 Monument -- Kosorín,Kosorín,Banskobystrický kraj,Slovakia,966 24,Europe,Kosorín; okres Žiar nad Hronom,,public,48.65056,18.80864
MiG-15 Monument -- Kolárovo,Kolárovo,Nitriansky kraj,Slovakia,946 03,Europe,Sládkovičova,,public,47.92692,17.97988
Mil Mi-2 Display -- Čierny Balog,Čierny Balog,Banskobystrický kraj,Slovakia,976 52,Europe,Čierny Balog 529,,public,48.72913,19.63375
Private Aircraft Collection -- Orechová Potôň,Orechová Potôň,Trnavský kraj,Slovakia,930 16,Europe,Orechová Potôň 1435,,appointment,48.05959,17.57427
Aircraft Display -- Stará Ľubovňa,Stará Ľubovňa,Prešovský kraj,Slovakia,064 01,Europe,Zámocká; Podsadek,,public,49.31606,20.69739
Aircraft Display -- Košice Prešovská cesta,Košice,Košický kraj,Slovakia,040 22,Europe,Prešovská cesta; Košice-Dargovských hrdinov,,public,48.73290,21.27275
Monumento all'Aviatore MB-326 -- Catania,Catania,Sicilia,Italy,95121,Europe,Contrada Zia Lisa / San Giuseppe la Rena,,public,37.474233,15.075162
Catania-Fontanarossa Airport Aircraft Displays,Catania,Sicilia,Italy,95121,Europe,Aeroporto di Catania-Fontanarossa,,public,37.473880,15.066042
Trapani-Birgi Air Base Gate Guardians,Trapani,Sicilia,Italy,91020,Europe,Aeroporto Militare di Trapani-Birgi (37 Stormo),,restricted,37.916000,12.504600
Roadside Douglas DC-9 -- San Cataldo Scalo,Caltanissetta,Sicilia,Italy,93100,Europe,SS640 / San Cataldo Scalo,,public,37.464960,13.994658
Elicottero AB-212 ASW -- Augusta,Augusta,Sicilia,Italy,96011,Europe,Viale Andrea Fazio,,public,37.233667,15.220091
Monumento all'Aviatore -- Lequile,Lequile,Puglia,Italy,73010,Europe,Rotatoria Centenario dell'Aeronautica Militare / SP Lecce-Galatina,,public,40.244422,18.164724
Monumento Militare MB-326 -- Gioia del Colle,Gioia del Colle,Puglia,Italy,70023,Europe,Via San Pio da Pietrelcina,,public,40.792409,16.924954
Gioia del Colle Air Base Aircraft Displays,Gioia del Colle,Puglia,Italy,70023,Europe,Aeroporto Militare di Gioia del Colle (36 Stormo),,restricted,40.781100,16.929600
Aereo da Ricognizione T-33A -- Barletta,Barletta,Puglia,Italy,76121,Europe,Rotatoria Via Foggia / Via Regina Margherita,,public,41.319709,16.261331
Scuola Volontari Truppa Aeronautica Militare -- Taranto,Taranto,Puglia,Italy,74121,Europe,Via Tarantola,,restricted,40.469500,17.277300
Aereo Monumento MB-326 -- Martina Franca,Martina Franca,Puglia,Italy,74015,Europe,Via Alberobello / Via Mottola,,public,40.704215,17.329996
Accademia Aeronautica Pozzuoli Aircraft Displays,Pozzuoli,Campania,Italy,80078,Europe,Accademia Aeronautica / Via San Gennaro Agnano,https://www.aeronautica.difesa.it/,restricted,40.821700,14.141000
Scuola Sottufficiali Aeronautica Militare -- Caserta,Caserta,Campania,Italy,81100,Europe,Viale Giulio Douhet / Reggia di Caserta,,restricted,41.072800,14.323300
Ditellandia Aqua Park Aircraft Collection,Castel Volturno,Campania,Italy,81030,Europe,Parco giochi Ditellandia / Via Domiziana,,public,,
Aereo Monumento F-104 -- Grazzanise,Grazzanise,Campania,Italy,81046,Europe,Piazza dei Caduti di Nassiriya,,public,,
Aereo Monumento F-104 -- Cancello ed Arnone,Cancello ed Arnone,Campania,Italy,81030,Europe,Piazza Cavalieri di Vittorio Veneto,,public,,
Parco Comunale F-104 -- Pietrelcina,Pietrelcina,Campania,Italy,82020,Europe,Parco comunale,,public,,
Aeroporto di Roma-Centocelle Aircraft Displays,Roma,Lazio,Italy,00175,Europe,Via di Centocelle / Aeroporto Francesco Baracca,,restricted,41.867200,12.557200
Monumento Aereo della Rotonda -- Guidonia Montecelio,Guidonia Montecelio,Lazio,Italy,00012,Europe,Rotonda SP28b presso uscita A1 / Colle Fiorito,,public,41.970338,12.688929
Fiat G.91Y Monument -- Fiumicino,Fiumicino,Lazio,Italy,00119,Europe,Via Portuense,,public,41.800176,12.306423
Vickers Viscount -- Roma Municipio VIII,Roma,Lazio,Italy,00147,Europe,Via Francesco Morandini,,public,41.828702,12.498027
31 Stormo Ciampino Aircraft Displays,Roma,Lazio,Italy,00043,Europe,31 Stormo / Viale Francesco Baracca / Ciampino,,restricted,41.798700,12.589200
Scuola di Fanteria Cesano UH-1,Roma,Lazio,Italy,00123,Europe,Scuola di Fanteria dell'Esercito Italiano / Via Federico Bocchetti / Cesano,,restricted,42.074061,12.325754
Monumento ai Caduti G.91T -- Tarquinia,Tarquinia,Lazio,Italy,01016,Europe,Via Ugo La Malfa,,public,42.246098,11.750936
Scuola Marescialli Aeronautica Militare -- Viterbo,Viterbo,Lazio,Italy,01100,Europe,Scuola Marescialli A.M. / Strada Tuscanese,,restricted,42.431000,12.069400
Caserma Chelotti Army Aviation Displays -- Viterbo,Viterbo,Lazio,Italy,01100,Europe,Caserma Chelotti / Aviazione dell'Esercito,,restricted,,
Monumento F-104 -- Velletri,Velletri,Lazio,Italy,00049,Europe,Quartiere Zona 167,,public,,
Monumento MB-326K -- Zagarolo,Zagarolo,Lazio,Italy,00039,Europe,,,public,,
Caravelle I-DABU -- Veroli,Veroli,Lazio,Italy,03029,Europe,SP278 Via Maria tronco 1 / presso Mobili Rufa,,public,41.667983,13.436757
Istituto Tecnico Industriale Galileo Galilei Aircraft -- Roma,Roma,Lazio,Italy,00181,Europe,"I.T.I. ""Galileo Galilei""",,appointment,,
Monumento MB-326 ai Caduti -- Cecina,Cecina,Toscana,Italy,57023,Europe,Via Gilching / Marina di Cecina,,public,43.304439,10.503446
Istituto Tecnico Industriale Pisa Aircraft,Pisa,Toscana,Italy,56123,Europe,Via Contessa Matilde 72-76,,appointment,43.725050,10.393650
46 Brigata Aerea Pisa Memorial Aircraft,Pisa,Toscana,Italy,56122,Europe,Via Asmara / Aeroporto militare di Pisa-San Giusto,,restricted,43.694200,10.395200
Grosseto Air Base Aircraft Displays,Grosseto,Toscana,Italy,58100,Europe,Aeroporto Militare di Grosseto (4 Stormo),,restricted,42.763689,11.068868
Poggio Ballone Radar Station F-104,Castiglione della Pescaia,Toscana,Italy,58043,Europe,121 Squadriglia Radar Remota / Poggio Ballone,,restricted,42.830900,10.881005
Monumento PD-808 -- Lucca,Lucca,Toscana,Italy,55100,Europe,Viale Europa / San Concordio,,public,43.831626,10.493718
Istituto di Scienze Militari Aeronautiche -- Firenze,Firenze,Toscana,Italy,50133,Europe,Istituto di Scienze Militari Aeronautiche,,restricted,,
Monumento MB-339PAN -- Loreto,Loreto,Marche,Italy,60025,Europe,Via Sisto V / Belvedere,,public,43.440332,13.606198
Scuola di Perfezionamento Sottufficiali AM -- Loreto,Loreto,Marche,Italy,60025,Europe,Scuola di Perfezionamento Sottufficiali AM,,restricted,,
Negozio Gigole F-104 Rooftop -- Chiaravalle,Chiaravalle,Marche,Italy,60033,Europe,,,public,,
Aereo della Guardia Costiera -- Pescara,Pescara,Abruzzo,Italy,65131,Europe,Largo Guardia Costiera / Villa del Fuoco,,restricted,42.439047,14.195792
Caravelle I-GISE -- Sant'Egidio alla Vibrata,Sant'Egidio alla Vibrata,Abruzzo,Italy,64016,Europe,Via Metella / Villa Mattoni,,public,42.817604,13.700060
DC-3 I-TAVI -- Balsorano,Balsorano,Abruzzo,Italy,67052,Europe,Via Valfrancesca / Collepiano,,public,41.760712,13.563660
Monumento Ai Caduti dell'Aria MB-326 -- Colledara,Colledara,Abruzzo,Italy,64042,Europe,,,public,,
Monumento Piaggio P.166 -- Pescina,Pescina,Abruzzo,Italy,67057,Europe,,,public,,
Istituto Tecnico Ciuffelli AB-47 -- Todi,Todi,Umbria,Italy,06059,Europe,"Istituto Tecnico ""A. Ciuffelli""",,appointment,,
OMA SpA Gate F-104 -- Foligno,Foligno,Umbria,Italy,06034,Europe,OMA S.p.A.,,restricted,,
Monumento Aereo F-104 -- Santa Sofia,Santa Sofia,Emilia-Romagna,Italy,47018,Europe,Monumento ai caduti,,public,,
Giardino Pubblico MB-339A -- Civitella di Romagna,Civitella di Romagna,Emilia-Romagna,Italy,47012,Europe,Giardino pubblico,,public,,
Monumento ai Caduti dell'Aeronautica G.91PAN -- Cesena,Cesena,Emilia-Romagna,Italy,47521,Europe,,,public,,
Largo dei Caduti dell'Aviazione MB-326 -- Russi,Russi,Emilia-Romagna,Italy,48026,Europe,Largo dei Caduti dell'Aviazione,,public,,
Monumento Aereo F-104 -- Gaggio Montano,Gaggio Montano,Emilia-Romagna,Italy,40041,Europe,presso Silla,,public,,
Fiat G.91 Monument -- Medicina,Medicina,Emilia-Romagna,Italy,40059,Europe,Via Licurgo Fava 179 / Ganzanigo,,public,44.480119,11.634233
Largo degli Aviatori MB-326 -- Fidenza,Fidenza,Emilia-Romagna,Italy,43036,Europe,Largo degli Aviatori / Via Fratelli Cairoli,https://www.assoaeronauticafidenza.it/,public,44.860451,10.073600
F-104 Monument -- Misano Adriatico,Misano Adriatico,Emilia-Romagna,Italy,47843,Europe,Via Adriatica 58 / Ca Bianchini,,public,43.975999,12.691140
Cervia Air Base Aircraft Displays,Cervia,Emilia-Romagna,Italy,48015,Europe,Aeroporto Militare di Cervia,,restricted,,
Politecnico di Milano Bovisa MB-326,Milano,Lombardia,Italy,20156,Europe,Campus Bovisa Sud / Via La Masa 34,https://www.polimi.it/,public,45.502224,9.154941
Istituto Tecnico Industriale J. Maxwell Aircraft -- Milano,Milano,Lombardia,Italy,20132,Europe,Via Don Giovanni Calabria 2,,appointment,45.497642,9.239835
Monumento T-6 Texan -- Segrate,Segrate,Lombardia,Italy,20090,Europe,Cascina Ovi / Lavanderie,,public,45.489174,9.262383
Monumento G.222 -- Bovisio Masciago,Bovisio Masciago,Lombardia,Italy,20813,Europe,Via Bertacciola / Masciago Milanese,,public,45.609268,9.168550
Parco Maggiore Angelo Gays Aircraft -- Cesano Maderno,Cesano Maderno,Lombardia,Italy,20811,Europe,Via Cardinale Federico Borromeo / Binzago,,public,45.623161,9.143721
Rotonda Capolago MB-326 -- Buguggiate,Buguggiate,Lombardia,Italy,21020,Europe,Rotatoria degli Estensi / Porticciolo di Capolago,,public,45.792717,8.800239
Rotonda MB-326 -- Tradate,Tradate,Lombardia,Italy,21049,Europe,Largo Ingegner Ermanno Bazzocchi / Abbiate Guazzone,,public,45.704063,8.905284
Rotatoria G.91PAN -- Gallarate,Gallarate,Lombardia,Italy,21013,Europe,Largo Alcide De Gasperi / Madonna in Campagna,,public,45.650266,8.808162
Monumento MB-326 -- Vestone,Vestone,Lombardia,Italy,25078,Europe,Via Gargnà / Capparola,,public,45.719381,10.419396
Monumento G.91T Sede AAA -- Lumezzane,Lumezzane,Lombardia,Italy,25065,Europe,Via Monsuello / Villaggio Gnutti,,public,45.649380,10.248947
Monumento agli Aviatori T-33 -- Rezzato,Rezzato,Lombardia,Italy,25086,Europe,Via Fratelli Kennedy / Treponti,,public,45.510650,10.326559
Cacciabombardiere di Mottolino G.91 -- Livigno,Livigno,Lombardia,Italy,23041,Europe,Mottolino / Trepalle,,public,46.532245,10.161713
Agriturismo Oasi Aircraft Collection -- Cassano Magnago,Cassano Magnago,Lombardia,Italy,21012,Europe,"Azienda agricola ""Oasi"" / Via Ortigara 8",,appointment,,
F-84F Monument -- Marcaria,Marcaria,Lombardia,Italy,46010,Europe,Strada Publio Virgilio Marone / Casatico,,public,45.125650,10.541568
F-104 Monument -- Cogozzo di Viadana,Viadana,Lombardia,Italy,46019,Europe,Via Milano / Cogozzo,,public,44.936112,10.503893
F-104 Monument -- Cella di Varzi,Varzi,Lombardia,Italy,27057,Europe,SP91 / Braia di Cella / Cella di Varzi,,public,44.774898,9.183038
Istituto Tecnico Antonio Locatelli G.91Y -- Bergamo,Bergamo,Lombardia,Italy,24124,Europe,"Istituto Tecnico ""Antonio Locatelli""",,appointment,,
DC-3 I-LICE -- Seriate,Seriate,Lombardia,Italy,24068,Europe,Via Basse / Paderno,,public,45.671509,9.734394
Monumento ai Caduti dell'Aria -- Caraglio,Caraglio,Piemonte,Italy,12023,Europe,Via Milano / Roata Rossa,,public,44.413637,7.424892
F-104 Monument -- Rocca de' Baldi,Rocca de' Baldi,Piemonte,Italy,12047,Europe,Via Valle Macra / Crava,,public,44.427260,7.730192
Monumento G.91T -- Monale,Monale,Piemonte,Italy,14013,Europe,Via Circonvallazione / Salesina,,public,44.938452,8.073094
Monumento G.91 -- Mombarcaro,Mombarcaro,Piemonte,Italy,12070,Europe,,,public,,
Monumento agli Aviatori MB-326 -- Costigliole d'Asti,Costigliole d'Asti,Piemonte,Italy,14055,Europe,frazione Loreto,,public,,
Istituto Tecnico Industriale Carlo Grassi Aircraft -- Torino,Torino,Piemonte,Italy,10126,Europe,"I.T.I. ""Carlo Grassi""",,appointment,,
Monumento al Pilota Collaudatore Manlio Quarantelli -- Collegno,Collegno,Piemonte,Italy,10093,Europe,Largo Manlio Quarantelli / Borgata Paradiso,,public,45.082356,7.610993
Rotonda Livio Ceccotti G.91PAN -- Caselle Torinese,Caselle Torinese,Piemonte,Italy,10072,Europe,Rotonda Livio Ceccotti,,public,45.171478,7.650898
Torino-Caselle Airport Aircraft Displays,Caselle Torinese,Piemonte,Italy,10072,Europe,Aeroporto di Torino-Caselle,,public,45.186400,7.645100
Leonardo Caselle Plant F-104 Gate Guard,Caselle Torinese,Piemonte,Italy,10072,Europe,Leonardo Aircraft / Via Lavoresco,,restricted,45.187758,7.652569
Giardini dell'Aereo G.91PAN -- Trino,Trino,Piemonte,Italy,13039,Europe,Via Giuseppe Saragat,,public,45.199194,8.302017
Monumento Avieri -- Livorno Ferraris,Livorno Ferraris,Piemonte,Italy,13046,Europe,Via Generale Carlo Alberto Dalla Chiesa,,public,45.276534,8.081206
Monumento MB-326 -- Vercelli,Vercelli,Piemonte,Italy,13100,Europe,Via Leonida Robbiano / Billiemme,,public,45.311750,8.423040
Istituto Tecnico Industriale Giacomo Fauser MB-326 -- Novara,Novara,Piemonte,Italy,28100,Europe,"I.T.I. ""Giacomo Fauser""",,appointment,,
Cameri Air Base Gate Guardians,Cameri,Piemonte,Italy,28062,Europe,Aeroporto Militare di Cameri / Via Cameri Bellinzago Novarese,,restricted,45.531143,8.654148
Piazza Colonnello Franceschetti F-104 -- Istrana,Istrana,Veneto,Italy,31036,Europe,Piazza Col. Franceschetti / Via Gentile,,public,45.678853,12.103457
Istrana Air Base Aircraft Displays,Istrana,Veneto,Italy,31036,Europe,Aeroporto Militare di Istrana (51 Stormo),,restricted,,
Villafranca Air Base Aircraft Displays,Villafranca di Verona,Veneto,Italy,37062,Europe,Aeroporto Militare di Villafranca,,restricted,45.384800,10.878600
F-104 Monument -- Villafranca di Verona,Villafranca di Verona,Veneto,Italy,37069,Europe,Via San Giovanni di Paglia / Sant'Eurosia,,public,45.354482,10.851700
Cubi srl F-104 -- Dossobuono,Villafranca di Verona,Veneto,Italy,37062,Europe,Via Alessandro Volta / Dossobuono,,restricted,45.387751,10.905443
Ferrari Club F-104 -- Erbe,Erbè,Veneto,Italy,37060,Europe,presso Ferrari Club,,public,,
Monumento Aereo -- Bovolone,Bovolone,Veneto,Italy,37051,Europe,ex Caserma 72 Gruppo,,public,,
Birreria Pedavena F-104 -- Castello di Godego,Castello di Godego,Veneto,Italy,31030,Europe,presso Birreria Pedavena,,public,,
Jesolo AMX Gate Guardian,Jesolo,Veneto,Italy,30016,Europe,Rotatoria di Piazza Venezia / Via Roma Destra,,public,45.507612,12.634575
RF-84F Monument -- Lido di Jesolo,Jesolo,Veneto,Italy,30016,Europe,Via Roma Destra 90 / Lido di Jesolo,,public,45.505539,12.627111
Via Roma Destra Aircraft Collection -- Jesolo,Jesolo,Veneto,Italy,30016,Europe,Via Roma Destra 131,,public,45.526600,12.641000
Caravelle I-DABT -- Rosà,Rosà,Veneto,Italy,36027,Europe,Via Cavalieri di Vittorio Veneto / Cusinati,,public,45.698911,11.769889
Istituto Tecnico Industriale G. Natta MB-326 -- Padova,Padova,Veneto,Italy,35136,Europe,"I.T.I.S. ""G. Natta""",,appointment,,
Parco Vela G.91PAN -- Pieve di Soligo,Pieve di Soligo,Veneto,Italy,31053,Europe,Parco Vela,,public,,
Gardaland G.91 -- Castelnuovo del Garda,Castelnuovo del Garda,Veneto,Italy,37014,Europe,Parco divertimenti Gardaland,https://www.gardaland.it/,public,,
Piazza Pasqualino Gorga F-104 -- Lignano Sabbiadoro,Lignano Sabbiadoro,Friuli-Venezia Giulia,Italy,33054,Europe,Piazza Pasqualino Gorga / Lignano Pineta,,public,45.674400,13.105092
Aviano Air Base Gate Guardians,Aviano,Friuli-Venezia Giulia,Italy,33081,Europe,Strada Provinciale di Aviano / Aviano Air Base,,restricted,46.039000,12.611000
Parco del Volo -- Campoformido,Campoformido,Friuli-Venezia Giulia,Italy,33030,Europe,Parco del Volo,,public,,
Monumento G.91PAN -- Codroipo,Codroipo,Friuli-Venezia Giulia,Italy,33033,Europe,,,public,,
Monumento all'Aviatore G.91PAN -- Tarvisio,Tarvisio,Friuli-Venezia Giulia,Italy,33018,Europe,,,public,,
F-104 Monument -- Tolmezzo,Tolmezzo,Friuli-Venezia Giulia,Italy,33028,Europe,Via Chiamue,,public,46.395919,13.020259
MD-82 I-DAWR -- San Pier d'Isonzo,San Pier d'Isonzo,Friuli-Venezia Giulia,Italy,34070,Europe,Via San Zanut / San Zanut,,public,45.829916,13.463182
Caravelle I-DABM Procione -- Fontanafredda,Fontanafredda,Friuli-Venezia Giulia,Italy,33074,Europe,Via Ceolini / Ceolini,,public,45.983228,12.604296
Casarsa della Delizia AB-206 Monument,Casarsa della Delizia,Friuli-Venezia Giulia,Italy,33072,Europe,SS13,,public,,
Rivolto Air Base Frecce Tricolori Displays,Codroipo,Friuli-Venezia Giulia,Italy,33033,Europe,Base Aerea di Rivolto (313 Gruppo Addestramento Acrobatico),,restricted,,
Monumento G.91 -- Selargius,Selargius,Sardegna,Italy,09047,Europe,ingresso del paese,,public,,
Monumento Aereo Decimomannu,Decimomannu,Sardegna,Italy,09033,Europe,Base Aerea di Decimomannu,,restricted,,
Poligono Salto di Quirra Aircraft Monuments -- Perdasdefogu,Perdasdefogu,Sardegna,Italy,08046,Europe,Poligono Sperimentale Interforze Salto di Quirra,,restricted,,
Ansaldo SVA.5 Replica -- Genova Airport,Genova,Liguria,Italy,16154,Europe,Aeroporto di Genova-Sestri / area Arrivi,,public,44.415253,8.851215
Museo Storico dell'Aeronautica Militare -- Vigna di Valle,Bracciano,Lazio,Italy,00062,Europe,Aeroporto Luigi Bourlot; Strada Circumlacuale snc; Loc. Vigna di Valle,https://www.aeronautica.difesa.it/home/storia-e-tradizione/museo-storico/,public,42.08524,12.21726
Volandia Parco e Museo del Volo,Somma Lombardo,Lombardia,Italy,21019,Europe,Via per Tornavento 15; Case Nuove di Somma Lombardo (Malpensa),https://volandia.it/,public,45.62778,8.71083
Museo dell'Aeronautica Gianni Caproni,Trento,Trentino-Alto Adige,Italy,38123,Europe,Via Lidorno 3 (Aeroporto Trento-Mattarello),https://www.museocaproni.it/,public,46.020474,11.12683
Parco Tematico e Museo dell'Aviazione G. Casolari -- Rimini,Rimini,Emilia-Romagna,Italy,47923,Europe,Via Santa Aquilina 58; Superstrada Rimini-San Marino km 8.5 (colle di Cerbaiola),https://www.museoaviazione.com/,public,43.994853,12.511183
Museo Piana delle Orme,Borgo Faiti (Latina),Lazio,Italy,04100,Europe,Strada Migliara 43.5; Borgo Faiti,https://pianadelleorme.it/,public,41.45083,12.98861
Museo dell'Aria e dello Spazio -- Castello di San Pelagio,Due Carrare,Veneto,Italy,35020,Europe,Via San Pelagio 34; Loc. San Pelagio,https://www.castellodisanpelagio.it/,public,45.28861,11.78389
Museo Francesco Baracca,Lugo,Emilia-Romagna,Italy,48022,Europe,Via Francesco Baracca 65,https://www.museobaracca.it/,public,44.42056,11.91111
Museo Storico dei Motori e dei Meccanismi -- Palermo,Palermo,Sicilia,Italy,90128,Europe,Viale delle Scienze Edificio 8 (Macchine); Universita degli Studi di Palermo,https://www.museomotori.unipa.it/,public,38.10556,13.34722
Museo Nazionale della Scienza e della Tecnologia Leonardo da Vinci -- Milano,Milano,Lombardia,Italy,20123,Europe,Via San Vittore 21,https://www.museoscienza.org/,public,45.46222,9.17056
Museo Internazionale delle Guerre Mondiali -- Rocchetta a Volturno,Rocchetta a Volturno,Molise,Italy,86070,Europe,Via Neri snc; Rocchetta Nuova,https://www.migm.it/,appointment,41.60833,14.07500
Sala Storica Frecce Tricolori -- Rivolto,Rivolto di Codroipo,Friuli-Venezia Giulia,Italy,33033,Europe,Aeroporto Militare Rivolto; 313 Gruppo Addestramento Acrobatico,https://www.aeronautica.difesa.it/en/home/noi-siamo-l-am/personale-e-mezzi/pattuglia-acrobatica-nazionale/,restricted,45.97833,13.04944
JASDF Chitose Air Base -- Gate Display,Chitose,Hokkaido,Japan,066-8510,Asia,"Heiwa-mubanchi, Chitose-shi, Hokkaido",https://www.mod.go.jp/asdf/chitose/,restricted,42.8128,141.6525
JASDF Yakumo Sub-Base,Yakumo,Hokkaido,Japan,049-3118,Asia,"34 Midori-machi, Yakumo-cho, Futami-gun, Hokkaido",,restricted,42.2465,140.2772
JASDF Ominato Sub-Base,Mutsu,Aomori,Japan,035-0093,Asia,"44 Ominato Okachikawa, Mutsu-shi, Aomori",,restricted,41.2528,141.1281
JASDF Misawa Air Base -- Gate and Headquarters Displays,Misawa,Aomori,Japan,033-8604,Asia,"125-7 Aza-Atokubo, Oaza-Misawa, Misawa-shi, Aomori",,restricted,40.6900,141.3649
JASDF Matsushima Air Base -- Gate Display,Higashi-Matsushima,Miyagi,Japan,981-0503,Asia,"85 Yamoto Itadori, Higashi-Matsushima-shi, Miyagi",,restricted,38.4125,141.2239
JASDF Hyakuri Air Base -- Yuhien Display Park,Omitama,Ibaraki,Japan,311-3494,Asia,"170 Hyakuri, Omitama-shi, Ibaraki",,appointment,36.1885,140.4259
JASDF Iruma Air Base -- Southern Perimeter Display,Sayama,Saitama,Japan,350-1324,Asia,"2-3 Inariyama, Sayama-shi, Saitama",,public,35.8390,139.3948
JASDF Kumagaya Air Base,Kumagaya,Saitama,Japan,360-8580,Asia,"839 Jurokken, Kumagaya-shi, Saitama",,restricted,36.1687,139.3113
JASDF Fuchu Air Base,Fuchu,Tokyo,Japan,183-8521,Asia,"1-5-5 Sengen-cho, Fuchu-shi, Tokyo",,public,35.6732,139.4970
JASDF Kisarazu Sub-Base -- 1st Depot Kisarazu Branch,Kisarazu,Chiba,Japan,292-0061,Asia,"1-4-1 Iwane, Kisarazu-shi, Chiba",,restricted,35.4103,139.9286
JASDF Shizuhama Air Base,Yaizu,Shizuoka,Japan,421-0201,Asia,"1602 Kamikosugi, Yaizu-shi, Shizuoka",,restricted,34.8146,138.2890
JASDF Hamamatsu Air Base -- Base Displays and Training Airframes,Hamamatsu,Shizuoka,Japan,432-8551,Asia,"Nishiyama-cho mubanchi, Nishi-ku, Hamamatsu-shi, Shizuoka",,restricted,34.7565,137.6941
JASDF Komaki Air Base,Komaki,Aichi,Japan,485-0025,Asia,"1-1 Kasugadera, Komaki-shi, Aichi",,restricted,35.2609,136.9266
JASDF Gifu Air Base,Kakamigahara,Gifu,Japan,504-8701,Asia,"Naka Kanyuchi mubanchi, Kakamigahara-shi, Gifu",,restricted,35.3928,136.8502
Kawasaki Heavy Industries Gifu Works -- Display Aircraft,Kakamigahara,Gifu,Japan,,Asia,"Kawasaki Heavy Industries Gifu Works, Kakamigahara-shi, Gifu (adjacent to Gifu Air Base)",,restricted,35.3928,136.8502
JASDF Komatsu Air Base,Komatsu,Ishikawa,Japan,923-8586,Asia,"267 Mukaimotoori-machi Bo, Komatsu-shi, Ishikawa",,restricted,36.3902,136.4170
JASDF Sado Sub-Base,Sado,Niigata,Japan,952-1208,Asia,"2-27 Kanai Shinbo Hei, Sado-shi, Niigata",,restricted,38.0757,138.3481
JASDF Nara Air Base,Nara,Nara,Japan,630-8522,Asia,"1578 Hokkeji-cho, Nara-shi, Nara",,restricted,34.6987,135.8067
JASDF Miho Air Base,Sakaiminato,Tottori,Japan,684-0053,Asia,"2258 Ozasazu-cho, Sakaiminato-shi, Tottori",,restricted,35.5020,133.2388
JASDF Hofu-Kita Air Base,Hofu,Yamaguchi,Japan,747-8567,Asia,"Tajima mubanchi, Hofu-shi, Yamaguchi",,restricted,34.0311,131.5412
JASDF Hofu-Minami Air Base,Hofu,Yamaguchi,Japan,747-8555,Asia,"Tajima mubanchi, Hofu-shi, Yamaguchi",,restricted,34.0217,131.5434
JASDF Ashiya Air Base,Ashiya,Fukuoka,Japan,807-0133,Asia,"1455-1 Oaza-Ashiya, Ashiya-machi, Onga-gun, Fukuoka",,restricted,33.8894,130.6637
JASDF Tsuiki Air Base,Chikujo,Fukuoka,Japan,829-0151,Asia,"Nishi-Hatta, Chikujo-machi, Chikujo-gun, Fukuoka",,restricted,33.6882,131.0419
JASDF Kasuga Air Base,Kasuga,Fukuoka,Japan,816-0804,Asia,"3-1-1 Haramachi, Kasuga-shi, Fukuoka",,restricted,33.5316,130.4660
JASDF Fukue-jima Sub-Base,Goto,Nagasaki,Japan,853-0607,Asia,"770-1 Dake, Miiraku-cho, Goto-shi, Nagasaki",,restricted,32.7598,128.6689
JASDF Nyutabaru Air Base,Shintomi,Miyazaki,Japan,889-1492,Asia,"1958 Nitta, Shintomi-cho, Koyu-gun, Miyazaki",,restricted,32.0879,131.4591
JASDF Naha Air Base,Naha,Okinawa,Japan,901-0194,Asia,"301 Toma, Naha-shi, Okinawa",,restricted,26.1974,127.6596
JMSDF Shimofusa Air Base,Kashiwa,Chiba,Japan,277-0931,Asia,"1641 Fujigaya, Kashiwa-shi, Chiba",,restricted,35.7900,140.0122
JMSDF Ozuki Air Base,Shimonoseki,Yamaguchi,Japan,750-1124,Asia,"3-2-1 Matsuya-honmachi, Shimonoseki-shi, Yamaguchi",,restricted,34.0483,131.0568
JMSDF Tokushima Air Base,Matsushige,Tokushima,Japan,771-0292,Asia,"38 Sumiyoshi-Kaitaku, Sumiyoshi, Matsushige-cho, Itano-gun, Tokushima",,restricted,34.1305,134.5990
JMSDF Komatsushima Air Base,Komatsushima,Tokushima,Japan,773-8601,Asia,"4-3 Suhana, Wadajima-cho, Komatsushima-shi, Tokushima",,restricted,34.0025,134.6314
JMSDF Yokosuka Training Corps -- Takeyama,Yokosuka,Kanagawa,Japan,,Asia,"JMSDF Yokosuka Training Corps Takeyama district, Yokosuka-shi, Kanagawa",,restricted,35.2184,139.6289
JASDF Yokota Air Base -- USAF/JASDF Displays,Fussa,Tokyo,Japan,197-8503,Asia,"2552 Oaza-Fussa, Fussa-shi, Tokyo",,restricted,35.7373,139.3447
USMC Iwakuni Air Station -- Display and Training Airframes,Iwakuni,Yamaguchi,Japan,740-0025,Asia,"1-1 Misumi-cho, Iwakuni-shi, Yamaguchi",,restricted,34.1512,132.2214
Kadena Air Base -- Display Park,Kadena,Okinawa,Japan,,Asia,"Kadena Air Base, Kadena-cho, Nakagami-gun, Okinawa",,restricted,26.3325,127.7577
NAF Atsugi -- USN/JMSDF Displays,Ayase,Kanagawa,Japan,252-1105,Asia,"Tategawa, Ayase-shi, Kanagawa",,restricted,35.4577,139.4335
JGSDF Camp Okadama,Sapporo,Hokkaido,Japan,007-8503,Asia,"161 Okadama-cho, Higashi-ku, Sapporo-shi, Hokkaido",,restricted,43.1204,141.3756
JGSDF Camp Makomanai,Sapporo,Hokkaido,Japan,005-0861,Asia,"17 Makomanai, Minami-ku, Sapporo-shi, Hokkaido",,restricted,43.0056,141.3560
JGSDF Camp Rumoi,Rumoi,Hokkaido,Japan,077-8555,Asia,"1-6 Midorigaoka-cho, Rumoi-shi, Hokkaido",,restricted,43.9327,141.6672
JGSDF Camp Obihiro,Obihiro,Hokkaido,Japan,,Asia,"Camp Obihiro, Obihiro-shi, Hokkaido",,restricted,42.8968,143.1748
JGSDF Camp Bihoro,Bihoro,Hokkaido,Japan,,Asia,"Camp Bihoro, Bihoro-cho, Abashiri-gun, Hokkaido",,restricted,43.8209,144.1585
JGSDF Camp Nayoro,Nayoro,Hokkaido,Japan,,Asia,"Camp Nayoro, Nayoro-shi, Hokkaido",,restricted,44.3856,142.4389
JGSDF Camp Engaru,Engaru,Hokkaido,Japan,,Asia,"Camp Engaru, Engaru-cho, Monbetsu-gun, Hokkaido",,restricted,44.0543,143.5461
JGSDF Camp Takikawa,Takikawa,Hokkaido,Japan,,Asia,"Camp Takikawa, Takikawa-shi, Hokkaido",,restricted,43.5760,141.9022
JGSDF Camp Hakodate,Hakodate,Hokkaido,Japan,,Asia,"Camp Hakodate, Hakodate-shi, Hokkaido",,restricted,41.7785,140.7677
JGSDF Camp Hachinohe,Hachinohe,Aomori,Japan,039-2295,Asia,"Ichikawa-machi Aza-Kikyono Kanchi, Hachinohe-shi, Aomori",,restricted,40.5519,141.4516
JGSDF Camp Iwate,Takizawa,Iwate,Japan,020-0601,Asia,"268-433 Ushiro, Takizawa-shi, Iwate",,restricted,39.8371,141.1090
JGSDF Camp Jinmachi -- Equipment Display Park,Higashine,Yamagata,Japan,999-3797,Asia,"3-1-1 Jinmachi-minami, Higashine-shi, Yamagata",,public,38.4024,140.3851
JGSDF Camp Kasuminome,Sendai,Miyagi,Japan,984-0035,Asia,"1-1-1 Kasuminome, Wakabayashi-ku, Sendai-shi, Miyagi",,restricted,38.2378,140.9248
JGSDF Camp Sendai,Sendai,Miyagi,Japan,983-8580,Asia,"1-1 Minamenodate, Miyagino-ku, Sendai-shi, Miyagi",,restricted,38.2683,140.9211
JGSDF Camp Funaoka,Shibata,Miyagi,Japan,,Asia,"1-1 Ozunohata, Aza-Funaoka, Shibata-machi, Shibata-gun, Miyagi",,restricted,38.0477,140.7796
JGSDF Camp Koriyama,Koriyama,Fukushima,Japan,963-0201,Asia,"1 Choemonbayashi, Otsuki-machi, Koriyama-shi, Fukushima",,restricted,37.3994,140.3252
JGSDF Camp Kita-Utsunomiya,Utsunomiya,Tochigi,Japan,321-0106,Asia,"1360 Kamiyokota-machi, Utsunomiya-shi, Tochigi",,restricted,36.5134,139.8756
JGSDF Camp Utsunomiya,Utsunomiya,Tochigi,Japan,321-0145,Asia,"1-5-45 Mobara, Utsunomiya-shi, Tochigi",,restricted,36.4780,139.8694
SUBARU Utsunomiya South Plant -- Display Airframes,Utsunomiya,Tochigi,Japan,,Asia,"SUBARU Aerospace Company Utsunomiya Plant, south works, Utsunomiya-shi, Tochigi",,restricted,36.5234,139.8759
JGSDF Camp Somagahara,Shinto,Gunma,Japan,370-3594,Asia,"1017-2 Oaza-Arai, Shinto-mura, Kita-Gunma-gun, Gunma",,restricted,36.4329,138.9695
JGSDF Camp Shinmachi,Takasaki,Gunma,Japan,370-1301,Asia,"1080 Shinmachi, Takasaki-shi, Gunma",,restricted,36.2705,139.1150
JGSDF Camp Asaka and Rikkun Land,Nerima,Tokyo,Japan,178-8501,Asia,"Oizumi-Gakuen-cho, Nerima-ku, Tokyo (JGSDF Public Information Centre ""Rikkun Land"")",https://www.mod.go.jp/gsdf/eae/rikkunland/,public,35.7849,139.5997
JGSDF Camp Tachikawa,Tachikawa,Tokyo,Japan,,Asia,"5 Midori-cho, Tachikawa-shi, Tokyo",,restricted,35.7054,139.3995
JGSDF Camp Mishuku,Setagaya,Tokyo,Japan,154-0001,Asia,"1-2-24 Ikejiri, Setagaya-ku, Tokyo",,restricted,35.6438,139.6841
JGSDF Camp Matsudo,Matsudo,Chiba,Japan,270-2211,Asia,"17 Goko-Mutsumi, Matsudo-shi, Chiba",,public,35.7834,139.9767
JGSDF Camp Narashino,Funabashi,Chiba,Japan,274-0077,Asia,"3-20-1 Yakuendai, Funabashi-shi, Chiba",,restricted,35.7093,140.0541
JGSDF Camp Kisarazu,Kisarazu,Chiba,Japan,292-8510,Asia,"Azuma-chisaki, Kisarazu-shi, Chiba",,restricted,35.3918,139.9167
JGSDF Camp Kasumigaura,Tsuchiura,Ibaraki,Japan,300-0837,Asia,"2410 Migimomi, Tsuchiura-shi, Ibaraki",,restricted,36.0383,140.1907
JGSDF Camp Omiya,Saitama,Saitama,Japan,331-8550,Asia,"1-40-7 Nisshin-cho, Kita-ku, Saitama-shi, Saitama",,restricted,35.9200,139.5980
JGSDF Camp Itami -- PR Archive Room,Itami,Hyogo,Japan,,Asia,"Camp Itami, Itami-shi, Hyogo",,restricted,34.7891,135.4049
JGSDF Camp Senzo,Itami,Hyogo,Japan,,Asia,"Camp Senzo, Itami-shi, Hyogo",,restricted,34.7891,135.4049
JGSDF Camp Otsu,Otsu,Shiga,Japan,520-0002,Asia,"1-1-1 Kiwagawa, Otsu-shi, Shiga",,public,35.0363,135.8673
JGSDF Camp Uji,Uji,Kyoto,Japan,611-0011,Asia,"Gokasho Kanyuchi, Uji-shi, Kyoto",,restricted,34.9138,135.8004
JGSDF Camp Imazu,Takashima,Shiga,Japan,,Asia,"Camp Imazu, Takashima-shi, Shiga",,restricted,35.3929,136.0199
JGSDF Camp Yonago,Yonago,Tottori,Japan,683-0853,Asia,"2603 Ryosanyanagi, Yonago-shi, Tottori",,restricted,35.4583,133.3273
JGSDF Camp Izumo,Izumo,Shimane,Japan,,Asia,"Camp Izumo, Izumo-shi, Shimane",,restricted,35.3684,132.7075
JGSDF Camp Zentsuji,Zentsuji,Kagawa,Japan,,Asia,"2-1-1 Minami-machi, Zentsuji-shi, Kagawa",,restricted,34.2205,133.7818
JGSDF Camp Matsumoto,Matsumoto,Nagano,Japan,390-0844,Asia,"1-1 Takamiya-nishi, Matsumoto-shi, Nagano",,restricted,36.2112,137.9544
JGSDF Camp Shibata -- Shirakabe Heisha Public Archive,Shibata,Niigata,Japan,957-8530,Asia,"6-4-16 Otemachi, Shibata-shi, Niigata",,restricted,37.9542,139.3221
JGSDF Camp Kokubu,Kirishima,Kagoshima,Japan,,Asia,"2-4-14 Kokubu-Fukushima, Kirishima-shi, Kagoshima",,restricted,31.7241,130.7541
JGSDF Camp Naha,Naha,Okinawa,Japan,,Asia,"679 Aza-Kagamizu, Naha-shi, Okinawa",,restricted,26.2054,127.6628
JGSDF Camp Kushiro,Kushiro,Hokkaido,Japan,,Asia,"Camp Kushiro, Kushiro-shi, Hokkaido",,restricted,43.0155,144.4568
JGSDF Camp Higashi-Chitose,Chitose,Hokkaido,Japan,,Asia,"Camp Higashi-Chitose, Chitose-shi, Hokkaido",,restricted,42.8433,141.7242
JGSDF Camp Horobetsu,Noboribetsu,Hokkaido,Japan,,Asia,"Camp Horobetsu, Noboribetsu-shi, Hokkaido",,restricted,42.4012,141.0925
JGSDF Camp Aomori,Aomori,Aomori,Japan,,Asia,"Camp Aomori, Aomori-shi, Aomori",,restricted,40.8123,140.7112
JGSDF Camp Hirosaki,Hirosaki,Aomori,Japan,,Asia,"Camp Hirosaki, Hirosaki-shi, Aomori",,restricted,40.5682,140.4629
JGSDF Camp Akita,Akita,Akita,Japan,,Asia,"Camp Akita, Akita-shi, Akita",,restricted,39.7642,140.0835
JGSDF Camp Tagajo,Tagajo,Miyagi,Japan,,Asia,"Camp Tagajo, Tagajo-shi, Miyagi",,restricted,38.2973,141.0284
JGSDF Camp Yamato,Osaki,Miyagi,Japan,,Asia,"Camp Yamato, Osaki-shi, Miyagi",,restricted,38.4491,140.8754
JGSDF Camp Fukushima,Fukushima,Fukushima,Japan,,Asia,"Camp Fukushima, Fukushima-shi, Fukushima",,restricted,37.7128,140.3819
JGSDF Camp Katsuta,Hitachinaka,Ibaraki,Japan,,Asia,"Camp Katsuta, Hitachinaka-shi, Ibaraki",,restricted,36.3791,140.5227
JGSDF Camp Nerima,Nerima,Tokyo,Japan,,Asia,"Camp Nerima, Nerima-ku, Tokyo",,restricted,35.7629,139.6584
Ministry of Defense Ichigaya -- UH-1H,Shinjuku,Tokyo,Japan,,Asia,"Ministry of Defense, Ichigaya, Shinjuku-ku, Tokyo",,appointment,35.6927,139.7262
JGSDF Camp Kasumigaura Sub-Base Nike-J Monument -- Kasumigaura Bunton,Tsuchiura,Ibaraki,Japan,,Asia,"JASDF Kasumigaura Sub-Base, Tsuchiura-shi, Ibaraki",,restricted,36.0395,140.1851
JGSDF Camp Shinodayama,Izumi,Osaka,Japan,,Asia,"Camp Shinodayama, Izumi-shi, Osaka",,restricted,34.4916,135.4419
JGSDF Camp Okubo,Uji,Kyoto,Japan,,Asia,"Camp Okubo, Uji-shi, Kyoto",,restricted,34.8760,135.7730
JGSDF Camp Fukuchiyama,Fukuchiyama,Kyoto,Japan,,Asia,"Camp Fukuchiyama, Fukuchiyama-shi, Kyoto",,restricted,35.2878,135.1228
JGSDF Camp Kawanishi,Kawanishi,Hyogo,Japan,,Asia,"Camp Kawanishi, Kawanishi-shi, Hyogo",,restricted,34.8097,135.4026
JGSDF Camp Hisai,Tsu,Mie,Japan,,Asia,"Camp Hisai, Tsu-shi, Mie",,restricted,34.6737,136.4803
JGSDF Camp Kasugai,Kasugai,Aichi,Japan,,Asia,"Camp Kasugai, Kasugai-shi, Aichi",,restricted,35.2796,136.9798
JGSDF Camp Toyokawa,Toyokawa,Aichi,Japan,,Asia,"Camp Toyokawa, Toyokawa-shi, Aichi",,restricted,34.8299,137.3818
JGSDF Camp Kanazawa,Kanazawa,Ishikawa,Japan,,Asia,"Camp Kanazawa, Kanazawa-shi, Ishikawa",,restricted,36.5384,136.6670
JGSDF Camp Itazuma,Gotemba,Shizuoka,Japan,412-8634,Asia,"40-1 Itazuma, Gotemba-shi, Shizuoka",,public,35.2880,138.9017
JGSDF Camp Yao,Yao,Osaka,Japan,,Asia,"Camp Yao, Yao-shi, Osaka",,restricted,34.5984,135.6084
JGSDF Camp Kokura,Kitakyushu,Fukuoka,Japan,,Asia,"Camp Kokura, Kokura-Minami-ku, Kitakyushu-shi, Fukuoka",,restricted,33.8439,130.8802
JGSDF Camp Beppu,Beppu,Oita,Japan,,Asia,"Camp Beppu, Beppu-shi, Oita",,restricted,33.2963,131.4575
JGSDF Camp Kita-Kumamoto,Kumamoto,Kumamoto,Japan,,Asia,"Camp Kita-Kumamoto, Kumamoto-shi, Kumamoto",,restricted,32.8421,130.7325
JGSDF Camp Ainoura,Sasebo,Nagasaki,Japan,,Asia,"Camp Ainoura, Sasebo-shi, Nagasaki",,restricted,33.1765,129.6586
JGSDF Camp Ebino,Ebino,Miyazaki,Japan,,Asia,"Camp Ebino, Ebino-shi, Miyazaki",,restricted,32.0448,130.9144
JGSDF Camp Sangenya,Okayama,Okayama,Japan,,Asia,"Camp Sangenya, Okayama-shi, Okayama",,restricted,34.6982,133.9328
JGSDF Camp Yamaguchi,Yamaguchi,Yamaguchi,Japan,,Asia,"Camp Yamaguchi, Yamaguchi-shi, Yamaguchi",,restricted,34.1883,131.4836
JGSDF Camp Kochi,Nankoku,Kochi,Japan,,Asia,"Camp Kochi, Nankoku-shi, Kochi",,restricted,33.5573,133.7526
JGSDF Camp Tokushima,Tokushima,Tokushima,Japan,,Asia,"Camp Tokushima, Tokushima-shi, Tokushima",,restricted,33.9734,134.6500
Kotobuki Park -- Nakatombetsu,Nakatombetsu,Hokkaido,Japan,,Asia,"Kotobuki Park, Nakatombetsu-cho, Esashi-gun, Hokkaido",,public,44.9904,142.2923
Bihoro Aviation Park,Bihoro,Hokkaido,Japan,,Asia,"Bihoro Aviation Park, Bihoro-cho, Abashiri-gun, Hokkaido",,public,43.8127,144.0759
Takikawa Station Forecourt Glider,Takikawa,Hokkaido,Japan,,Asia,"JR Takikawa station forecourt, Takikawa-shi, Hokkaido",,public,43.5552,141.9016
Tomakomai Science Centre,Tomakomai,Hokkaido,Japan,053-0018,Asia,"3-1-12 Asahi-machi, Tomakomai-shi, Hokkaido",,public,42.6319,141.6049
Hibarino Park -- Gonohe,Gonohe,Aomori,Japan,039-1524,Asia,"Toyomanai, Gonohe-machi, Sannohe-gun, Aomori",,public,40.5100,141.3289
Hirosaki University of Health and Welfare,Hirosaki,Aomori,Japan,036-8102,Asia,"3-18-1 Konai, Hirosaki-shi, Aomori",,public,40.5873,140.5008
Sozaburo-numa Park -- Mitane,Mitane,Akita,Japan,,Asia,"63 Moritake Higashi-Tsutsumizawa, Mitane-cho, Yamamoto-gun, Akita",,public,40.0857,140.0875
Kazuma Station Forecourt -- Higashi-Matsushima,Higashi-Matsushima,Miyagi,Japan,,Asia,"Yamoto Aza-Anajiri, Higashi-Matsushima-shi, Miyagi (in front of JR Senseki line Kazuma station)",,public,38.4028,141.1905
Michi-no-Eki Higashi-Matsushima,Higashi-Matsushima,Miyagi,Japan,,Asia,"112-5 Komatsu Kami-Futamabori, Higashi-Matsushima-shi, Miyagi",,public,38.4244,141.1837
Yubi Forest Park -- Izumo,Izumo,Shimane,Japan,693-0506,Asia,"1141-4 Tanbe, Sada-cho, Izumo-shi, Shimane",,public,35.2440,132.7144
Tamari Sports Park -- Omitama,Omitama,Ibaraki,Japan,,Asia,"2316-1 Kurimatashikake, Omitama-shi, Ibaraki",,public,36.4821,140.3221
Ibaraki Airport Park -- Phantom Display,Omitama,Ibaraki,Japan,311-3416,Asia,"1601-55 Yozawa, Omitama-shi, Ibaraki",,public,36.1764,140.4068
Piso Tenjin Genki-mura,Kasumigaura,Ibaraki,Japan,300-0121,Asia,"5696-3 Shishikura, Kasumigaura-shi, Ibaraki",,public,36.1300,140.2712
Geospatial Information Authority of Japan -- Science Museum Forecourt,Tsukuba,Ibaraki,Japan,,Asia,"Map and Survey Science Museum, Geospatial Information Authority of Japan, Tsukuba-shi, Ibaraki",https://www.gsi.go.jp/MUSEUM/,public,36.1039,140.0862
Nihon Uchu Rikukaikuu Museum Site -- Daigo,Daigo,Ibaraki,Japan,,Asia,"Takashiba, Daigo-machi, Kuji-gun, Ibaraki (beside Prefectural Route 22 near Okukuji Ikoi-no-Mori)",,public,36.7620,140.4594
Kasama Koibuchi Roadside T-33A,Kasama,Ibaraki,Japan,,Asia,"Koibuchi, Kasama-shi, Ibaraki (private yard beside the road)",,public,36.341,140.333
Hokota Private Residence -- T-34A and KM-2,Hokota,Ibaraki,Japan,,Asia,"Hokota-shi, Ibaraki (private residence; exact location withheld)",,public,,
Nihon Wellness Sports University,Tone,Ibaraki,Japan,300-1622,Asia,"1377 Fukawa, Tone-machi, Kitasoma-gun, Ibaraki",,public,35.8593,140.1460
Narita International Aviation College,Toride,Ibaraki,Japan,302-0004,Asia,"1842 Toride-Nishino, Toride-shi, Ibaraki",,restricted,35.8805,140.0721
Aozora Nursery School -- Tomisato,Tomisato,Chiba,Japan,,Asia,"776-1 Hiyoshikura, Tomisato-shi, Chiba",,public,35.7672,140.3279
Yukari Traffic Park -- Matsudo,Matsudo,Chiba,Japan,270-0021,Asia,"1-25 Koganehara, Matsudo-shi, Chiba",,public,35.8247,139.9404
Asahi Ryokuchi Park,Asahi,Chiba,Japan,,Asia,"5146-32 Kamakazu, Asahi-shi, Chiba",,public,35.7297,140.6063
Kamagaya Shisei Kinen Park,Kamagaya,Chiba,Japan,273-0121,Asia,"924-6 Hatsutomi, Kamagaya-shi, Chiba",,public,35.7823,140.0078
Daikeien -- Ichikawa,Ichikawa,Chiba,Japan,272-0801,Asia,"358 Omachi, Ichikawa-shi, Chiba",,public,35.7625,139.9693
Sabage Paradise -- Sammu,Sammu,Chiba,Japan,289-1211,Asia,"470-1 Oki, Sammu-shi, Chiba",,public,35.6584,140.3389
Shinkiba C-46 -- Koto,Koto,Tokyo,Japan,,Asia,"Shinkiba, Koto-ku, Tokyo",,public,,
Ito Denki Kosakusho -- Toyokawa,Toyokawa,Aichi,Japan,,Asia,"42-1 Miyashita, Kozakai-cho, Toyokawa-shi, Aichi",,public,34.7972,137.3673
Aozora Hustle Airsoft Field -- Toyokawa,Toyokawa,Aichi,Japan,,Asia,"Toyokawa-shi, Aichi",,public,,
Koda Local History Museum,Koda,Aichi,Japan,,Asia,"36-1 Shimizu, Aza-Fukozu, Koda-cho, Nukata-gun, Aichi",,public,34.8389,137.1800
Seto Private Residence -- F-104 and T-33A,Seto,Aichi,Japan,,Asia,"Seto-shi, Aichi (private residence within 600 m of Toso Park)",,public,,
Mitsubishi Heavy Industries Komaki South Plant,Toyoyama,Aichi,Japan,480-0293,Asia,"1 Oaza-Toyoba, Toyoyama-cho, Nishi-Kasugai-gun, Aichi",,restricted,35.2531,136.9137
Nagoya Port Minato Disaster Prevention Centre,Nagoya,Aichi,Japan,455-0018,Asia,"1-12-20 Minatoake, Minato-ku, Nagoya-shi, Aichi",,public,35.1081,136.8854
Antarctic Research Vessel Fuji -- Deck Helicopter,Nagoya,Aichi,Japan,455-0033,Asia,"1-9 Minato-machi, Minato-ku, Nagoya-shi, Aichi (Garden Pier)",,public,35.0903,136.8804
Hida Air Park,Takayama,Gifu,Japan,,Asia,"Hida Air Park, Takayama-shi, Gifu",,public,36.1784,137.3157
Nakanihon Air College,Seki,Gifu,Japan,501-3924,Asia,"1577 Hazama, Seki-shi, Gifu",,appointment,35.4524,136.9344
Yamazaki Mazak Machine Tool Museum,Minokamo,Gifu,Japan,505-0037,Asia,"3-1-2 Maehira-cho, Minokamo-shi, Gifu",,appointment,35.4560,137.0011
Kanno Iin Branch Clinic Rooftop -- Shizuoka,Shizuoka,Shizuoka,Japan,,Asia,"1-7-3 Sena, Aoi-ku, Shizuoka-shi, Shizuoka",,public,35.0129,138.4193
Hasegawa Corporation Head Office,Yaizu,Shizuoka,Japan,,Asia,"3-1-2 Yakusu, Yaizu-shi, Shizuoka",,public,34.8775,138.3112
Ryuyo Sodeura Park -- Iwata,Iwata,Shizuoka,Japan,,Asia,"125-1 Tobiraramatsu, Iwata-shi, Shizuoka",,public,34.6692,137.8270
Racing Palace Site -- Oyama,Oyama,Shizuoka,Japan,,Asia,"73-1 Yoshikubo, Oyama-cho, Sunto-gun, Shizuoka",,public,35.3467,138.9513
Fuji-san Jukuu-no-Mori,Gotemba,Shizuoka,Japan,412-0008,Asia,"1380-15 Inno, Gotemba-shi, Shizuoka",,public,35.2973,138.8688
Shizuoka Heliport,Shizuoka,Shizuoka,Japan,420-0902,Asia,"8-10 Suwa, Aoi-ku, Shizuoka-shi, Shizuoka",,public,35.0237,138.4092
Nagano Jidosha -- Shizuoka,Shizuoka,Shizuoka,Japan,421-1311,Asia,"1414-1 Tomizawa, Aoi-ku, Shizuoka-shi, Shizuoka",,public,35.0230,138.2561
Shizuoka Institute of Science and Technology,Fukuroi,Shizuoka,Japan,437-8555,Asia,"2200-2 Toyosawa, Fukuroi-shi, Shizuoka",,public,34.7390,137.9587
Shizuoka Aviation Museum,Makinohara,Shizuoka,Japan,421-0411,Asia,"2053-01 Sakaguchi, Makinohara-shi, Shizuoka",,appointment,34.7861,138.1826
Lake Hamana C-47,Hamamatsu,Shizuoka,Japan,,Asia,"Beside Hamanako Ground Golf Park, Hamamatsu-shi, Shizuoka",,public,34.7357,137.6165
Minobu Private Collection,Minobu,Yamanashi,Japan,,Asia,"Osozawa, Minobu-cho, Minamikoma-gun, Yamanashi",,public,35.4407,138.4160
Nihon Aviation Academy Yamanashi Campus,Kai,Yamanashi,Japan,400-0108,Asia,"445 Utsutani, Kai-shi, Yamanashi",,public,35.6821,138.4832
Hijiri Museum,Omi,Nagano,Japan,399-7701,Asia,"5887-1 Oomi-Hijiri, Omi-mura, Higashi-Chikuma-gun, Nagano",,public,36.4881,138.0699
Komoro Children's Playground,Komoro,Nagano,Japan,384-0804,Asia,"311 Tei, Komoro-shi, Nagano",,public,36.3252,138.4185
JSDF Public Information Centre Shinano,Matsumoto,Nagano,Japan,,Asia,"Marunaka Fukashi Building 1F, 2-6-5 Fukashi, Matsumoto-shi, Nagano",,public,36.2311,137.9715
Matsumoto Airport -- E170 Nose Section,Matsumoto,Nagano,Japan,,Asia,"8909 Kuko-Higashi, Matsumoto-shi, Nagano",,public,36.1647,137.9265
Niigata Prefectural Nature Science Museum,Niigata,Niigata,Japan,950-0948,Asia,"3-1-1 Meike-Minami, Chuo-ku, Niigata-shi, Niigata",,public,37.8900,139.0498
Kanai Sports Park -- Sado,Sado,Niigata,Japan,952-1208,Asia,"1461-88 Kanai Shinbo Otsu, Sado-shi, Niigata",,public,38.0321,138.3705
Akadomari Rinkai Sports Park -- Sado,Sado,Niigata,Japan,952-0711,Asia,"Akadomari, Sado-shi, Niigata",,public,37.8659,138.4113
Kiryu-ga-Oka Park,Kiryu,Gunma,Japan,376-0056,Asia,"Miyamoto-cho 2/3/4-chome, Kiryu-shi, Gunma",,public,36.4190,139.3395
SUBARU Gunma Yajima Plant Visitor Centre,Ota,Gunma,Japan,373-0822,Asia,"1-1 Shoya-cho, Ota-shi, Gunma",,public,36.2753,139.3728
Shinto Furusato Park,Shinto,Gunma,Japan,,Asia,"1920-1 Yamakoda, Shinto-mura, Kita-Gunma-gun, Gunma",,public,36.4490,138.9685
Gunma Heliport Learning Hall,Maebashi,Gunma,Japan,379-2142,Asia,"377-2 Shimoauchi-machi, Maebashi-shi, Gunma",,public,36.3186,139.1072
Nasu War Museum,Nasu,Tochigi,Japan,325-0303,Asia,"2725 Takaku-Otsu, Nasu-machi, Nasu-gun, Tochigi",,public,37.0608,140.0129
Shiobara Family Farm,Nasushiobara,Tochigi,Japan,329-2811,Asia,"428-39 Shimotano, Nasushiobara-shi, Tochigi",,public,36.9411,139.9890
Teikyo University Utsunomiya Campus,Utsunomiya,Tochigi,Japan,,Asia,"1-1 Toyosatodai, Utsunomiya-shi, Tochigi",,appointment,,
Hanyu Sky Sports Park,Hanyu,Saitama,Japan,,Asia,"1175 Oaza-Tsuneki, Hanyu-shi, Saitama",,public,36.1955,139.6027
Sakitama Garden -- Nihon Kokukan,Gyoda,Saitama,Japan,361-0032,Asia,"1626 Sama, Gyoda-shi, Saitama (Saitama Subaru Sakitama Garden)",,public,36.1242,139.4721
Mifuji Kindergarten -- Miyoshi,Miyoshi,Saitama,Japan,,Asia,"733-1 Fujikubo, Miyoshi-machi, Iruma-gun, Saitama",,public,35.8363,139.5317
Yorii Garden Village Hanazono -- Beechcraft D18S,Yorii,Saitama,Japan,,Asia,"Sakurazawa, Yorii-machi, Osato-gun, Saitama",,public,36.1241,139.1976
Kokusai Aviation College,Tokorozawa,Saitama,Japan,359-1131,Asia,"354 Kume, Tokorozawa-shi, Saitama",,appointment,35.7767,139.4725
Tokyo Fire Department Headquarters,Chiyoda,Tokyo,Japan,100-8119,Asia,"1-3-5 Otemachi, Chiyoda-ku, Tokyo",,public,35.6887,139.7614
Fire Museum -- Yotsuya,Shinjuku,Tokyo,Japan,160-0004,Asia,"3-10 Yotsuya, Shinjuku-ku, Tokyo",,public,35.6881,139.7200
Police Museum -- Gotanda,Shinagawa,Tokyo,Japan,141-0031,Asia,"TOC Building 3F, 7-22-17 Nishi-Gotanda, Shinagawa-ku, Tokyo",,public,35.6216,139.7192
Propeller Cafe -- Chofu Airfield,Chofu,Tokyo,Japan,182-0032,Asia,"290-3 Nishi-machi, Chofu-shi, Tokyo",,public,35.6695,139.5302
Denki to Basu no Hakubutsukan -- Former B Building YS-11,Kawasaki,Kanagawa,Japan,,Asia,"2-10-12 Miyazaki, Miyamae-ku, Kawasaki-shi, Kanagawa",,appointment,35.5881,139.5936
National Defense Academy,Yokosuka,Kanagawa,Japan,239-8686,Asia,"1-10-20 Hashirimizu, Yokosuka-shi, Kanagawa",,restricted,35.2572,139.7229
Awazu Park -- Komatsu,Komatsu,Ishikawa,Japan,923-0302,Asia,"3-1 Nenbutsu, Fuzu-machi, Komatsu-shi, Ishikawa",,public,36.3567,136.4200
Nihon Aviation Academy Ishikawa Noto Airport Campus,Wajima,Ishikawa,Japan,929-2372,Asia,"9-bu 27-7 Sue, Mii-machi, Wajima-shi, Ishikawa",,appointment,37.2967,136.9608
Kanazawa Institute of Technology,Nonoichi,Ishikawa,Japan,,Asia,"Kanazawa Institute of Technology, Nonoichi-shi, Ishikawa",,appointment,,
Crossland Oyabe,Oyabe,Toyama,Japan,,Asia,"Crossland Oyabe, Oyabe-shi, Toyama",,public,36.6563,136.8794
Yokoyama Shoten -- Suzuka,Suzuka,Mie,Japan,513-0008,Asia,"956 Nishitomida-cho, Suzuka-shi, Mie",,public,34.8773,136.4982
Miya River Watarai Park,Watarai,Mie,Japan,,Asia,"2 Tanahashi, Watarai-cho, Watarai-gun, Mie",,public,34.4318,136.6316
Mitsu Seiki -- Tsubasa no Hiroba,Awaji,Hyogo,Japan,656-1522,Asia,"301 Shimokawai, Awaji-shi, Hyogo",,appointment,34.4586,134.8601
Kawasaki World -- Kobe Maritime Museum,Kobe,Hyogo,Japan,650-0042,Asia,"2-2 Hatoba-cho, Chuo-ku, Kobe-shi, Hyogo",,public,34.6828,135.1883
Kobe Denshi Kikai Kakogawa Centre,Kakogawa,Hyogo,Japan,,Asia,"618 Aza-Ishihara, Nomura, Yawata-cho, Kakogawa-shi, Hyogo",,public,34.7782,134.9327
Tajima Airport,Toyooka,Hyogo,Japan,668-0081,Asia,"Iwai, Toyooka-shi, Hyogo",,public,35.5169,134.7894
Nara National College of Technology,Yamatokoriyama,Nara,Japan,639-1080,Asia,"22 Yata-cho, Yamatokoriyama-shi, Nara",,appointment,34.6470,135.7591
Nara Prefectural Oji Technical High School,Oji,Nara,Japan,,Asia,"Oji-cho, Kitakatsuragi-gun, Nara",,appointment,34.5920,135.7016
Kyoto City Citizens' Disaster Prevention Centre,Kyoto,Kyoto,Japan,,Asia,"7 Sugata-cho, Nishi-Kujo, Minami-ku, Kyoto-shi, Kyoto",,public,34.9738,135.7464
Kyoto Olympia -- Shop Sign Aircraft,Kyoto,Kyoto,Japan,,Asia,"Kyoto-shi, Kyoto",,public,35.0059,135.7671
Osaka Aviation College,Sakai,Osaka,Japan,593-8326,Asia,"3-712 Otori-Nishimachi, Nishi-ku, Sakai-shi, Osaka",,appointment,34.5326,135.4484
Miyoshi Municipal Sports Park -- Kokubu (Takayama Aviation Park),Ayagawa,Kagawa,Japan,,Asia,"390-17 Higashibun-Otsu, Ayagawa-cho, Ayauta-gun, Kagawa",,public,34.2021,133.9671
Sanuki Kodomo no Kuni,Takamatsu,Kagawa,Japan,,Asia,"South side of Takamatsu Airport, Takamatsu-shi, Kagawa",,public,34.2128,134.0815
Tenpos Busters Takamatsu,Takamatsu,Kagawa,Japan,761-8052,Asia,"1007 Matsunami-cho, Takamatsu-shi, Kagawa",,public,34.3215,134.0275
Clinic Shakura -- Matsushige,Matsushige,Tokushima,Japan,771-0220,Asia,"22 Aza-Kuwanosaki, Hiroshima, Matsushige-cho, Itano-gun, Tokushima",,public,34.1374,134.5847
Hagi Activity Park,Hagi,Yamaguchi,Japan,753-0101,Asia,"463-1 Oaza-Sasanami, Hagi-shi, Yamaguchi",,public,34.2438,131.4977
Yurinkan Gakuen Ohirayama Hall,Yamaguchi,Yamaguchi,Japan,754-1277,Asia,"1152 Ohirayama, Ajisu, Yamaguchi-shi, Yamaguchi",,public,34.0154,131.3320
"Nakamoto Cleaning -- Joge, Fuchu",Fuchu,Hiroshima,Japan,,Asia,"945 Joge, Joge-cho, Fuchu-shi, Hiroshima",,public,34.7031,133.1116
Kaida-ya -- Nankoku,Nankoku,Kochi,Japan,783-0083,Asia,"1330-3 Hamagaida, Nankoku-shi, Kochi",,public,33.5347,133.6491
Kaizuka Traffic Park -- Fukuoka,Fukuoka,Fukuoka,Japan,,Asia,"7-8-35 Hakozaki, Higashi-ku, Fukuoka-shi, Fukuoka",,public,33.6331,130.4251
Fukuoka Citizens' Disaster Prevention Centre,Fukuoka,Fukuoka,Japan,814-0001,Asia,"1-3-3 Momochihama, Sawara-ku, Fukuoka-shi, Fukuoka",,public,33.5894,130.3550
Metase-no-Mori Farm Shop,Chikujo,Fukuoka,Japan,829-0107,Asia,"765 Yuminoshi, Chikujo-machi, Chikujo-gun, Fukuoka",,public,33.6746,131.0123
Meiganji Kindergarten Rooftop -- Nakama,Nakama,Fukuoka,Japan,809-0034,Asia,"4-8-2 Nakama, Nakama-shi, Fukuoka",,public,33.8193,130.7105
Ukiha Sports Island,Ukiha,Fukuoka,Japan,839-1304,Asia,"1166 Chitose, Yoshii-machi, Ukiha-shi, Fukuoka",,public,33.3631,130.7669
Yamen-zan Peace Park -- Nakatsu,Nakatsu,Oita,Japan,871-0103,Asia,"Sanko Taguchi, Nakatsu-shi, Oita",,public,33.5135,131.2150
Iwashita Collection,Yufu,Oita,Japan,879-5114,Asia,"645-6 Kawakita, Yufuin-cho, Yufu-shi, Oita",,public,33.2645,131.3411
Nippon Bunri University,Oita,Oita,Japan,870-0397,Asia,"1727 Ichiki, Oita-shi, Oita",,appointment,33.2313,131.7225
Hotel 2 IN 1 -- Miyakonojo,Miyakonojo,Miyazaki,Japan,885-0084,Asia,"4544-5 Isogo-cho, Miyakonojo-shi, Miyazaki",,public,31.7057,131.0326
Hyuga-Shintomi Station Park,Shintomi,Miyazaki,Japan,889-1402,Asia,"Sannoshiro, Shintomi-cho, Koyu-gun, Miyazaki (beside JR Nippo line Hyuga-Shintomi station)",,public,32.0719,131.5007
Mitsuwa Hagane Works -- Nobeoka,Nobeoka,Miyazaki,Japan,,Asia,"Mitsuwa Hagane Co. works, Nobeoka-shi, Miyazaki",,restricted,,
Tsunagi Municipal Sports Park,Tsunagi,Kumamoto,Japan,869-5604,Asia,"2114-10 Kotsunagi, Tsunagi-machi, Ashikita-gun, Kumamoto",,public,32.2331,130.4384
Yunomae Green Palace,Yunomae,Kumamoto,Japan,868-0624,Asia,"1588-1 Nakai, Yunomae-machi, Kuma-gun, Kumamoto",,public,32.2726,130.9988
WORKWEAR STANDARD -- Kumamoto,Kumamoto,Kumamoto,Japan,860-0085,Asia,"1-32-4 Takahira, Kita-ku, Kumamoto-shi, Kumamoto",,public,32.8337,130.7099
Sojo University Airport South Campus,Kumamoto,Kumamoto,Japan,,Asia,"Airport South Campus, Sojo University, Kumamoto",,appointment,32.8386,130.8691
Oguchi Municipal Sports Park -- Isa,Isa,Kagoshima,Japan,895-2521,Asia,"336-1 Torisu, Oguchi, Isa-shi, Kagoshima",,public,33.0580,130.5988
Yoshimatsu Gymnasium -- Yusui,Yusui,Kagoshima,Japan,899-6102,Asia,"607 Nakatsugawa, Yusui-cho, Aira-gun, Kagoshima",,public,32.0145,130.7460
Uwatoko Park -- Kirishima,Kirishima,Kagoshima,Japan,,Asia,"3391 Fumoto, Mizobe-cho, Kirishima-shi, Kagoshima",,public,31.8246,130.6860
Shiroyama Park -- Kirishima,Kirishima,Kagoshima,Japan,,Asia,"Kokubu-Kamiogawa, Kirishima-shi, Kagoshima",,public,31.7413,130.7825
Ikiiki Shinsui Park -- Soo,Soo,Kagoshima,Japan,899-4103,Asia,"303 Shimotakarabe, Takarabe-cho, Soo-shi, Kagoshima",,public,31.7413,131.0108
Saga Airport Park,Saga,Saga,Japan,840-2212,Asia,"9476-187 Oaza-Inuidou, Kawasoe-machi, Saga-shi, Saga",,public,33.1520,130.3079
Hokuryo High School -- Saga,Saga,Saga,Japan,,Asia,"Hokuryo High School, Saga",,appointment,,
Chiba Institute of Science -- Choshi,Choshi,Chiba,Japan,,Asia,"Chiba Institute of Science, Choshi-shi, Chiba",,appointment,,
Higashi-Nihon Aviation College,Iwanuma,Miyagi,Japan,989-2421,Asia,"84 Aza-Hishinuma, Shimonogo, Iwanuma-shi, Miyagi",,appointment,,
Sendai City Science Museum,Sendai,Miyagi,Japan,981-0903,Asia,"4-1 Daihara Shinrin Koen, Aoba-ku, Sendai-shi, Miyagi",,public,38.2988,140.8834
Sendai Airport Display,Natori,Miyagi,Japan,989-2401,Asia,"Aza-Minamibara mubanchi, Shimomasuda, Natori-shi, Miyagi",,public,38.1380,140.9294
Kadena-cho Private Residence -- T-33A,Kadena,Okinawa,Japan,,Asia,"Mizugama, Kadena-cho, Nakagami-gun, Okinawa (private residence)",,public,,
Kaneku Shuhan -- Kadena,Kadena,Okinawa,Japan,,Asia,"Kadena-cho, Nakagami-gun, Okinawa",,public,26.3602,127.7536
Gifu-Kakamigahara Air and Space Museum,Kakamigahara,Gifu,Japan,504-0924,Asia,5-1 Shimogiri-cho / 岐阜県各務原市下切町5丁目1番地,https://www.sorahaku.net/,public,35.388083,136.862472
Tokorozawa Aviation Museum,Tokorozawa,Saitama,Japan,359-0042,Asia,1-13 Namiki / 所沢航空記念公園内,https://tam-web.jsf.or.jp/,public,35.799037,139.471806
Misawa Aviation and Science Museum,Misawa,Aomori,Japan,033-0022,Asia,158 Kitayama Oaza-Misawa / 青森県三沢市大字三沢字北山158番地,https://www.kokukagaku.jp/,public,40.708250,141.390361
Yushukan -- Yasukuni Shrine,Chiyoda,Tokyo,Japan,102-8246,Asia,3-1-1 Kudankita / 靖國神社 遊就館,https://www.yasukuni.or.jp/yusyukan/,public,35.695100,139.743700
Kawaguchiko Motor Museum and Fighter Plane Museum,Narusawa,Yamanashi,Japan,401-0320,Asia,Fuji-Sakura Kogen / 山梨県南都留郡鳴沢村富士桜高原内,http://www.car-airmuseum.com/,appointment,35.453700,138.741000
Kure Maritime Museum -- Yamato Museum,Kure,Hiroshima,Japan,737-0029,Asia,5-20 Takara-machi / 呉市海事歴史科学館,https://yamato-museum.com/,public,34.241200,132.555800
Chiran Peace Museum for Kamikaze Pilots,Minamikyushu,Kagoshima,Japan,897-0302,Asia,17881 Kori Chiran-cho / 知覧特攻平和会館,http://www.chiran-tokkou.jp/,public,31.363600,130.434300
JMSDF Kanoya Air Base Museum,Kanoya,Kagoshima,Japan,893-0064,Asia,3-11-2 Nishihara / 海上自衛隊鹿屋航空基地史料館,https://www.mod.go.jp/msdf/kanoya/toukatu/HPzairyou/1-8siryoukann/1-8siryoukann.html,public,31.380833,130.836917
Tachiarai Peace Memorial Museum,Chikuzen,Fukuoka,Japan,838-0814,Asia,2561-1 Takata / 筑前町立大刀洗平和記念館,http://tachiarai-heiwa.jp/,public,33.412300,130.619600
Museum of Aeronautical Sciences -- Narita,Shibayama,Chiba,Japan,289-1608,Asia,111-3 Iwayama Shibayama-machi Sanbu-gun,https://www.aeromuseum.or.jp/,public,35.740300,140.397800
Ishikawa Aviation Plaza,Komatsu,Ishikawa,Japan,923-0995,Asia,92 Ataka-shinmachi Hei / 石川県小松市安宅新町丙92番地,https://www.pref.ishikawa.lg.jp/aviation/,public,36.404444,136.410611
Aichi Museum of Flight,Toyoyama,Aichi,Japan,480-0202,Asia,Oaza Toyoba (inside Prefectural Nagoya Airport),https://aichi-mof.com/,public,35.247611,136.924694
Kahaku-Hirosawa Air Museum -- The Hirosawa City Yumenoba,Chikusei,Ibaraki,Japan,308-0811,Asia,The Hirosawa City / ザ・ヒロサワ・シティ内「ユメノバ」,https://www.thehirosawacity.jp/,public,36.292300,140.018500
Mitsubishi Heavy Industries Oe Clock Tower Aviation Archive,Nagoya,Aichi,Japan,455-0024,Asia,2-15 Oe-cho Minato-ku / 三菱重工業株式会社 大江工場旧事務本館,https://www.mhi.com/jp/expertise/museum/nagoya/index.html,appointment,,
Kokukan boon,Toyoyama,Aichi,Japan,,Asia,120-1 Aza-Shinmei Oaza-Aoyama / 神明公園内,https://www.town.toyoyama.lg.jp/,public,,
Shidenkai Exhibition Hall,Ainan,Ehime,Japan,798-4110,Asia,5688 Misho Hirajo / 南レク馬瀬山公園 紫電改展示館,,public,32.950200,132.549300
Bansei Tokko Peace Museum,Minamisatsuma,Kagoshima,Japan,897-1123,Asia,1955-3 Kaseda-Takahashi / 南さつま市立万世特攻平和祈念館,https://bansei-tokkou.jp/,public,31.437300,130.295400
Tokyo Metropolitan College of Industrial Technology -- Science and Technology Pavilion,Arakawa,Tokyo,Japan,,Asia,Arakawa Campus / 東京都立産業技術高等専門学校 荒川キャンパス 科学技術展示館,https://www.metro-cit.ac.jp/community/pavilion.html,appointment,,
Tsukuba Space Center -- Space Dome,Tsukuba,Ibaraki,Japan,305-8505,Asia,2-1-1 Sengen / JAXA 筑波宇宙センター,https://www.jaxa.jp/about/centers/tksc/,public,36.065778,140.129806
JAXA Sagamihara Campus -- Space Science Exploration Field Center,Sagamihara,Kanagawa,Japan,252-5210,Asia,3-1-1 Yonodai Chuo-ku / 宇宙科学研究所 宇宙科学探査交流棟,https://www.isas.jaxa.jp/,public,35.558333,139.395278
Yokaren Peace Memorial Museum,Ami,Ibaraki,Japan,300-0302,Asia,5-1 Mawatari / 阿見町予科練平和記念館,https://www.yokaren-heiwa.jp/,public,36.045583,140.223472
Tsukuba Naval Air Group Memorial Museum,Kasama,Ibaraki,Japan,,Asia,筑波海軍航空隊記念館,https://p-ibaraki.com/,public,,
sora Kasai -- Uzurano Airfield Site,Kasai,Hyogo,Japan,,Asia,2274-11 Uzurano-cho / 加西市地域活性化拠点施設「soraかさい」,https://sorakasai.com/,public,,
War Memorial of Korea -- Seoul,Seoul,Seoul,South Korea,04353,Asia,29 Itaewon-ro / 이태원로 29; Yongsan-gu,https://www.warmemo.or.kr/,public,37.536000,126.978600
National Aviation Museum of Korea -- Gimpo Seoul,Seoul,Seoul,South Korea,07505,Asia,177 Haneul-gil / 하늘길 177; Gonghang-dong; Gangseo-gu (adjacent to Gimpo International Airport),https://www.aviation.or.kr/,public,37.556646,126.808326
Boramae Park Air Park -- Seoul,Seoul,Seoul,South Korea,07071,Asia,39 Yeouidaebang-ro 20-gil / 여의대방로20길 39; Dongjak-gu (former Air Force Academy grounds),https://parks.seoul.go.kr/,public,37.494300,126.920050
Yeouido Park C-47 Exhibition Hall -- Seoul,Seoul,Seoul,South Korea,07330,Asia,68 Yeouigongwon-ro / 여의공원로 68; Yeongdeungpo-gu (Yeouido Park; Korean Provisional Government commemorative space),https://parks.seoul.go.kr/,public,37.525436,126.921113
ROKAF Air Force Museum -- Cheongju,Cheongju,Chungcheongbuk-do,South Korea,28187,Asia,635 Danjae-ro / 단재로 635; Namil-myeon; Sangdang-gu (inside the Republic of Korea Air Force Academy),https://www.afa.ac.kr/,restricted,36.575595,127.512854
Jeju Aerospace Museum,Seogwipo,Jeju,South Korea,63521,Asia,83 Hanggongujuro / 항공우주로 83; Andeok-myeon (Seogwang-ri san 39),https://www.jdc-jam.com/,public,33.304268,126.299565
Korea Aerospace University Aerospace Museum -- Goyang,Goyang,Gyeonggi-do,South Korea,10540,Asia,76 Hanggongdaehak-ro / 항공대학로 76; Hwajeon-dong; Deogyang-gu,http://www.aerospacemuseum.or.kr/,appointment,37.599909,126.865595
KAI Aerospace Museum -- Sacheon,Sacheon,Gyeongsangnam-do,South Korea,52529,Asia,802 Yucheon-ri; Sanam-myeon / 경상남도 사천시 사남면 유천리 802 (Korea Aerospace Industries plant; adjoining the Sacheon Advanced Aerospace Science Museum),https://www.aerospacemuseum.co.kr/,public,35.071713,128.062246
Hodam Aerospace Exhibition Hall -- Muan,Muan,Jeollanam-do,South Korea,58547,Asia,Sachang-ri; Mongtan-myeon / 전라남도 무안군 몽탄면 사창리,,public,34.965088,126.515822
Freedom Protection Peace Museum -- Dongducheon,Dongducheon,Gyeonggi-do,South Korea,11307,Asia,96-63 Pyeonghwa-ro 2910beon-gil / 평화로2910번길 96-63; Sangbongam-dong,https://www.ddc.go.kr/,public,37.942800,127.065900
Gimpo Hamsang Park,Gimpo,Gyeonggi-do,South Korea,10041,Asia,110-36 Daemyeonghang 1-ro / 대명항1로 110-36; Daegot-myeon (Daemyeong Port),https://www.gimpo.go.kr/,public,37.641010,126.539734
Goseong Unification Observatory -- Gangwon,Goseong,Gangwon-do,South Korea,24701,Asia,Tongiljeonmangdae-ro; Myeongho-ri / 통일전망대로; 현내면 명호리,https://www.gwgs.go.kr/,restricted,38.586486,128.375743
Deokso Church Boeing 747 -- Namyangju,Namyangju,Gyeonggi-do,South Korea,12269,Asia,Deokso-ri; Wabu-eup / 경기도 남양주시 와부읍 덕소리,,public,37.590448,127.227269
Taejosan Park Aircraft Monuments -- Cheonan,Cheonan,Chungcheongnam-do,South Korea,31068,Asia,Taejosan-gil; Dongnam-gu / 충청남도 천안시 동남구 태조산 (Taejosan barrier-free trail),,public,36.823710,127.191000
Airplane Park -- Wanju,Wanju,Jeollabuk-do,South Korea,55364,Asia,Yongseo-ri; Iseo-myeon / 전북특별자치도 완주군 이서면 용서리,,public,35.830879,127.023440
Chonbuk National University Engineering Aircraft Display -- Jeonju,Jeonju,Jeollabuk-do,South Korea,54896,Asia,567 Baekje-daero; Deokjin-gu / 전북특별자치도 전주시 덕진구 백제대로 567 (College of Engineering),https://www.jbnu.ac.kr/,public,35.846336,127.133463
Gumi Aircraft Display Ground,Gumi,Gyeongsangbuk-do,South Korea,39213,Asia,Yaeun-ro; Bugok-dong / 경상북도 구미시 부곡동 야은로,,appointment,36.148857,128.289288
Chungcheong University Airframe Training Hall -- Cheongju,Cheongju,Chungcheongbuk-do,South Korea,28172,Asia,Tapyeonwolgok-gil; Gangnae-myeon; Heungdeok-gu / 충청북도 청주시 흥덕구 강내면 (충청대학교),https://www.ok.ac.kr/,appointment,36.618579,127.367539
Jaundae Military Education Complex Aircraft -- Daejeon,Daejeon,Daejeon,South Korea,34059,Asia,Jaun-ro; Sinseong-dong; Yuseong-gu / 대전광역시 유성구 자운로 (자운대),,restricted,36.414300,127.347000
Gonyang F-4D Roadside Display -- Sacheon,Sacheon,Gyeongsangnam-do,South Korea,52506,Asia,Gonyang-myeon (beside the Namhae Expressway) / 경상남도 사천시 곤양면,,public,35.074854,128.011824
Yeongam Yongdang-ri Aircraft,Yeongam,Jeollanam-do,South Korea,58756,Asia,Yongdang-ri; Yongdang-ro / 전라남도 영암군 용당리 용당로,,public,34.765043,126.390432
Presidential Security Service Training Institute Aircraft -- Seoul,Seoul,Seoul,South Korea,07505,Asia,Gaehwadong-ro 4-gil; Sangya-dong; Gangseo-gu / 서울특별시 강서구 개화동로4길 (대통령경호실 경호안전교육원),,restricted,37.557357,126.785754
ROCAF Aviation Education Exhibition Hall -- Gangshan,Kaohsiung,Kaohsiung,Taiwan,820,Asia,No. 55 Zhiyuan Road; Gangshan District / 高雄市岡山區致遠路55號 (inside the ROCAF Academy campus),http://www.aeeh.com.tw/,public,22.793760,120.269333
ROCAF Museum and Military Aircraft Display Area -- Gangshan,Kaohsiung,Kaohsiung,Taiwan,820009,Asia,No. 1 Jieshou West Road; Gangshan District / 高雄市岡山區介壽西路1號 (空軍軍官學校),,restricted,22.785062,120.272668
ROCAF Air Force Institute of Technology -- Gangshan,Kaohsiung,Kaohsiung,Taiwan,820009,Asia,No. 198 Jieshou West Road; Gangshan District / 高雄市岡山區介壽西路198號 (空軍航空技術學院介壽校區),,restricted,22.784895,120.280899
Chingchuankang Air Base Displays -- Taichung,Taichung,Taichung,Taiwan,43346,Asia,Heping New Road; Daya District (main gate) / 台中市大雅區和平新路 (空軍清泉崗基地),,restricted,24.241417,120.630672
Hsinchu Air Base Displays,Hsinchu,Hsinchu,Taiwan,300,Asia,空軍新竹基地 / Hsinchu Air Base; North District,,restricted,24.818000,120.938000
Chiayi Air Base Displays,Chiayi,Chiayi,Taiwan,600,Asia,Yushan Road; West District / 嘉義市西區玉山路 (嘉義水上機場; 空軍嘉義基地),,restricted,23.456300,120.399700
Hualien Air Base Displays,Hualien,Hualien,Taiwan,970,Asia,空軍花蓮基地 / Hualien Air Base; Hualien City,,restricted,24.023000,121.617000
Pingtung Air Base Displays,Pingtung,Pingtung,Taiwan,900,Asia,空軍屏東基地 south apron / 屏東機場南機場,,restricted,22.700000,120.462000
Magong Air Base Displays -- Penghu,Magong,Penghu,Taiwan,880,Asia,空軍澎湖基地 / Penghu Air Base; Magong City,,restricted,23.568000,119.628000
Songshan Air Base Displays -- Taipei,Taipei,Taipei,Taiwan,105,Asia,No. 121 Section 4 Minquan East Road; Songshan District / 台北市松山區民權東路四段121號 (空軍松山基地),,restricted,25.064473,121.559639
Kangle Park F-104 -- Hsinchu,Hsinchu,Hsinchu,Taiwan,300,Asia,Dongda Road; Kangle Li; North District / 新竹市北區東大路康樂里康樂公園,,public,24.836149,120.943049
Bagua Mountain Military Aircraft Park -- Changhua,Changhua,Changhua,Taiwan,500,Asia,Bagua Mountain Scenic Area / 彰化縣彰化市八卦山風景區軍機公園,,public,24.078600,120.559300
Xihu Military Aircraft Park -- Changhua,Xihu,Changhua,Taiwan,514,Asia,Xihu Township / 彰化縣溪湖鎮軍機公園,,public,,
Jiji Military History Park -- Nantou,Jiji,Nantou,Taiwan,552,Asia,Jiji Township; east of Jiji railway station / 南投縣集集鎮軍史公園,,public,23.827177,120.795410
Nanhua Reservoir Military Park -- Tainan,Tainan,Tainan,Taiwan,716,Asia,Nanhua District; Nanhua Reservoir / 臺南市南化區南化水庫軍武公園,,public,,
Chenggongling Army Base Aircraft -- Taichung,Taichung,Taichung,Taiwan,41453,Asia,No. 502 Section 3 Zhongshan Road; Wuri District / 台中市烏日區中山路三段502號 (成功嶺營區),,restricted,24.122600,120.602400
823 Memorial Park Aircraft -- Taichung,Taichung,Taichung,Taiwan,406,Asia,Chongde 9th Road; Beitun District / 台中市北屯區崇德九路 (台中市八二三紀念公園),,public,24.187200,120.688900
Shuinan Central Park Aircraft -- Taichung,Taichung,Taichung,Taiwan,407792,Asia,Lane 277 Xi'an Street; Xitun District / 台中市西屯區西安街277巷 (水湳經貿園區; former Shuinan airfield),,public,24.185800,120.648300
National Chung Hsing University Aircraft -- Taichung,Taichung,Taichung,Taiwan,402,Asia,No. 145 Xingda Road; South District / 台中市南區興大路145號 (中興大學舊飛機停靠場),https://www.nchu.edu.tw/,public,24.119700,120.677500
AIDC Aerospace Park -- Shalu Taichung,Taichung,Taichung,Taiwan,43346,Asia,Zhongzhen Road; Shalu District / 台中市沙鹿區忠貞路 (漢翔航太研習園區),https://www.aidc.com.tw/,appointment,24.245200,120.604500
Dayang Oil Depot Park F-104 -- Taichung,Taichung,Taichung,Taiwan,436,Asia,Qingshui District / 臺中市清水區大楊油庫公園,,public,,
Taichung Public Library Shalu Shenbo Branch F-104,Taichung,Taichung,Taiwan,433,Asia,Shalu District / 台中市沙鹿區臺中市立圖書館沙鹿深波分館,,public,,
Chiayang High School F-104 -- Taichung,Taichung,Taichung,Taiwan,436,Asia,Qingshui District / 臺中市清水區臺中市私立嘉陽高級中學,,appointment,,
Taichung Martyrs Shrine for Servicemen Aircraft -- Dajia,Taichung,Taichung,Taiwan,437,Asia,Dajia District / 臺中市大甲區臺中市軍人忠靈祠,,public,,
New Taipei Martyrs Shrine for Servicemen F-104 -- Shulin,New Taipei,New Taipei,Taiwan,238,Asia,Shulin District / 新北市樹林區新北市軍人忠靈祠,,public,,
Keelung Conscription Park F-104,Keelung,Keelung,Taiwan,201,Asia,Xinyi District / 基隆市信義區基隆役政公園,,public,,
Yilan Martyrs Shrine for Servicemen F-104 -- Su'ao,Su'ao,Yilan,Taiwan,270,Asia,Su'ao Township / 宜蘭縣蘇澳鎮宜蘭縣軍人忠靈祠,,public,,
Taitung Martyrs Shrine for Servicemen F-104 -- Beinan,Beinan,Taitung,Taiwan,954,Asia,Lijia Forest Road; Taian Village; Beinan Township / 臺東縣卑南鄉利嘉林道 (台東縣軍人忠靈祠),,public,22.803390,121.059783
Kaohsiung Martyrs Shrine for Servicemen F-104 -- Niaosong,Kaohsiung,Kaohsiung,Taiwan,833,Asia,Niaosong District / 高雄市鳥松區高雄市軍人忠靈祠鳥松園區,,public,,
Chung Cheng Armed Forces Preparatory School Aircraft -- Fengshan,Kaohsiung,Kaohsiung,Taiwan,830,Asia,No. 1 Kaixuan Road; Fengshan District / 高雄市鳳山區凱旋路1號 (中正國防幹部預備學校),,restricted,22.606800,120.360500
National Defense University Zhongzhengling Campus Aircraft -- Daxi,Taoyuan,Taoyuan,Taiwan,33551,Asia,No. 75 Shiyuan Road; Sanyuan Li; Daxi District / 桃園市大溪區石園路75號 (國防大學中正嶺校區; 理工學院),,restricted,24.873300,121.264900
National Science and Technology Museum F-104 -- Kaohsiung,Kaohsiung,Kaohsiung,Taiwan,807,Asia,No. 720 Jiuru 1st Road; Sanmin District / 高雄市三民區九如一路720號 (國立科學工藝博物館),https://www.nstm.gov.tw/,public,22.647000,120.312000
National Cheng Kung University Guiren Campus F-104 -- Tainan,Tainan,Tainan,Taiwan,711,Asia,Guiren District / 臺南市歸仁區國立成功大學歸仁校區,https://www.ncku.edu.tw/,appointment,,
National Cheng Kung University Main Campus UH-1H -- Tainan,Tainan,Tainan,Taiwan,701,Asia,University Road; East District / 台南市東區大學路 (國立成功大學),https://www.ncku.edu.tw/,public,22.995395,120.222558
Chung Hua University of Medical Technology Hsinchu Campus Aircraft,Hengshan,Hsinchu County,Taiwan,312,Asia,Hengshan Township / 新竹縣橫山鄉中華科技大學新竹分部,,appointment,,
Chung Hua University of Medical Technology Yunlin Campus F-104,Gukeng,Yunlin,Taiwan,646,Asia,Gukeng Township / 雲林縣古坑鄉中華科技大學雲林校區,,appointment,,
Shang Teng Vocational High School F-104 -- Ji'an Hualien,Ji'an,Hualien,Taiwan,973,Asia,Ji'an Township / 花蓮縣吉安鄉私立上騰工商,,appointment,,
Daxing High School F-104 -- Dayuan Taoyuan,Taoyuan,Taoyuan,Taiwan,337,Asia,Dayuan District / 桃園市大園區桃園市大興高級中等學校,,appointment,,
Tatung University of Science and Technology RF-104G -- Luzhu Kaohsiung,Kaohsiung,Kaohsiung,Taiwan,821,Asia,Luzhu District / 高雄市路竹區台鋼科技大學 (formerly 高苑科技大學),,appointment,22.841533,120.264964
Chiang Ching-kuo Memorial Hall F-104 -- Kinmen,Jinning,Kinmen,Taiwan,892,Asia,Jinning Township; Kinmen County / 金門縣金寧鄉蔣經國先生紀念館,,public,24.437333,118.354250
Zhongshan Memorial Forest Rushan Visitor Centre C-119 -- Kinmen,Jinsha,Kinmen,Taiwan,890,Asia,Rushan Visitor Centre forecourt; Zhongshan Memorial Forest / 金門縣中山紀念林乳山遊客中心前廣場,,public,,
Former ROCN Taoyuan Air Base Stored Aircraft,Taoyuan,Taoyuan,Taiwan,337,Asia,Dayuan District; site of the former ROC Navy Taoyuan air base / 桃園市大園區原海軍桃園航空基地舊址,,restricted,25.070000,121.230000
Tamkang University Aircraft Display -- Tamsui,New Taipei,New Taipei,Taiwan,251,Asia,No. 151 Yingzhuan Road; Tamsui District / 新北市淡水區英專路151號 (淡江大學),https://www.tku.edu.tw/,public,25.176400,121.450600
Dongdamen Night Market F-5E -- Hualien,Hualien,Hualien,Taiwan,970,Asia,No. 50 Zhongshan Road; Hualien City / 花蓮市中山路50號 (東大門夜市),,public,23.971413,121.610519
Taipei Veterans General Hospital Taitung Branch F-5E,Taitung,Taitung,Taiwan,950,Asia,No. 1000 Gengsheng Road; Taitung City / 台東市更生路1000號 (台北榮民總醫院台東分院),,public,22.773583,121.132984
Taitung Airport BN-2 Display,Taitung,Taitung,Taiwan,95063,Asia,No. 1100 Minhang Road; Taitung City / 台東市民航路1100號 (台東航空站),,public,22.755727,121.106567
Beinan Elementary School Do 228 -- Taitung,Taitung,Taitung,Taiwan,950019,Asia,No. 317 Gengsheng North Road; Beinan Li; Taitung City / 台東市更生北路317號 (卑南國小),,appointment,22.781856,121.119714
Zhihang Road Aircraft -- Taitung,Taitung,Taitung,Taiwan,950,Asia,Section 3 Zhihang Road; Fugang Li; Taitung City / 台東市富岡里志航路三段,,restricted,22.786965,121.172774
National Defense Medical Center F-5E -- Taipei,Taipei,Taipei,Taiwan,114,Asia,No. 161 Section 6 Minquan East Road; Neihu District / 台北市內湖區民權東路六段161號 (國防醫學院),,restricted,25.071665,121.597517
Boai Camp Ministry of National Defense Aircraft -- Taipei,Taipei,Taipei,Taiwan,10462,Asia,No. 409 Beian Road; Zhongshan District / 台北市中山區北安路409號 (國防部博愛營區),,restricted,25.080800,121.543300
Beian Road F-86 Display -- Taipei,Taipei,Taipei,Taiwan,11166,Asia,Beian Road; Jiantan Li; Zhongshan District / 台北市中山區北安路劍潭里,,,25.076900,121.527100
Shanlin District F-5 -- Kaohsiung,Kaohsiung,Kaohsiung,Taiwan,846,Asia,No. 6 Zhongxue Lane; Qingshui Road; Shangping Li; Shanlin District / 高雄市杉林區清水路中學巷6號,https://shanlin.kcg.gov.tw/,public,22.967783,120.541114
Anping F-104 Display -- Tainan,Tainan,Tainan,Taiwan,708,Asia,Anyi Road; Yizai Li; Anping District (Twin Museums cycleway near Eternal Golden Castle) / 台南市安平區安億路億載里,,public,22.994110,120.158616
Zhongzhuang West Camp Aircraft -- Chiayi,Shuishang,Chiayi County,Taiwan,608,Asia,Shizigang; Zhonghe Village; Shuishang Township / 嘉義縣水上鄉忠和村中庄西營區,,restricted,23.417840,120.437005
Nankan River Cycleway Aircraft -- Guishan Taoyuan,Taoyuan,Taoyuan,Taiwan,333,Asia,Nankan River cycleway; Luguang Li; Guishan District / 桃園市龜山區陸光里南崁溪自行車步道,,public,24.994700,121.330700
Dakeng Road UH-1H -- Guishan Taoyuan,Taoyuan,Taoyuan,Taiwan,333,Asia,No. 501 Section 3 Dakeng Road; Dagang Li; Guishan District / 桃園市龜山區大坑路三段501號,,public,25.056913,121.349819
Guanghua Village Community Centre Aircraft -- Ershui Changhua,Ershui,Changhua,Taiwan,530019,Asia,No. 20-1 Guangjin 1st Lane; Guanghua Village; Ershui Township / 彰化縣二水鄉光化村光進一巷20-1號,,public,23.814074,120.616487
Caotun Cycleway Aircraft -- Nantou,Caotun,Nantou,Taiwan,54255,Asia,Bifeng Li; Caotun Township (Caotun cycleway system) / 南投縣草屯鎮碧峰里草屯自行車道,,public,23.972171,120.648476
Juancun 2nd Lane Aircraft -- Tainan,Tainan,Tainan,Taiwan,702,Asia,Juancun 2nd Lane; Jingcha New Village; Mingde Li; South District / 台南市南區明德里警察新村眷村二巷,,public,22.977230,120.200889
Lotnicze Zakłady Naukowe Aircraft Display -- Wrocław,Wrocław,Dolnośląskie,Poland,51-345,Europe,ul. Kiełczowska 43,,restricted,51.14588,17.12286
Politechnika Wrocławska Aviation Engineering Display -- Wrocław,Wrocław,Dolnośląskie,Poland,51-647,Europe,ul. Braci Gierymskich 164 (Zakład Inżynierii Lotniczej),,restricted,51.10142,17.12106
MiG-21MF 9111 Gate Guard -- Poznań-Krzesiny,Poznań,Wielkopolskie,Poland,61-325,Europe,"31. Baza Lotnictwa Taktycznego, ul. Silniki 1",,restricted,52.32211,16.97910
Su-22M4 Gate Guard -- Wojskowe Zakłady Lotnicze nr 2 Bydgoszcz,Bydgoszcz,Kujawsko-Pomorskie,Poland,85-315,Europe,ul. Szubińska 107,https://www.wzl2.mil.pl/,public,53.11265,17.95719
Samolot Lim-2 w Andrychowie,Andrychów,Małopolskie,Poland,34-120,Europe,ul. Krakowska (DK52),,public,49.85586,19.34902
MiG-21F Victory Monument -- Szprotawa,Szprotawa,Lubuskie,Poland,67-300,Europe,ul. Niepodległości,,public,51.56437,15.53019
Pomnik Tradycji Lotniczych w Wiechlicach,Wiechlice,Lubuskie,Poland,67-300,Europe,Centrum Kształcenia i Wychowania OHP; ul. Brzozowa,,public,51.55335,15.58329
MiG-21M 1906 Monument -- Rosnowo,Rosnowo,Zachodniopomorskie,Poland,76-042,Europe,,http://www.rosnowo.pl/n-pomnik-miga.html,public,,
Pomnik Biało-Czerwonej Iskry -- Otwock,Otwock,Mazowieckie,Poland,05-400,Europe,skrzyżowanie ul. Kruczej i ul. Armii Krajowej,,public,52.10362,21.26958
Su-22 Display -- Zespół Szkół Technicznych i Licealnych Sosnowiec,Sosnowiec,Śląskie,Poland,41-200,Europe,ul. Jana Kilińskiego 25,,restricted,,
Samolot Lim-6bisR 5037 -- Babimost,Babimost,Lubuskie,Poland,66-110,Europe,ul. Janusza Korczaka,,public,52.16509,15.83665
Śmigłowiec Mi-2T Monument -- Babimost,Babimost,Lubuskie,Poland,66-110,Europe,,,public,52.16723,15.83727
MiG-15 Monument -- Nowe Miasto nad Pilicą,Nowe Miasto nad Pilicą,Mazowieckie,Poland,26-420,Europe,ul. Ogrodowa,,public,51.61724,20.58559
Samolot TS-11 Iskra -- Mońki,Mońki,Podlaskie,Poland,19-101,Europe,Aleja Niepodległości,,public,53.40444,22.80103
Samolot bombowy Ił-28 -- Witkowo,Witkowo,Wielkopolskie,Poland,62-230,Europe,ul. Żwirki i Wigury,,public,52.43871,17.76755
MiG-21 Monument -- Warszawa Mokotów,Warszawa,Mazowieckie,Poland,02-519,Europe,ul. Wiśniowa,,restricted,52.21044,21.01356
MiG-21UM 9308 -- Warszawa Okęcie,Warszawa,Mazowieckie,Poland,02-179,Europe,ul. Żwirki i Wigury,,public,52.17687,20.97825
Jak-40 042 -- Warszawa Fort Radiowo,Warszawa,Mazowieckie,Poland,01-485,Europe,ul. Radiowa,,restricted,52.25535,20.90882
Instytut Techniczny Wojsk Lotniczych -- Warszawa,Warszawa,Mazowieckie,Poland,01-494,Europe,ul. Księcia Bolesława (Instytut Techniczny Wojsk Lotniczych),,restricted,52.25165,20.93612
Tu-134A Training Airframe -- Biuro Operacji Antyterrorystycznych Warszawa,Warszawa,Mazowieckie,Poland,02-337,Europe,ul. Włochowska,,restricted,52.21158,20.94691
Antonow An-2 Monument -- Warszawa Paluch,Warszawa,Mazowieckie,Poland,02-147,Europe,ul. Wieżowa,,public,52.16138,20.95857
8. Baza Lotnictwa Transportowego -- Kraków-Balice,Balice,Małopolskie,Poland,32-083,Europe,Kraków-Balice,,restricted,50.06816,19.79151
MiG-17F/Lim-5R and Mi-2T -- Dębica,Dębica,Podkarpackie,Poland,39-200,Europe,ul. Ratuszowa,,public,50.05840,21.40941
Twierdza Modlin Aircraft Monuments -- Nowy Dwór Mazowiecki,Nowy Dwór Mazowiecki,Mazowieckie,Poland,05-160,Europe,ul. Generała Ignacego Ledóchowskiego,,public,52.44176,20.67954
Su-22M4 Monument -- Politechnika Poznańska Piotrowo,Poznań,Wielkopolskie,Poland,61-138,Europe,ul. Piotrowo,,public,52.40150,16.95053
PZL TS-8 Bies Monument -- Poznań Górczyn,Poznań,Wielkopolskie,Poland,60-128,Europe,ul. Piotra Ściegiennego,,public,52.38434,16.88366
MiG-21 Monument -- Bogucin,Bogucin,Wielkopolskie,Poland,62-006,Europe,ul. Helikopterowa,,public,52.43456,17.03902
Su-22 9103 Monument -- Mielnica Duża,Mielnica Duża,Wielkopolskie,Poland,62-560,Europe,,,public,52.49086,18.37632
TS-11 Iskra 1231 Monument -- Zamość,Zamość,Lubelskie,Poland,22-401,Europe,Osiedle Jana Zamoyskiego,,public,50.71875,23.28010
TS-11 Iskra bis B 721 Monument -- Stalowa Wola,Stalowa Wola,Podkarpackie,Poland,37-465,Europe,ul. Eugeniusza Kwiatkowskiego,,public,50.55861,22.05430
PZL TS-11 Iskra 311 Field Monument -- Kazimierzów,Kazimierzów,Mazowieckie,Poland,08-205,Europe,przy drodze 698 (Stara Kornica - Konstantynów),,public,52.18864,23.02936
"PZL Mi-2 ""Taurus II"" -- Franciszków",Franciszków,Lubelskie,Poland,21-007,Europe,ul. Szkolna 59,,public,51.22889,22.72234
Śmigłowiec Mi-2 -- Mełgiew,Mełgiew,Lubelskie,Poland,21-007,Europe,ul. 3 Maja,,public,51.23101,22.77863
Mi-2 SP-SPR Monument -- Puławy,Puławy,Lubelskie,Poland,24-111,Europe,ul. 4 Pułku Piechoty Wojska Polskiego,,public,51.41245,21.95534
Samolot LIM-2 -- Jarocin,Jarocin,Wielkopolskie,Poland,63-200,Europe,ul. Ludwika Waryńskiego,,public,51.97758,17.50783
MiG-15 Monument -- Piła,Piła,Wielkopolskie,Poland,64-920,Europe,ul. Spacerowa,,public,53.15053,16.72806
SB-Lim-2 Monument -- Busko-Zdrój,Busko-Zdrój,Świętokrzyskie,Poland,28-102,Europe,ul. Stefana Żeromskiego,,public,50.47423,20.71243
TS-8 Bies Monument -- Pińczów,Pińczów,Świętokrzyskie,Poland,28-400,Europe,Pałęki,,public,50.51917,20.51852
PZL TS-8 Bies Monument -- Dukla,Dukla,Podkarpackie,Poland,38-450,Europe,ul. Parkowa (Muzeum Historyczne - Pałac w Dukli grounds),,public,49.55658,21.68387
Samolot PZL M-2 -- Radomyśl Wielki,Radomyśl Wielki,Podkarpackie,Poland,39-310,Europe,Rynek,,public,50.19590,21.27699
"An-2 ""Antek"" -- Blizna",Blizna,Podkarpackie,Poland,39-104,Europe,Park Historyczny Blizna,,public,50.18969,21.60751
An-2 Monument -- Rudzienice,Rudzienice,Warmińsko-Mazurskie,Poland,14-204,Europe,ul. Sadowa,,public,53.63742,19.65899
An-2 Monument -- Barcinek,Barcinek,Dolnośląskie,Poland,58-512,Europe,,,public,50.94583,15.63307
Samolot An-24 -- Wojciechów,Wojciechów,Opolskie,Poland,46-300,Europe,Borki,,public,50.91259,18.37571
Samolot JAK-40 -- Brzeźnica,Brzeźnica,Małopolskie,Poland,34-114,Europe,ul. Wiślana,,public,49.96996,19.64183
TS-5 Bies Monument -- Nowy Tomyśl,Nowy Tomyśl,Wielkopolskie,Poland,64-300,Europe,park przy trasie dawnej Opalenitzaer Kleinbahn,,public,52.31312,16.14443
TS-11 Iskra Monument -- Krosno Turaszówka,Krosno,Podkarpackie,Poland,38-404,Europe,ul. Stanisława Wyspiańskiego,,public,49.71891,21.71183
TS-11 Iskra Monument -- Oleśnica,Oleśnica,Dolnośląskie,Poland,56-400,Europe,ul. Wileńska,,public,51.20910,17.40444
Pomnik Samolotu Iskra -- Świdwin,Świdwin,Zachodniopomorskie,Poland,78-301,Europe,ul. Połczyńska; Osiedle Wojskowe,,public,53.77679,15.82482
MiG-21PF Monument -- Babie Doły,Kosakowo,Pomorskie,Poland,81-113,Europe,,,restricted,54.58300,18.53473
Lim-5 Monument -- Grudziądz Lotnisko,Grudziądz,Kujawsko-Pomorskie,Poland,86-311,Europe,ul. Parkowa,,public,53.47232,18.77096
MiG-21 Monument -- Osówiec,Osówiec,Kujawsko-Pomorskie,Poland,86-014,Europe,,,public,53.18372,17.88822
SZD-43 Orion Glider Monument -- Leszno,Leszno,Wielkopolskie,Poland,64-100,Europe,ul. Jana Kasprowicza,,public,51.84258,16.56516
"MiG-15 Monument to 1. Pułk Lotnictwa Myśliwskiego ""Warszawa"" -- Warka",Warka,Mazowieckie,Poland,05-660,Europe,ul. Obwodowa; Ostrówek,,public,51.79124,21.18389
PWS-26 Replica Monument -- Biała Podlaska Łomaska,Biała Podlaska,Lubelskie,Poland,21-500,Europe,ul. Łomaska,,public,52.02323,23.12048
RWD-6 SP-AHN Replica Monument -- Biała Podlaska Brzeska,Biała Podlaska,Lubelskie,Poland,21-500,Europe,ul. Brzeska,,public,52.03738,23.13394
Fokker Dr.I Replica Monument -- Świdnica,Świdnica,Dolnośląskie,Poland,58-100,Europe,ul. Generała Władysława Sikorskiego; Osiedle Młodych,,public,50.84859,16.47925
PZL-110 Koliber SP-TKA -- Łańcut,Łańcut,Podkarpackie,Poland,37-100,Europe,Podzwierzyniec,,public,50.09132,22.23139
PZL-110 Koliber SP-TKD -- Nowa Wieś,Nowa Wieś,Podkarpackie,Poland,36-001,Europe,przy A4/S19,,public,50.09636,22.03326
PZL-104 Wilga 35A SP-AFC -- Jasionka,Jasionka,Podkarpackie,Poland,36-002,Europe,Brodkowice,,public,50.11172,22.05402
An-2TD SP-AMM -- Jasionka,Jasionka,Podkarpackie,Poland,36-001,Europe,,,public,50.11732,22.02295
MiG-21 Monument -- Wrocław Żerniki,Wrocław,Dolnośląskie,Poland,54-433,Europe,ul. Macieja Przybyły,,public,51.11715,16.91648
MiG-21 Monument -- Wrocław Lipa Piotrowska,Wrocław,Dolnośląskie,Poland,51-180,Europe,ul. Pełczyńska,,public,51.16380,17.00037
Muzeum Lotnictwa Polskiego -- Kraków,Kraków,Małopolskie,Poland,31-864,Europe,al. Jana Pawła II 39,https://muzeumlotnictwa.pl/,public,50.0783,19.9998
Muzeum Sił Powietrznych -- Dęblin,Dęblin,Lubelskie,Poland,08-521,Europe,ul. Dziewulskiego 4 (teren Lotniczej Akademii Wojskowej),https://muzeumsp.pl/,public,,
Muzeum Obrony Przeciwlotniczej -- Koszalin,Koszalin,Zachodniopomorskie,Poland,,Europe,ul. Wojska Polskiego 66,https://muzeumsp.pl/kategorie-eksponatow/muzeum-obrony-przeciwlotniczej/,public,,
Muzeum Polskiej Techniki Wojskowej -- Warszawa,Warszawa,Mazowieckie,Poland,02-903,Europe,ul. Powsińska 13 (Fort IX Czerniaków),https://muzeumptw.pl/,public,,
Muzeum Wojska Polskiego -- Warszawa Cytadela,Warszawa,Mazowieckie,Poland,01-538,Europe,"Cytadela Warszawska, ul. Gwardii 4",https://muzeumwp.pl/,public,,
Lubuskie Muzeum Wojskowe -- Drzonów,Drzonów,Lubuskie,Poland,66-008,Europe,Drzonów 54 (gmina Świdnica k. Zielonej Góry),https://muzeum.drzonow.eu/,public,,
Muzeum Uzbrojenia -- Poznań,Poznań,Wielkopolskie,Poland,61-663,Europe,"al. Armii Poznań (Park Cytadela), oddział Wielkopolskiego Muzeum Niepodległości",https://www.wmn.poznan.pl/wystawy/plenerowy-park-sprzetu-wojskowego/,public,,
Muzeum Oręża Polskiego -- Kołobrzeg,Kołobrzeg,Zachodniopomorskie,Poland,78-100,Europe,ul. Emilii Gierczak 5,http://www.muzeum.kolobrzeg.pl/,public,,
Muzeum im. Orła Białego -- Skarżysko-Kamienna,Skarżysko-Kamienna,Świętokrzyskie,Poland,26-110,Europe,ul. Słoneczna 90,https://muzeum.skarzysko.pl/,public,,
Muzeum Marynarki Wojennej -- Gdynia,Gdynia,Pomorskie,Poland,81-374,Europe,ul. Zawiszy Czarnego 1B,https://muzeummw.pl/,public,,
Muzeum Wojsk Lądowych -- Bydgoszcz,Bydgoszcz,Kujawsko-Pomorskie,Poland,85-915,Europe,ul. Czerkaska 2,https://www.muzeumwl.pl/,public,,
Muzeum Techniki Wojskowej -- Zabrze,Zabrze,Śląskie,Poland,,Europe,ul. Karola Miarki (teren dawnej kopalni),,public,,
Muzeum Lotnictwa i Techniki Wojskowej -- Rogowo,Rogowo,Zachodniopomorskie,Poland,,Europe,"Rogowo (gmina Trzebiatów), dawne lotnisko, oddział Muzeum Oręża Polskiego w Kołobrzegu",http://www.muzeum.kolobrzeg.pl/pl/muzeum/muzeum-lotnictwa-i-techniki-wojskowej/,public,,
Muzeum Kampanii Wrześniowej i Twierdzy Modlin -- Nowy Dwór Mazowiecki,Nowy Dwór Mazowiecki,Mazowieckie,Poland,05-100,Europe,Twierdza Modlin,,public,,
Muzeum Barwy i Oręża Arsenał -- Zamość,Zamość,Lubelskie,Poland,22-400,Europe,ul. Zamkowa 2 (oddział Muzeum Zamojskiego),https://muzeum-zamojskie.pl/,public,,
Muzeum Zamojskie -- Zamość,Zamość,Lubelskie,Poland,22-400,Europe,ul. Ormiańska 30,https://muzeum-zamojskie.pl/,public,,
Muzeum Broni i Militariów -- Witoszów Dolny,Witoszów Dolny,Dolnośląskie,Poland,58-100,Europe,Witoszów Dolny k. Świdnicy,http://muzeum-broni.com.pl/,public,,
Pilskie Muzeum Wojskowe -- Piła,Piła,Wielkopolskie,Poland,64-920,Europe,Piła,,public,,
Muzeum 303 im. ppłk pil. Jana Zumbacha -- Napoleon,Napoleon,Łódzkie,Poland,,Europe,Napoleon (gmina Ozorków),http://www.muzeum303.pl/,public,,
Muzeum Techniki i Militariów -- Rzeszów,Rzeszów,Podkarpackie,Poland,,Europe,Rzeszów,https://muzeum-techniki.rzeszow.pl/,public,,
Muzeum Ziemi Sochaczewskiej i Pola Bitwy nad Bzurą -- Sochaczew,Sochaczew,Mazowieckie,Poland,96-500,Europe,pl. Kościuszki 2,https://www.muzeumsochaczew.pl/,public,,
Muzeum Regionalne -- Dębica,Dębica,Podkarpackie,Poland,39-200,Europe,Dębica,,public,,
Muzeum Techniki Wojskowej GRYF -- Dąbrówka,Dąbrówka,Pomorskie,Poland,84-200,Europe,Dąbrówka k. Wejherowa,,public,,
Muzeum Centralnego Okręgu Przemysłowego -- Stalowa Wola,Stalowa Wola,Podkarpackie,Poland,37-450,Europe,ul. Hutnicza 17,https://muzeum.stalowawola.pl/,public,,
Muzeum Powstania Warszawskiego -- Warszawa,Warszawa,Mazowieckie,Poland,00-844,Europe,ul. Grzybowska 79,https://www.1944.pl/,public,,
Lotnicze Zakłady Naukowe -- Wrocław,Wrocław,Dolnośląskie,Poland,51-315,Europe,ul. Kiełczowska 43,https://lzn.pl/,appointment,,
Państwowa Akademia Nauk Stosowanych -- Chełm,Chełm,Lubelskie,Poland,22-100,Europe,ul. Pocztowa 54 and the university airfield at Depułtycze Królewskie,https://panswchelmie.pl/,appointment,,
Politechnika Poznańska -- Poznań,Poznań,Wielkopolskie,Poland,60-965,Europe,Kampus Piotrowo,https://www.put.poznan.pl/,public,,
Politechnika Rzeszowska -- Rzeszów,Rzeszów,Podkarpackie,Poland,35-959,Europe,"Wydział Budowy Maszyn i Lotnictwa, budynek L",https://w.prz.edu.pl/,appointment,,
Politechnika Wrocławska -- Wrocław,Wrocław,Dolnośląskie,Poland,50-370,Europe,Wybrzeże Wyspiańskiego 27,https://pwr.edu.pl/,appointment,,
Sieć Badawcza Łukasiewicz – Instytut Lotnictwa -- Warszawa,Warszawa,Mazowieckie,Poland,02-256,Europe,al. Krakowska 110/114,https://ilot.lukasiewicz.gov.pl/,appointment,,
Muzeum Sprzętu Wojskowego -- Mrągowo,Mrągowo,Warmińsko-Mazurskie,Poland,11-700,Europe,Mrągowo,,public,,
Museo de Aeronáutica y Astronáutica -- Cuatro Vientos,Madrid,Comunidad de Madrid,Spain,28054,Europe,Autovía A-5 km 10.700 / Aeródromo de Cuatro Vientos,https://ejercitodelaireydelespacio.defensa.gob.es/EA/museodelaire/index.html,public,40.365500,-3.803000
Fundación Infante de Orleans -- Cuatro Vientos,Madrid,Comunidad de Madrid,Spain,28054,Europe,Aeropuerto de Madrid-Cuatro Vientos,https://fio.es/,public,40.371000,-3.788000
AEROMUSEO -- Museo Aeronáutico de Málaga,Málaga,Andalucía,Spain,29004,Europe,Plaza Pierre George Latécoère / Avenida García Morato s/n (Churriana; original 1948 terminal of Málaga-Costa del Sol airport),https://www.aeromuseo.org,public,36.668900,-4.480600
Museu Aeronàutic de Catalunya -- Sabadell,Sabadell,Cataluña,Spain,08205,Europe,Carretera de Bellaterra s/n / Aeroport de Sabadell,https://fpac.org/,appointment,41.521000,2.105000
Academia Básica del Aire y del Espacio -- La Virgen del Camino,Valverde de la Virgen,Castilla y León,Spain,24198,Europe,Academia Básica del Aire y del Espacio / Base Aérea de León,https://ejercitodelaireydelespacio.defensa.gob.es/,restricted,42.586500,-5.649000
Base Aérea de Los Llanos Mirage F1 Display -- Albacete,Albacete,Castilla-La Mancha,Spain,02006,Europe,Plaza Teniente Coronel Vargas de la Rúa / Ala 14 / Base Aérea de Los Llanos,,restricted,38.948000,-1.863000
Col·lecció d'Avions de Xavier Monge -- Sant Pere dels Arquells,Ribera d'Ondara,Cataluña,Spain,25213,Europe,Sant Pere dels Arquells (La Segarra),,public,41.644000,1.317400
Real Aero Club de León Aircraft Display,Valverde de la Virgen,Castilla y León,Spain,24198,Europe,Real Aero Club de León / Calle San Javier / La Virgen del Camino,,public,42.582050,-5.636585
Monumento al Sikorsky S-76 -- Granada,Granada,Andalucía,Spain,18006,Europe,Calle Domingo Puente Marín / Cruz de Lagos / barrio del Zaidín,,public,37.163010,-3.601480
Memorial a los Aviadores RF-4C -- Antigüedad,Antigüedad,Castilla y León,Spain,34248,Europe,Antigüedad (Palencia),,public,41.947880,-4.113670
Avión Monumento MBB Bo 105 -- Codorniz,Codorniz,Castilla y León,Spain,40463,Europe,Carretera de Segovia a Zamora (CL-605),,public,41.066610,-4.606170
North American T-6 Monumento -- León,León,Castilla y León,Spain,24071,Europe,Plaza Martín Granizo / Eras de Renueva,,public,42.603860,-5.583290
Avión T.12 Aviocar -- Santa Marta de Tormes,Santa Marta de Tormes,Castilla y León,Spain,37194,Europe,Glorieta Base Aérea de Matacán / Signo XXV,https://www.turismosantamartadetormes.com/t12-aviocar,public,40.950800,-5.640570
Avión Monumento -- Villares de la Reina,Villares de la Reina,Castilla y León,Spain,37184,Europe,Acceso Norte a Salamanca / El Helmántico,,public,40.993360,-5.665310
Helicóptero Monumento -- Parque Aeronáutico y Logístico de Albacete,Albacete,Castilla-La Mancha,Spain,02049,Europe,Avenida del Helicóptero / Parque Aeronáutico y Logístico de Albacete,,public,38.941610,-1.880920
Helicóptero Monumento CM-3203 -- Albacete,Albacete,Castilla-La Mancha,Spain,02049,Europe,CM-3203 carretera del aeropuerto,,public,38.942970,-1.886070
Avión Mirage Monumento -- Calle Aeropuerto Albacete,Albacete,Castilla-La Mancha,Spain,02049,Europe,Calle Aeropuerto,,public,38.945670,-1.881690
Aviones Monumento Camino de la Malanoche -- Albacete,Albacete,Castilla-La Mancha,Spain,02008,Europe,Camino de la Malanoche (perímetro de la Base Aérea de Los Llanos),,public,38.953200,-1.861000
Mirage F1 Monumento Avenida de España -- Albacete,Albacete,Castilla-La Mancha,Spain,02008,Europe,Avenida de España / barrio Universidad,,public,38.976430,-1.852460
Mirage F1 Monumento Carretera de Ayora -- Albacete,Albacete,Castilla-La Mancha,Spain,02156,Europe,Carretera de Ayora / La Torrecica,,public,39.008380,-1.797160
MBB Bo 105 del Museo del Ejército -- Toledo,Toledo,Castilla-La Mancha,Spain,45002,Europe,Jardines del Museo del Ejército / Alcázar de Toledo,https://ejercito.defensa.gob.es/museo/,public,39.858750,-4.019740
Dassault Mirage III Monumento -- Reus,Reus,Cataluña,Spain,43110,Europe,Proximidades del Aeroport de Reus,,public,41.147460,1.152080
Monumento a la Aviación Española -- Guardamar del Segura,Guardamar del Segura,Comunidad Valenciana,Spain,03140,Europe,Avinguda de Madrid / Urbanització Els Estanys,,public,38.095100,-0.661120
Mirage F1CE Plaza de la Aviación Española -- Paterna,Paterna,Comunidad Valenciana,Spain,46035,Europe,Plaza de la Aviación Española / Campament,,public,39.501300,-0.431300
North American F-86F Parque del Oeste -- Valencia,Valencia,Comunidad Valenciana,Spain,46018,Europe,Parque del Oeste / Carrer d'Enguera,,public,39.466990,-0.395350
Aeronaves de la Universitat Politècnica de València,Valencia,Comunidad Valenciana,Spain,46022,Europe,Campus de Vera / Universitat Politècnica de València,https://www.upv.es/,public,39.481000,-0.341000
Dassault Mirage IIIEE del Museu de les Ciències -- Valencia,Valencia,Comunidad Valenciana,Spain,46013,Europe,Museu de les Ciències Príncipe Felipe / Ciutat de les Arts i les Ciències,https://www.cac.es/,public,39.454500,-0.352700
Bell OH-58A del Museo Histórico Militar -- Valencia,Valencia,Comunidad Valenciana,Spain,46006,Europe,Museo Histórico Militar de Valencia,,public,39.463000,-0.374000
Bell OH-58A ET-123 Glorieta del Sargento Joga -- Colmenar Viejo,Colmenar Viejo,Comunidad de Madrid,Spain,28770,Europe,Glorieta del Sargento Joga,,public,40.654340,-3.775210
Avión Monumento T17 -- Fuenlabrada,Fuenlabrada,Comunidad de Madrid,Spain,28942,Europe,Camino del Molino / barrio El Vivero,,public,40.285550,-3.820610
CASA C-212 Aviocar de Airbus Getafe,Getafe,Comunidad de Madrid,Spain,28901,Europe,Calle Aviocar / planta de Airbus Getafe,,restricted,40.297070,-3.711030
Hispano HA-220 Super Saeta -- Glorieta de la Plaza de Pinto Getafe,Getafe,Comunidad de Madrid,Spain,28901,Europe,Glorieta de la Plaza de Pinto,,public,40.301640,-3.727480
McDonnell Douglas F-4C Rotonda de El Bercial -- Getafe,Getafe,Comunidad de Madrid,Spain,28907,Europe,Rotonda de El Bercial,,public,40.329830,-3.731250
CASA C-101 del Intercambiador de Moncloa -- Madrid,Madrid,Comunidad de Madrid,Spain,28008,Europe,Intercambiador de Moncloa Isla 1 / Argüelles,,public,40.433870,-3.719260
CASA C-101 de la Ciudad Universitaria -- Madrid,Madrid,Comunidad de Madrid,Spain,28040,Europe,Plaza del Cardenal Cisneros / Ciudad Universitaria,,public,40.440770,-3.725790
Avión Monumento Avenida del Atlético Aviación -- Madrid,Madrid,Comunidad de Madrid,Spain,28022,Europe,Avenida del Atlético Aviación / barrio Rosas (San Blas-Canillejas),,public,40.436960,-3.597990
Avión del IES Barajas -- Madrid,Madrid,Comunidad de Madrid,Spain,28042,Europe,Instituto de Educación Secundaria Barajas / Avenida de América 119 / Alameda de Osuna,,restricted,40.450700,-3.598420
Aeronaves Expuestas del Aeropuerto de Madrid-Barajas,Madrid,Comunidad de Madrid,Spain,28042,Europe,Aeropuerto Adolfo Suárez Madrid-Barajas,,public,40.475000,-3.568000
Aeronaves del INTA y Base Príncipe -- Paracuellos de Jarama,Paracuellos de Jarama,Comunidad de Madrid,Spain,28850,Europe,Poblado INTA / Base Príncipe,,restricted,40.490500,-3.482000
McDonnell Douglas F-4C Rotonda del Puente del Arco -- Torrejón de Ardoz,Torrejón de Ardoz,Comunidad de Madrid,Spain,28850,Europe,Rotonda de la Avenida de la Constitución con Paseo de la Concordia,,public,40.466580,-3.438990
Aeronaves Expuestas de la Base Aérea de Torrejón,Torrejón de Ardoz,Comunidad de Madrid,Spain,28850,Europe,Base Aérea de Torrejón / Ala 12,,restricted,40.477000,-3.442000
Mirage F1M Escultura -- Villaviciosa de Odón,Villaviciosa de Odón,Comunidad de Madrid,Spain,28670,Europe,Villaviciosa de Odón,,public,40.357010,-3.896050
Avión Militar Expuesto -- Villaviciosa de Odón segundo emplazamiento,Villaviciosa de Odón,Comunidad de Madrid,Spain,28670,Europe,Villaviciosa de Odón,,public,40.349390,-3.915550
Aérospatiale SA 330 Puma del SAR -- Santiago de Compostela,Santiago de Compostela,Galicia,Spain,15820,Europe,Santiago de Compostela,,public,42.901010,-8.423490
Avión EC-CDD -- Vigo,Vigo,Galicia,Spain,36318,Europe,Avenida do Tranvía / As Patas / Peinador (Cabral),,public,42.223740,-8.635130
Convair CV-990 EC-BZO de Spantax -- Son Sant Joan,Palma,Islas Baleares,Spain,07198,Europe,Aeroport de Palma de Mallorca-Son Sant Joan,,public,39.558300,2.747820
Gate Guardian de la Base Aérea de Son Sant Joan,Palma,Islas Baleares,Spain,07610,Europe,Plaza de armas / Base Aèria de Son Sant Joan,,restricted,39.558830,2.743390
Avión Monumento Can Pastilla -- Palma,Palma,Islas Baleares,Spain,07610,Europe,Ma-6012 / Can Pastilla,,public,39.543090,2.710720
McDonnell Douglas DC-9 EC-DGB -- Las Palmas de Gran Canaria,Las Palmas de Gran Canaria,Canarias,Spain,35008,Europe,Avenida Juan Rodríguez Doreste / Santa Catalina-Canteras,,public,28.141010,-15.429540
Douglas DC-7 EC-ATR -- San Bartolomé de Tirajana,San Bartolomé de Tirajana,Canarias,Spain,35107,Europe,GC-500 / Tarajalillo,,public,27.784150,-15.511690
CASA C-101 Patrulla Águila -- Cartagena,Cartagena,Región de Murcia,Spain,30202,Europe,Plaza de las Tres Culturas / Casco Antiguo,,public,37.600620,-0.978240
CASA C-101 Monumento -- San Javier,San Javier,Región de Murcia,Spain,30720,Europe,Avenida del Mirador / La Calavera,,public,37.822360,-0.811780
CASA C-101 Monumento -- Torre Pacheco,Torre Pacheco,Región de Murcia,Spain,30700,Europe,Vereda de Orihuela,,public,37.749290,-0.964310
CASA C-212 Aviocar Monumento -- Sangonera la Seca,Murcia,Región de Murcia,Spain,30835,Europe,N-340 / San José de la Montaña / Sangonera la Seca,,public,37.963280,-1.224170
Gate Guardian SRF-5A de la Base Aérea de Zaragoza,Zaragoza,Aragón,Spain,50011,Europe,Control de Ventas Zona Sur / Base Aérea de Zaragoza,,restricted,41.663000,-1.041000
RF-4C Monumento de Airbus Sevilla-San Pablo,Sevilla,Andalucía,Spain,41020,Europe,Factoría de Airbus (ex EADS-CASA) / Aeropuerto de Sevilla-San Pablo,,restricted,37.418000,-5.905000
Museu do Ar -- Sintra,Sintra,Lisboa,Portugal,2715-021,Europe,Granja do Marquês / Pêro Pinheiro (junto à Base Aérea nº1),https://www.museudoar.pt/,public,38.836900,-9.342500
Museu do Ar -- Núcleo de Alverca,Alverca do Ribatejo,Lisboa,Portugal,2615-174,Europe,Largo dos Pioneiros da Aviação,https://www.museudoar.pt/,public,38.890600,-9.031900
Museu do Ar -- Núcleo de Ovar,Ovar,Aveiro,Portugal,3885-718,Europe,Rua da Base Aérea / Maceda,https://www.museudoar.pt/,appointment,40.923380,-8.635110
Museu de Marinha -- Lisboa,Lisboa,Lisboa,Portugal,1400-206,Europe,Praça do Império / Mosteiro dos Jerónimos / Belém,https://ccm.marinha.pt/pt/museu,public,38.697700,-9.207600
Aeronaves do Colégio Militar -- Lisboa,Lisboa,Lisboa,Portugal,1600-764,Europe,Parada do Colégio Militar / Carnide,,restricted,38.758600,-9.180700
Fiat G.91 do Estado-Maior da Força Aérea -- Alfragide,Amadora,Lisboa,Portugal,2610-284,Europe,Rua da Imprensa / Alfragide,,restricted,38.739800,-9.217700
Northrop T-38 Talon da Rotunda da A1 -- Alverca,Alverca do Ribatejo,Lisboa,Portugal,2615-001,Europe,Rotunda de saída da A1 / Alverca (Vila Franca de Xira),,public,38.891470,-9.047780
Monumento Gago Coutinho -- Alverca,Alverca do Ribatejo,Lisboa,Portugal,2615-205,Europe,Rua José Saramago,,public,38.890830,-9.036560
Piper Navajo do Largo dos Pastorinhos de Fátima -- Alverca,Alverca do Ribatejo,Lisboa,Portugal,2615-360,Europe,Largo dos Pastorinhos de Fátima / Verdelha,,public,38.892550,-9.037950
Northrop T-38 Talon -- Olivais Lisboa,Lisboa,Lisboa,Portugal,1800-000,Europe,Rua Salgueiro Maia / Olivais,,public,38.783790,-9.130530
Aeronaves do Centro de Formação Militar e Técnica da Força Aérea -- Ota,Alenquer,Lisboa,Portugal,2600-000,Europe,Centro de Formação Militar e Técnica da Força Aérea (antiga Base Aérea nº2) / Ota,,restricted,39.093480,-8.977660
Dassault/Dornier Alpha Jet Monumento -- Santa Cruz Torres Vedras,Torres Vedras,Lisboa,Portugal,2560-505,Europe,Rua Alice Pedro Pronto / Santa Cruz / Silveira,,public,39.126550,-9.379190
LTV A-7P Corsair II e F-16A da Base Aérea nº5 -- Monte Real,Leiria,Leiria,Portugal,2425-074,Europe,EN 349-1 / Serra do Porto de Urso / Base Aérea nº5 Monte Real,https://www.emfa.pt/unidade-18-base-aerea-n-5,restricted,39.833050,-8.881600
Beechcraft C-45 Expeditor -- Leiria,Leiria,Leiria,Portugal,2400-259,Europe,Rua Comissão de Iniciativa / Bairro dos Anjos / São Romão,,public,39.746470,-8.802750
LTV A-7P Corsair II Monumento -- Samora Correia,Benavente,Santarém,Portugal,2135-000,Europe,IC3 / EN118 / Samora Correia,,public,38.775660,-8.886020
Fiat G.91R 5470 Monumento -- Vila Real,Vila Real,Vila Real,Portugal,5000-082,Europe,EM313 / Paúlos / Folhadela,,public,41.276380,-7.717870
Fiat G.91 Monumento -- Viseu,Viseu,Viseu,Portugal,3505-000,Europe,Rua do Barbeito / Abraveses (junto ao Aeródromo de Viseu),,public,40.722280,-7.890240
Lockheed T-33 Shooting Star Monumento -- Bragança,Bragança,Bragança,Portugal,5300-431,Europe,EN 218-3 / Sacoias / Baçal,,public,41.856700,-6.705500
Cessna 337 Skymaster -- São Jacinto,Aveiro,Aveiro,Portugal,3810-901,Europe,Rua da Base Aérea / São Jacinto,,public,40.660640,-8.731130
Avião Monumento -- Paranhos Porto,Porto,Porto,Portugal,4200-298,Europe,Rua do Doutor Júlio de Matos / Lamas / Paranhos,,public,41.174970,-8.596100
Avião da Escola Básica de Alfeite -- Almada,Almada,Setúbal,Portugal,2810-001,Europe,Escola Básica de Alfeite / Rua José Carlos de Melo / Laranjeiro e Feijó,,restricted,38.661790,-9.154870
Avião Exposto Bela Vista -- Setúbal,Setúbal,Setúbal,Portugal,2910-063,Europe,Rua do Monte / Bela Vista,,public,38.521530,-8.869750
Avião Exposto Estrada da Arábia -- Faro,Faro,Faro,Portugal,8001-701,Europe,Estrada da Arábia / Montenegro (junto ao Aeroporto de Faro),,public,37.018800,-7.974100
