id	country	rule	tail	manufacturer	designation	site_country
18793	FR	F- registration	F-PPPN	Lemaire	01	France
24594	US	US registration (maker is not a UK airframe builder)	N8600	Fleet	1	United States
26945	US	US registration (maker is not a UK airframe builder)	N6162	Barndoor	1	United States
19520	IL	4X- registration	4X-AAF	Fleet	1	Israel
25772	US	N-number	N638M	Fleet	1	United States
15836	GB	RAF pre-war single-letter serial	A8226	Sopwith	1 1/2 Strutter	United Kingdom
20217	US	N-number	N4088H	Sopwith	1 1/2 Strutter	United States
20218	US	N-number	N1914S	Sopwith	1 1/2 Strutter	United States
20865	CA	C-F/G registration	C-FSOP	Sopwith	1 1/2 Strutter	Canada
23458	GB	G- registration	G-AVMN	BAC	1-11-510ED	Denmark
5891	US	N-number	N891H	Driggers	1-A	United States
25769	US	US registration (maker is not a UK airframe builder)	N3960	Waco	10	United States
11560	AR	LV- registration	LV-ZCL	Fleet	10A	Argentina
15969	GB	G- registration	G-LIOA	Lockheed	10A	United Kingdom
22621	NZ	ZK- registration	ZK-BUT	Lockheed	10A	New Zealand
22622	NZ	ZK- registration	ZK-AFD	Lockheed	10A	New Zealand
7801	US	N-number	N34690	Stinson	10A	United States
8452	US	N-number	N36794	Stinson	10A	United States
9693	US	N-number	N31553	Stinson	10A	United States
25105	US	N-number	N34645	Stinson	10A	United States
26971	US	N-number	N34618	Stinson	10A	United States
23936	US	N-number	N418N	Travel Air	10D	United States
7645	US	N-number	N1602D	Lockheed	10E	United States
7233	US	US registration (maker is not a UK airframe builder)	N7970	Waco	10GXE	United States
21202	CA	CF- registration	CF-AQU	Waco	10GXE	Canada
21203	CA	CF- registration	CF-AOI	Waco	10GXE	Canada
18256	FR	F- registration	F-PIHU	BG	10-01	France
20579	CA	C-F/G registration	C-FPYJ	Ultimate	10-100	Canada
19373	IR	EP- registration	EP-ASL	Fokker	100	Iran
22001	AU	VH- registration	VH-NHO	Fokker	100	Australia
20292	US	N-number	N108ZZ	Nord	1002	United States
22521	NZ	ZK- registration	ZK-WFI	Nord	1002	New Zealand
14768	GB	G- registration	G-ATBG	Nord	1002	United Kingdom
17628	DE	D- registration	D-ELLM	Nord	1002Pingouin II	Germany
21193	CA	CF- registration	CF-REF	Viking	104	Canada
24120	US	N-number	N49888	Spratt	108	United States
13270	UY	CX- registration	CX-ALL	Stinson	108-3	Uruguay
21505	CA	CF- registration	CF-BMP	Stinson	108-1 Voyager	Canada
7523	US	N-number	N435D	Stinson	108-2	United States
21267	CA	CF- registration	CF-MPJ	Stinson	108-2 Flying Station Wagon	Canada
10611	US	N-number	N918C	Stinson	108-3	United States
24084	US	N-number	N6729M	Stinson	108-3	United States
26965	US	N-number	N6528M	Stinson	108-3	United States
7218	US	N-number	N31541	Stinson	10A	United States
7688	US	N-number	N124DS	Nieuport	11	United States
20980	CA	C-F/G registration	C-IPOR	Nieuport	11	Canada
25765	US	N-number	N6239B	Nieuport	11	United States
10559	US	N-number	N1642B	Luscombe	11A	United States
20683	CA	CF- registration	CF-HGN	Aeronca	11A Chief	Canada
26900	US	N-number	N9199E	Aeronca	11AC	United States
26929	US	N-number	N9318E	Aeronca	11AC	United States
20608	CA	C-F/G registration	C-FNGV	Aeronca	11Chief	Canada
8350	US	N-number	N18642	Monocoupe	110	United States
5944	US	N-number	N15E	Monocoupe	110	United States
10563	US	US registration (maker is not a UK airframe builder)	N2064	Monocoupe	110	United States
27036	US	N-number	N101H	Monocoupe	110Special	United States
20293	US	N-number	N208K	Nord	1101	United States
16608	DE	D- registration	D-EACF	Nord	1101Noralpha	Germany
19213	FR	F- registration	F-WDMU	Nord Aviation	1101Noralpha	France
19471	IL	4X- registration	4X-COA	Aero Commander	1121	Israel
23301	US	N-number	N16SK	Aero Commander	1121	Norway
24698	US	N-number	N910MH	Aero Commander	1121	United States
5942	US	US registration (maker is not a UK airframe builder)	N7808	Monocoupe	113	United States
9675	US	N-number	N9180E	Aeronca	11AC	United States
8419	US	N-number	N18137	Lockheed	12A	United States
22004	AU	VH- registration	VH-BHH	Lockheed	12A	Australia
7840	US	N-number	N72948	Cessna	120	United States
21754	AU	VH- registration	VH-BQC	Fawcett	120	Australia
18827	FR	F- registration	F-BBKU	SNCAN	1203	France
18309	FR	F- registration	F-BBET	Nord Aviation	1203Norécrin II	France
18489	FR	F- registration	F-BIFU	SNCAN	1203VI	France
14415	GB	RAF two-letter serial	ZD620	British Aerospace	125CC.3	United Kingdom
18907	FR	F- registration	F-BBSK	Mauboussin	129	France
18254	FR	F- registration	F-CROE	Nord Aviation	1300	France
18255	FR	F- registration	F-CRQH	Nord Aviation	1300	France
18310	FR	F- registration	F-CRNT	Nord Aviation	1300	France
18828	FR	F- registration	F-CRJI	SNCAN	1300	France
18829	FR	F- registration	F-CAXL	SNCAN	1300	France
7839	US	N-number	N74456	Bellanca	14-13-2	United States
22701	FR	F- registration	F-AZBP	Breguet	14A2	New Zealand
24079	US	N-number	N74223	Bellanca	14-13-2	United States
3913	MX	XB- registration	XB-FOU	Bellanca	14-13-2	United States
7841	US	N-number	N76483	Cessna	140	United States
12899	CL	CC- registration	CC-PRB	Cessna	140	Chile
23742	IS	TF- registration	TF-AST	Cessna	140	Iceland
1898	US	N-number	N143SC	Scaled Composites	143	United States
14682	GB	G- registration	G-JEAO	British Aerospace	146-100	United Kingdom
19356	IR	EP- registration	EP-MOK	BAe	146-300	Iran
14672	GB	RAF two-letter serial	ZE707	British Aerospace	146C.3	United Kingdom
14673	GB	RAF two-letter serial	ZE708	British Aerospace	146C.3	United Kingdom
16150	GB	RAF two-letter serial	ZE700	British Aerospace	146CC.2	United Kingdom
6190	GB	RAF two-letter serial	ZE701	British Aerospace	146CC2	United Kingdom
751	US	N-number	N69P	Monte-Copter	15	United States
11380	AR	LV- registration	LV-DIV	Lenticular	15S	Argentina
23261	NO	LN- registration	LN-FAF	Cessna	150	Norway
23876	US	N-number	N5998E	Cessna	150	United States
12898	CL	CC- registration	CC-KQZ	Cessna	150A	Chile
9061	US	N-number	N4373U	Cessna	150D	Thailand
21996	AU	VH- registration	VH-DML	Cessna	150E	Australia
351	US	N-number	N50198	Cessna	150H	United States
9401	TH	HS- registration	HS-AFB	Cessna	150H	Thailand
21157	CA	C-F/G registration	C-GAZG	Cessna	150H	Canada
26663	US	N-number	N1058M	Cessna	150J	United States
19768	US	N-number	N6164G	Cessna	150K	Turkey
3946	US	N-number	N18588	Cessna	150L	United States
24823	US	N-number	N1209Q	Cessna	150L	United States
24119	US	N-number	N714GR	Cessna	150M	United States
3599	US	N-number	N4644Q	Cessna	152	United States
19984	TR	TC- registration	TC-SEA	Cessna	152	Turkey
19542	IL	4X- registration	4X-CDF	Cessna	152	Israel
21928	AU	RAAF A-series serial	A9-164	Department of Aircraft Production	152Mk VA	Australia
21565	AU	RAAF A-series serial	A9-13	Department of Aircraft Production	152Mk VIII	Australia
21566	AU	RAAF A-series serial	A8-328	Department of Aircraft Production	156Mk 21	Australia
9676	US	N-number	N1065H	Aeronca	15AC	United States
10489	US	N-number	N1471H	Aeronca	15AC	United States
22429	NZ	RNZAF serial	NZ6373	BAC	167Mk.88	New Zealand
22691	NZ	ZK- registration	ZK-DAC	BAC	167Mk.88	New Zealand
20515	CA	C-F/G registration	C-IRFC	Nieuport	17	Canada
26961	US	N-number	N170RM	Nieuport	17	United States
26074	US	N-number	N14409	Beech	17B17L	United States
20225	US	N-number	N1918C	Nieuport	17bis	United States
26075	US	N-number	N962W	Beech	17C17L	United States
26079	US	N-number	N20753	Beech	17D17S	United States
26076	US	N-number	N19467	Beech	17E17L	United States
26077	US	N-number	N17083	Beech	17F17D	United States
26078	US	N-number	N20798	Beech	17F17D	United States
26080	US	N-number	N80308	Beech	17G17S	United States
26073	US	N-number	N499N	Beech	17R	United States
23865	US	N-number	N9708E	Bellanca	17-30A	United States
21550	AU	VH- registration	VH-ADL	Bristol	170	Australia
22588	NZ	ZK- registration	ZK-CLU	Bristol	170	New Zealand
22762	NZ	ZK- registration	ZK-BJT	Cessna	170B	New Zealand
25781	US	N-number	N3533C	Cessna	170B	United States
20559	CA	CF- registration	CF-TFX	Bristol	170Freighter Mk 31M	Canada
22215	AU	RAAF A-series serial	A81-1	Bristol	170Mk 21E	Australia
22567	NZ	ZK- registration	ZK-AYG	Bristol	170Mk.21	New Zealand
22568	NZ	ZK- registration	ZK-CRK	Bristol	170Mk.31E	New Zealand
22435	NZ	RNZAF serial	NZ5903	Bristol	170Mk.31M	New Zealand
14207	NZ	RNZAF serial	NZ5911	Bristol	170 Freighter Mk.31M	United Kingdom
21887	GB	RAF two-letter serial	XA220	Bristol	171HR.50	Australia
21549	AU	RAAF A-series serial	A91-1	Bristol	171Mk 3	Australia
21770	GB	RAF two-letter serial	XR592	Bristol	171Mk 4	Australia
21886	GB	RAF two-letter serial	XD653	Bristol	171Mk 4	Australia
16632	DE	Bundeswehr NN+NN	78+20	Bristol	171Sycamore Mk 52	Germany
17151	DE	Bundeswehr NN+NN	78+04	Bristol	171Sycamore Mk 52	Germany
17280	DE	D- registration	D-HFUM	Bristol	171Sycamore Mk 52	Germany
6665	US	N-number	N9172B	Cessna	172	United States
8599	US	N-number	N9344L	Cessna	172	United States
20616	CA	C-F/G registration	C-FUGE	Cessna	172	Canada
22502	NZ	ZK- registration	ZK-CGI	Cessna	172	New Zealand
26966	US	N-number	N6922X	Cessna	172B	United States
23615	FI	OH- registration	OH-COO	Cessna	172C Skyhawk	Finland
7068	US	N-number	N15138	Cessna	172E	United States
24103	US	N-number	N80522	Cessna	172L	United States
3947	US	N-number	N12774	Cessna	172M	United States
3600	US	N-number	N734SV	Cessna	172N	United States
17135	DE	D- registration	D-ECJB	Cessna	172P	Germany
3601	US	N-number	N6259V	Cessna	172RG	United States
3602	US	N-number	N6048Z	Cessna	172S	United States
14209	GB	RAF two-letter serial	XF785	Bristol	173Mk.1	United Kingdom
7842	US	N-number	N7205M	Cessna	175	United States
7862	US	N-number	N32402	Rearwin	175	United States
7782	US	N-number	N1910F	Cessna	177B	United States
12972	CO	HK- registration	HK-1086	Beechcraft	18	Colombia
11163	BR	PT- registration	PT-CGV	Lockheed	18	Brazil
20610	CA	CF- registration	CF-UWE	Beechcraft	18	Canada
11307	US	N-number	N714S	Lockheed	18-56	Argentina
38378	ZA	ZS- registration	ZS-ASN	Lockheed	18-08	South Africa
7108	US	N-number	N250D	Lockheed	18-56	United States
7109	US	N-number	N1940S	Lockheed	18-56	United States
13047	US	N-number	N1846G	Lockheed	18-56	Peru
15022	GB	G- registration	G-BVWL	Air & Space	18A	United Kingdom
7865	US	N-number	N6128S	Air and Space	18A	United States
747	US	N-number	N6131S	Air & Space Manufacturing	18A	United States
16619	DE	D- registration	D-HOBB	Air & Space	18A Flymobil	Germany
26081	US	N-number	N87AZ	Beech	18D	United States
26082	US	N-number	N80036	Beech	18D18S	United States
7265	US	N-number	N13JC	Beechcraft	18E18S	United States
15552	GB	G- registration	G-ASUG	Beech	18E18S	United Kingdom
26083	US	N-number	N712JS	Beech	18E18S	United States
24097	US	N-number	N404H	Beechcraft	18G18S	United States
24101	US	N-number	N5959F	Beechcraft	18H18	United States
37938	US	N-number	N495FA	Beechcraft	18S	Malta
12973	CO	HK- registration	HK-1197	Beechcraft	18S	Colombia
5773	US	N-number	N1538C	Cessna	180	United States
23743	IS	TF- registration	TF-HIS	Cessna	180	Iceland
21614	AU	RAAF A-series serial	A98-351	Cessna Aircraft	180A	Australia
21613	AU	RAAF A-series serial	A98-045	Cessna Aircraft	180D	Australia
10517	US	N-number	N90685	Commonwealth	185	United States
24329	US	N-number	N92972	Commonwealth	185	United States
25788	US	N-number	N92910	Rearwin	185	United States
11545	AR	LV- registration	LV-HUA	Cessna	185A	Argentina
15925	GB	RAF two-letter serial	XF926	Bristol	188	United Kingdom
22503	NZ	ZK- registration	ZK-CQN	Cessna	188	New Zealand
22590	NZ	ZK- registration	ZK-CQZ	Cessna	188	New Zealand
20887	CA	C-F/G registration	C-GXQM	Cessna	188AGwagon	Canada
15589	GB	G- registration	G-BVWK	Air & Space	18A	United Kingdom
16382	IE	EI- registration	EI-CNG	Air & Space	18A	United Kingdom
12974	US	N-number	N6132S	Air & Space	18A	Colombia
7837	US	N-number	N1978W	Beechcraft	19B	United States
25778	US	N-number	N3474V	Cessna	190	United States
26920	US	N-number	N34740	Rearwin	190F	United States
12805	CL	CC- registration	CC-FCC	Cessna	195	Chile
17799	US	N-number	N3480V	Cessna	195	Germany
7805	US	N-number	N9864A	Cessna	195A	United States
10512	US	N-number	N1071D	Cessna	195A	United States
19776	US	N-number	N195RS	Cessna	195A	Turkey
21492	CA	CF- registration	CF-KIY	Cessna	195Businessliner	Canada
20957	CA	C-F/G registration	C-GUOW	Mortensen	1PM	Canada
18853	FR	F- registration	F-PEEX	SFAN	2	France
25428	US	N-number	N93204	Martin	2-0-2	United States
20633	CA	CF- registration	CF-FTC	Taylorcraft	20	Canada
12896	CL	CC- registration	CC-DIV	Beechcraft	200CT	Chile
9490	TH	HS- registration	HS-IAM	Travel Air	2000	Thailand
18830	FR	F- registration	F-CBGB	SNCAN	2000	France
18831	FR	F- registration	F-CBVP	SNCAN	2000	France
21063	CA	CF- registration	CF-AFG	Travel Air	2000	Canada
23958	US	US registration (maker is not a UK airframe builder)	N1081	Travel Air	2000	United States
6282	US	N-number	N74TD	Beechcraft	2000	United States
7756	US	N-number	N8283S	Beechcraft	2000	United States
9680	US	N-number	N214JB	Beechcraft	2000	United States
3894	US	N-number	N39TU	Beechcraft	2000A	United States
7838	US	N-number	N1556S	Beechcraft	2000A	United States
7770	US	N-number	N5228U	Cessna	206	United States
11382	AR	LQ- registration	LQ-JAL	Cessna	206	Argentina
15251	GB	G- registration	G-ASWJ	Beagle	206-206	United Kingdom
14199	GB	G- registration	G-ARRM	Beagle	206-206X	United Kingdom
23473	FI	OH- registration	OH-HRD	Agusta-Bell	206A	Finland
23547	FI	OH- registration	OH-HRG	Agusta-Bell	206A	Finland
20412	CA	C-F/G registration	C-FQZB	Bell	206A	Canada
22662	NZ	ZK- registration	ZK-HVH	Bell	206A	New Zealand
6286	US	N-number	N10729	Bell	206B	United States
22061	AU	VH- registration	VH-DIK	Bell	206B	Australia
22663	NZ	ZK- registration	ZK-HUV	Bell	206B	New Zealand
21610	AU	RAAF A-series serial	A17-001	Bell Helicopter	206B-1	Australia
21764	AU	RAAF A-series serial	A17-005	Bell Helicopter	206B-1	Australia
22042	AU	RAAF A-series serial	A17-007	Bell	206B-1	Australia
22085	AU	RAAF A-series serial	A17-012	Bell Helicopter	206B-1	Australia
15021	IT	Matricola Militare	MM80927	Agusta-Bell	206C-1	United Kingdom
5752	US	N-number	N3911Z	Bell	206L-1	United States
9796	US	N-number	N73927	Bell	207	United States
21229	CA	C-F/G registration	C-FAAE	Fleet	21M	Canada
11386	AR	LV- registration	LV-LJU	Cessna	210B	Argentina
10533	US	US registration (maker is not a UK airframe builder)	N2816	Fairchild	22C7A	United States
10534	US	N-number	N12454	Fairchild	22C7B	United States
25550	US	N-number	N14768	Fairchild	22C7D	United States
7113	US	US registration (maker is not a UK airframe builder)	N9396	Fairchild	22C7F	United States
11072	BR	PP- registration	PP-TBD	Fairchild	22C7G	Brazil
17802	DE	D- registration	D-EFWC	MBB	223Flamingo PFM	Germany
4492	US	N-number	N88B	Learjet	23	United States
7759	US	N-number	N505PF	Learjet	23	United States
20120	US	N-number	N23BY	Learjet	23	United States
26347	US	N-number	N824LJ	Lear Jet	23	United States
8172	US	N-number	N241JA	Learjet	24	United States
27034	US	N-number	N193DB	Learjet	24B	United States
6461	US	N-number	N24RL	Nieuport	24bis	United States
18874	FR	F- registration	F-AZKA	SZD	24C	France
25551	US	US registration (maker is not a UK airframe builder)	N2890	Fairchild	24C8A	United States
27025	US	N-number	N14799	Fairchild	24C8C	United States
23874	US	N-number	N14749	Fairchild	24C8C	United States
21225	CA	CF- registration	CF-AZT	Fairchild	24C8E Argus	Canada
7847	US	N-number	N16852	Fairchild	24C8F	United States
7016	US	N-number	N281FP	Learjet	24D	United States
23731	US	N-number	N311LJ	Learjet	24D	Finland
10535	US	N-number	N23E	Fairchild	24G	United States
24030	US	N-number	N19139	Fairchild	24G	United States
23962	US	N-number	N19128	Fairchild	24H	United States
24628	US	N-number	N19129	Fairchild	24H	United States
19518	IL	4X- registration	4X-AAR	Fairchild	24J	Israel
10536	US	N-number	N48411	Fairchild	24R-40	United States
25549	US	N-number	N81228	Fairchild	24R-46	United States
26899	US	N-number	N77658	Fairchild	24R-46A	United States
25548	US	N-number	N20632	Fairchild	24R-9	United States
25552	US	N-number	N52427	Fairchild	24W-41A	United States
7072	US	N-number	N66143	Fairchild	24W-41A	United States
8451	US	N-number	N18695	Fairchild	24W-9	United States
2815	US	N-number	N396CG	Convair	240-5	United States
21134	CA	CF- registration	CF-JRQ	Boeing	247D	Canada
11548	FR	F- registration	F-AIEH	Latécoère	25-3R	Argentina
11431	AR	LV- registration	LV-WXY	Learjet	25D	Argentina
11569	AR	LV- registration	LV-OEL	Learjet	25D	Argentina
16978	US	N-number	N106TA	Nord	262A-21	Germany
23891	US	USAF/US Army fiscal-year serial	67-15412	Hughes	269A	United States
23461	DK	OY- registration	OY-HAD	Hughes	269A1	Denmark
12799	CL	CC- registration	CC-KKO	Hughes	269B	Chile
22480	NZ	ZK- registration	ZK-HHY	Hughes	269C	New Zealand
22575	NZ	ZK- registration	ZK-HSJ	Hughes	269C	New Zealand
22669	NZ	ZK- registration	ZK-HEI	Hughes	269C	New Zealand
6462	US	N-number	N5597M	Nieuport	27	United States
7689	US	N-number	N127LT	Nieuport	27	United States
20226	US	N-number	N27XZ	Nieuport	27	United States
19206	FR	F- registration	F-AJNQ	Latécoère	28	France
25199	US	N-number	N27226	Nieuport	28	United States
9743	US	USAF/US Army fiscal-year serial	17-6531	Nieuport	28C.1	United States
20862	CA	C-F/G registration	C-FEWL	Nieuport	28C.1	Canada
9723	US	N-number	N203JS	Cumulus	2F	United States
21046	GB	British serial (maker is a UK airframe builder)	N8156	Sopwith	2F.1Camel	Canada
10548	US	N-number	N376H	Great Lakes	2T-1	United States
24638	US	N-number	N304Y	Great Lakes	2T-1	United States
5894	US	N-number	N77RF	Great Lakes	2T-1A	United States
25107	US	N-number	N625CJ	Great Lakes	2T-1A	United States
26914	US	N-number	N11339	Great Lakes	2T-1A	United States
21163	CA	CF- registration	CF-ODR	S.C.A.N.	30	Canada
8371	US	US registration (maker is not a UK airframe builder)	N3947	Travel Air	3000	United States
25592	US	N-number	N533PE	Cessna	305A	United States
24764	US	N-number	N32FL	Cessna	305E	United States
21265	CA	CF- registration	CF-DCH	Bellanca	31-55A Senior Skyrocket	Canada
15456	GB	G- registration	G-APNJ	Cessna	310	United Kingdom
21562	AU	VH- registration	VH-AER	Cessna	310	Australia
3948	US	N-number	N182Z	Cessna	310A	United States
9682	US	N-number	N3051D	Cessna	310A	United States
21940	AU	VH- registration	VH-MGY	Cessna	310B	Australia
26562	US	N-number	N900S	Cessna	310B	United States
21941	AU	VH- registration	VH-REK	Cessna	310C	Australia
7772	BR	PP- registration	PP-OTI	Cessna	310F	United States
23996	US	N-number	N6775X	Cessna	310F	United States
19279	CY	5B- registration	5B-CGL	Cessna	310K	Cyprus
11426	AR	LQ- registration	LQ-JGS	Cessna	310N	Argentina
18906	FR	F- registration	F-CRCR	Le Castel	310P	France
3603	US	N-number	N315CB	Cessna	310Q	United States
19314	IR	EP- registration	EP-JBA	Cessna	310Q	Iran
22101	AU	VH- registration	VH-JOS	Cessna Aircraft	310R	Australia
24789	US	N-number	N310MG	Cessna	310R	United States
12731	AR	LV- registration	LV-IFV	Cessna	320	Argentina
12897	CL	CC- registration	CC-CEP	Cessna	320D	Chile
8192	US	N-number	N2254R	Nord	3202	United States
26093	US	N-number	N4091S	Beech	33F33A	United States
16366	GB	G- registration	G-BDBS	Short	330	United Kingdom
22102	AU	VH- registration	VH-CMY	Cessna Aircraft	336	Australia
23420	DK	OY- registration	OY-CBB	Cessna	337	Denmark
7810	US	N-number	N6274F	Cessna	337A	United States
12890	CL	CC- registration	CC-CFN	Cessna	337A	Chile
24247	US	N-number	N888B	Cessna	337B	United States
23262	NO	LN- registration	LN-TVY	Cessna	337D	Norway
21942	AU	VH- registration	VH-DBA	Cessna	337G	Australia
21386	CA	C-F/G registration	C-FUEO	Cessna	337Skymaster	Canada
12900	CL	CC- registration	CC-CHZ	Cessna	340	Chile
22332	AU	VH- registration	VH-III	Cessna	340	Australia
23039	SE	SE- registration	SE-ISF	Saab	340	Sweden
24333	US	N-number	N24AT	Convair	340	United States
8114	US	N-number	N999MF	Learjet	35	United States
7836	US	N-number	N80441	Beechcraft	35	United States
7771	US	N-number	N5124C	Beechcraft	35B35	United States
17976	DE	Bundeswehr NN+NN	75+35	Saab	35Draken	Germany
26088	US	N-number	N545H	Beech	35H	United States
26089	US	N-number	N6826Q	Beech	35S	United States
2733	US	N-number	N167TP	Saab	35SK35XD	United States
22488	NZ	ZK- registration	ZK-APJ	Porterfield	35W	New Zealand
5769	DE	D- registration	D-ADLH	CASA	352L	United States
16612	DE	D- registration	D-ANOY	CASA	352L	Germany
20291	US	N-number	N352JU	CASA	352L	United States
38379	ZA	ZS- registration	ZS-AFA	CASA	352L	South Africa
19084	FR	F- registration	F-PEVA	Potez	36-13	France
26091	US	N-number	N9675R	Beech	36A36	United States
26092	US	N-number	N4668M	Beech	36A36	United States
6329	US	N-number	N44BH	Lancair	360	United States
16401	GB	G- registration	G-BKMW	Short	360	United Kingdom
23887	US	N-number	N360BV	Boeing	360	United States
9834	US	USAF/US Army fiscal-year serial	23-2501	Bell	360	United States
5762	US	N-number	N70700	Boeing	367-80	United States
22595	NZ	ZK- registration	ZK-HHK	Hughes	369	New Zealand
7149	US	N-number	N387RF	Hughes	369A	United States
6325	US	N-number	N11035	Hughes	369D	United States
22671	NZ	ZK- registration	ZK-HLY	Hughes	369HS	New Zealand
23892	US	USAF/US Army fiscal-year serial	65-12916	Hughes	369OH-6A	United States
3882	US	N-number	N1038V	Aero Spacelines	377G	United States
18159	FR	F- registration	F-BPPA	Aero Spacelines	377 SGT	France
8544	US	N-number	N1921V	Waco	4	United States
18854	FR	F- registration	F-PFOO	SFAN	4	France
8545	US	N-number	N920W	Waco	4	United States
7761	US	N-number	N569Y	Stearman	4D	United States
25460	US	N-number	N259S	Martin	4-0-4	United States
8308	US	N-number	N145S	Martin	4-0-4	United States
26428	US	US registration (maker is not a UK airframe builder)	N9610	Ford	4-AT B	United States
26453	US	US registration (maker is not a UK airframe builder)	N4542	Ford	4-AT B	United States
7110	US	US registration (maker is not a UK airframe builder)	N9612	Ford	4-AT E	United States
18894	FR	F- registration	F-AZQP	Avia	40P	France
3886	US	N-number	N64VM	Beechcraft	400	United States
7117	US	US registration (maker is not a UK airframe builder)	N1004	Travel Air	4000	United States
9491	TH	HS- registration	HS-PSP	Travel Air	4000	Thailand
10628	US	US registration (maker is not a UK airframe builder)	N9049	Travel Air	4000	United States
26662	US	US registration (maker is not a UK airframe builder)	N8858	Travel Air	4000	United States
7762	US	N-number	N671H	Travel Air	4000D-4000	United States
14533	GB	G- registration	G-OVNE	Cessna	401	United Kingdom
22103	AU	VH- registration	VH-DZY	Cessna Aircraft	402A	Australia
24073	US	N-number	N450A	Martin	404	United States
4519	US	N-number	N462M	Martin	404	United States
6750	US	N-number	N411DE	Bell	412HP	United States
884	US	N-number	N2172H	ERCO	415	United States
4003	US	N-number	N78X	ERCO	415C	United States
23744	IS	TF- registration	TF-EHA	Erco	415C	Iceland
23745	IS	TF- registration	TF-ZZZ	Erco	415C	Iceland
24567	US	N-number	N2389H	Erco	415C	United States
25533	US	N-number	N99182	Erco	415C	United States
25589	US	N-number	N2327H	Erco	415C	United States
441	US	N-number	N99229	ERCO	415D	United States
12813	CL	CC- registration	CC-PBZ	ERCO	415E	Chile
24086	US	N-number	N3430H	Erco	415G	United States
10708	SD	ST- registration	ST-PRC	Cessna	421	Ethiopia
22468	NZ	ZK- registration	ZK-KBF	Cessna	421B	New Zealand
23151	NO	LN- registration	LN-KLK	Convair	440	Norway
26901	US	N-number	N25607	Sky Craft	446	United States
26958	US	N-number	N4507L	Evangel	4500-300	United States
7135	US	N-number	N4501L	Evangel	4500-300-II	United States
23879	US	N-number	N5H	Bell	47B	United States
20521	CA	CF- registration	CF-FZX	Bell	47D	Canada
10502	US	N-number	N12087	Bell	47D-1	United States
20180	US	N-number	N929B	Bell	47D1	United States
7150	US	N-number	N6356X	Continental Copters	47G	United States
11152	BR	PP- registration	PP-HUF	Bell	47G	Brazil
20884	CA	CF- registration	CF-NHH	Bell	47G	Canada
23258	NO	LN- registration	LN-ORW	Bell	47G	Norway
23422	DK	OY- registration	OY-HDH	Bell	47G	Denmark
8900	AU	VH- registration	VH-JCN	Bell	47G-2	Singapore
13565	IN	VT- registration	VT-DXE	Bell	47G-2	India
21606	AU	RAAF A-series serial	A1-568	Bell Helicopter	47G-2	Australia
22465	NZ	ZK- registration	ZK-HFU	Bell	47G-3B	New Zealand
21607	AU	RAAF A-series serial	A1-720	Bell Helicopter	47G-3B-1	Australia
21608	AU	RAAF A-series serial	A1-732	Bell Helicopter	47G-3B-1	Australia
21769	AU	RAAF A-series serial	A1-410	Bell	47G-3B-1	Australia
21834	AU	RAAF A-series serial	A1-158	Bell Helicopter	47G-3B-1	Australia
21883	AU	RAAF A-series serial	A1-640	Bell	47G-3B-1	Australia
22187	AU	RAAF A-series serial	A1-738	Bell Helicopter	47G-3B-1	Australia
22422	AU	RAAF A-series serial	A1-404	Bell	47G-3B-1	Australia
22430	NZ	RNZAF serial	NZ3706	Bell	47G-3B-1	New Zealand
22498	NZ	ZK- registration	ZK-ICJ	Bell	47G-3B-1	New Zealand
23170	SE	SE- registration	SE-HME	Bell	47G-3B-1	Norway
6590	US	N-number	N481RD	Bell	47G-3B-2	United States
6636	US	N-number	N147RS	Bell	47G-3B-2	United States
38369	GB	RAF two-letter serial	XT562	Agusta-Bell	47G-3B1	South Africa
15024	GB	G- registration	G-AZYB	Bell	47H	United Kingdom
23881	US	N-number	N8010E	Bell	47H-1	United States
24588	US	N-number	N996B	Bell	47H-1	United States
23303	NO	LN- registration	LN-ORD	Bell	47J	Norway
25848	US	N-number	N73960	Bell	47J-2	United States
22601	NZ	ZK- registration	ZK-HGO	Bell	47J-2A	New Zealand
23882	US	N-number	N8523F	Bell	47J-2A	United States
20680	CA	CF- registration	CF-IVE	Bell	47J-3B1 Ranger	Canada
16620	US	USAF/US Army fiscal-year serial	58-5348	Bell	47OH-13H	Germany
17924	GB	RAF two-letter serial	XT120	Bell	47OH-13H	Germany
21602	AU	RAAF A-series serial	A1-407	Bell	47G-3B-1	Australia
22038	AU	RAAF A-series serial	A1-406	Bell	47G-3B-1	Australia
9045	TH	HS- registration	HS-TZM	Enstrom	480	Thailand
9088	TH	HS- registration	HS-TZN	Enstrom	480	Thailand
7138	US	N-number	N224MJ	Camair	480	United States
24090	US	N-number	N214N	Camair	480B	United States
21064	CA	CF- registration	CF-AMB	Stearman	4EM Junior Speedmail	Canada
8464	US	US registration (maker is not a UK airframe builder)	N9645	Ford	5-AT B	United States
8465	US	US registration (maker is not a UK airframe builder)	N9667	Ford	5-AT B	United States
26345	US	US registration (maker is not a UK airframe builder)	N8419	Ford	5-AT C	United States
10541	US	N-number	N414H	Ford	5-AT C	United States
19361	IR	EP- registration	EP-YPZ	Fokker	50	Iran
25106	US	N-number	N21070	Aeronca	50C	United States
26094	US	N-number	N14VU	Beech	50D50E	United States
21153	CA	CF- registration	CF-BXP	Fleet	50K Freighter	Canada
7757	US	N-number	N501CC	Cessna	500	United States
11421	AR	LQ- registration	LQ-CLW	Cessna	500	Argentina
19309	IR	EP- registration	EP-ABD	Aero Commander	500	Iran
22658	NZ	ZK- registration	ZK-CWP	Aero Commander	500	New Zealand
19310	IR	EP- registration	EP-SNC	Aero Commander	500B	Iran
23893	US	USAF/US Army fiscal-year serial	81-23655	Hughes	500D	United States
7566	US	US registration (maker is not a UK airframe builder)	NX869	Travel Air	5000	United States
15979	GB	RAF pre-war single-letter serial	D7560	Avro	504K	United Kingdom
16003	GB	G- registration	G-ADEV	Avro	504K	United Kingdom
16272	GB	RAF pre-war single-letter serial	H2311	Avro	504K	United Kingdom
17149	GB	RAF pre-war single-letter serial	E3349	Avro	504K	Germany
22210	GB	RAF pre-war single-letter serial	E3747	Avro	504K	Australia
22398	AU	RAAF A-series serial	A3-4	Avro	504K	Australia
20343	GB	RAF pre-war single-letter serial	D8971	Avro	504K	Canada
21054	CA	G-C Canadian Empire-era mark	G-CYCK	Avro	504K	Canada
21055	CA	G-C Canadian Empire-era mark	G-CYFG	Avro	504K	Canada
14910	GB	RAF two-letter serial	VV106	Supermarine	510	United Kingdom
18736	FR	F- registration	F-AZVI	Avia	52A	France
7831	US	N-number	N711YY	Aero Commander	520	United States
25208	US	N-number	N104GC	Zlin	526	United States
7758	US	N-number	N526JP	Cessna	526	United States
26096	US	N-number	N5522T	Beech	55-58TC	United States
22330	AU	VH- registration	VH-SUV	Beech	56TC	Australia
26097	US	N-number	N300JR	Beech	56TC	United States
22331	AU	VH- registration	VH-SQJ	Beech	58	Australia
21997	AU	VH- registration	VH-PDW	Convair	580	Australia
22642	NZ	ZK- registration	ZK-CIB	Convair	580	New Zealand
24814	US	US registration (maker is not a UK airframe builder)	N8878	Travel Air	6B	United States
26098	US	N-number	N410G	Beech	60B-60	United States
21209	CA	CF- registration	CF-ANR	Kari-Keen	60Sioux Coupe	Canada
460	US	N-number	N4942V	Travel Air	6000A	United States
5993	US	N-number	N20741	Rearwin	6000M	United States
10588	US	N-number	N19415	Rearwin	6000M	United States
20849	CA	G-C Canadian Empire-era mark	G-CAVB	Avro	616Avian	Canada
21213	CA	CF- registration	CF-CDV	Avro	616Avian Mk IVM	Canada
21057	CA	CF- registration	CF-CDQ	Avro	616IVM Avian	Canada
22427	NZ	RNZAF serial	NZ203	Avro	626	New Zealand
22211	AU	RAAF A-series serial	A6-34	Avro	643Mk II	Australia
22060	AU	VH- registration	VH-AMB	Beech	65B80	Australia
7834	US	N-number	N23547	Aeronca	65C	United States
464	US	N-number	N33853	Aeronca	65CA	United States
21240	CA	CF- registration	CF-WLP	Aeronca	65LA Chief	Canada
18708	US	N-number	N36857	Aeronca	65TAC	France
24600	US	N-number	N36967	Aeronca	65TAC	United States
24032	US	N-number	N31749	Aeronca	65TC	United States
5751	US	N-number	N275DP	Beechcraft	65-90	United States
10490	US	N-number	N36874	Aeronca	65-TAL	United States
21767	GB	RAF pre-war single-letter serial	R9883	Avro	652A	Australia
21929	GB	RAF two-letter serial	MG872	Avro	652A	Australia
22048	GB	RAF pre-war single-letter serial	W2364	Avro	652A	Australia
22428	NZ	RNZAF serial	NZ406	Avro	652A Mk.I	New Zealand
11595	AR	LV- registration	LV-FBL	Avro	671	Argentina
9674	US	N-number	N131JG	Aero Commander	680	United States
22300	AU	VH- registration	VH-PSG	Aero Commander	680	Australia
17917	DE	D- registration	D-ILUX	Aero Commander	680F	Germany
26563	US	N-number	N6272X	Aero Commander	680F	United States
11258	BR	PT- registration	PT-CFR	Aero Commander	680FL	Brazil
23147	NO	LN- registration	LN-LMD	Aero Commander	680FL	Norway
19311	IR	EP- registration	EP-AHU	Aero Commander	680FLP	Iran
11627	AR	LV- registration	LV-FYF	Aero Commander	680Super Commander	Argentina
19312	IR	EP- registration	EP-GAU	Rockwell	681	Iran
19313	IR	EP- registration	EP-AKA	Rockwell	681B	Iran
22599	GB	British serial (maker is a UK airframe builder)	NX665	Avro	683B.VII	New Zealand
21577	GB	RAF two-letter serial	RF342	Government Aircraft Factories	694Mk 31	Australia
7833	US	N-number	N2735E	Aeronca	7AC	United States
23961	US	N-number	N1885E	Aeronca	7AC	United States
24569	US	N-number	N3033E	Aeronca	7AC	United States
24602	US	N-number	N8111N	Aeronca	7AC	United States
26928	US	N-number	N3144E	Aeronca	7AC	United States
26970	US	N-number	N83032	Aeronca	7AC	United States
20609	CA	CF- registration	CF-IHU	Aeronca	7Champion	Canada
26878	US	N-number	N4715E	Aeronca	7EC	United States
23966	US	N-number	N345FD	Bellanca	7GCBC	United States
21280	CA	CF- registration	CF-OGF	Aeronca	7KC Olympia	Canada
10631	US	US registration (maker is not a UK airframe builder)	N6753	Monocoupe	70	United States
23970	US	US registration (maker is not a UK airframe builder)	N6731	Monocoupe	70	United States
7863	US	N-number	N18768	Rearwin	7000	United States
26919	US	N-number	N15809	Rearwin	7000	United States
5327	FR	F- registration	F-BHSL	Boeing	707	France
13293	PY	ZP- registration	ZP-CCE	Boeing	707-321B	Paraguay
13294	PY	ZP- registration	ZP-CCF	Boeing	707-321B	Paraguay
12882	CL	CC- registration	CC-CCG	Boeing	707-330B	Chile
10666	UG	5X- registration	5X-CAU	Boeing	707-436	Uganda
21936	AU	VH- registration	VH-EBM	Boeing	707-138B	Australia
22067	AU	VH- registration	VH-XBA	Boeing	707-138B	Australia
19285	IR	EP- registration	EP-IRJ	Boeing	707-321B	Iran
21935	AU	RAAF A-series serial	A20-627	Boeing	707-338C	Australia
15547	GB	G- registration	G-APFJ	Boeing	707-436	United Kingdom
16160	GB	G- registration	G-APFG	Boeing	707-436	United Kingdom
14363	GB	RAF two-letter serial	WZ736	Avro	707A	United Kingdom
22257	GB	RAF two-letter serial	WD280	Avro	707A	Australia
14269	GB	RAF two-letter serial	WZ744	Avro	707C	United Kingdom
7112	US	US registration (maker is not a UK airframe builder)	N9135	Fairchild	71	United States
13814	IN	VT- registration	VT-ERS	Boeing	720	India
10694	KE	5Y- registration	5Y-BBX	Boeing	720-047B	Kenya
20974	CA	C-F/G registration	C-FETB	Boeing	720-023B	Canada
22434	NZ	RNZAF serial	NZ7272	Boeing	727-100C	New Zealand
10686	KE	5Y- registration	5Y-BMW	Boeing	727-25F	Eritrea
12966	CO	HK- registration	HK-727	Boeing	727-59	Colombia
3914	US	N-number	N7004U	Boeing	727-100	United States
6396	US	N-number	N7001U	Boeing	727-100	United States
23793	CO	HK- registration	HK-3133X	Boeing	727-100	Costa Rica
23737	IS	TF- registration	TF-FIE	Boeing	727-108C	Iceland
7750	US	N-number	N199FE	Boeing	727-173C	United States
10794	MA	CN- registration	CN-CCG	Boeing	727-200	Morocco
10989	BR	PT- registration	PT-MTC	Boeing	727-200	Brazil
11181	BR	PR- registration	PR-TTP	Boeing	727-200	Brazil
23863	US	N-number	N369FA	Boeing	727-200	Costa Rica
26980	US	N-number	N246FE	Boeing	727-200	United States
10847	BR	PR- registration	PR-IOD	Boeing	727-200F	Brazil
10957	BR	PP- registration	PP-SFG	Boeing	727-200F	Brazil
10996	BR	PP- registration	PP-BLR	Boeing	727-200F	Brazil
11216	BR	PR- registration	PR-IOG	Boeing	727-200F	Brazil
11217	BR	PR- registration	PR-RLJ	Boeing	727-200F	Brazil
11277	BR	PR- registration	PR-IOF	Boeing	727-200F	Brazil
26584	US	N-number	N7017U	Boeing	727-22	United States
23846	US	N-number	N469FE	Boeing	727-225	El Salvador
18277	FR	F- registration	F-BPJR	Boeing	727-228	France
14131	CD	9Q- registration	9Q-CGB	Boeing	727-22C	Democratic Republic of the Congo
5326	US	N-number	N166FE	Boeing	727-22F	France
19347	IR	EP- registration	EP-ASC	Boeing	727-286	Iran
19287	IR	EP- registration	EP-PLN	Boeing	727-30	Iran
19286	IR	EP- registration	EP-GDS	Boeing	727-81	Iran
8781	ID	PK- registration	PK-YTW	Boeing	737-200	Indonesia
12785	AR	LV- registration	LV-ZYI	Boeing	737-200	Chile
11316	AR	LV- registration	LV-ZRO	Boeing	737-236	Argentina
12782	CL	CC- registration	CC-CSK	Boeing	737-281	Chile
11352	AR	LV- registration	LV-ZZC	Boeing	737-2E1	Argentina
11450	AR	LV- registration	LV-WGX	Boeing	737-2P6	Argentina
10699	KE	5Y- registration	5Y-KQH	Boeing	737-700	Kenya
7003	US	N-number	N102SW	Boeing	737-200	United States
7751	US	N-number	N29SW	Boeing	737-200	United States
10795	MA	CN- registration	CN-RMI	Boeing	737-200	Morocco
10796	MA	CN- registration	CN-RMK	Boeing	737-200	Morocco
10849	BR	PP- registration	PP-SMP	Boeing	737-200	Brazil
10926	BR	PR- registration	PR-MTG	Boeing	737-200	Brazil
10932	BR	PT- registration	PT-MTA	Boeing	737-200	Brazil
11018	BR	PP- registration	PP-SMA	Boeing	737-200	Brazil
11272	BR	PP- registration	PP-SMC	Boeing	737-200	Brazil
11279	BR	PP- registration	PP-SMB	Boeing	737-200	Brazil
13744	IN	VT- registration	VT-EGJ	Boeing	737-200	India
19950	MX	XA- registration	XA-UKW	Boeing	737-200	Turkey
20414	CA	C-F/G registration	C-GIPW	Boeing	737-200	Canada
22329	US	N-number	N732HV	Boeing	737-200	Australia
23859	GT	TG- registration	TG-REX	Boeing	737-200	Nicaragua
10104	ZA	ZS- registration	ZS-SMD	Boeing	737-219	South Africa
14420	GB	G- registration	G-CEAH	Boeing	737-229	United Kingdom
23137	ZA	ZS- registration	ZS-EVE	Boeing	737-230	Norway
19288	IR	EP- registration	EP-IGA	Boeing	737-270C	Iran
19289	IR	EP- registration	EP-IGD	Boeing	737-270C	Iran
9928	ZA	ZS- registration	ZS-BIL	Boeing	737-277	South Africa
11377	AR	LV- registration	LV-WTX	Boeing	737-281	Argentina
19290	IR	EP- registration	EP-IRF	Boeing	737-286	Iran
19291	IR	EP- registration	EP-IRH	Boeing	737-286C	Iran
19292	IR	EP- registration	EP-IRI	Boeing	737-286C	Iran
12726	AR	LV- registration	LV-JTD	Boeing	737-287	Argentina
27256	US	N-number	N740AS	Boeing	737-290C	United States
14132	CD	9Q- registration	9Q-CNK	Boeing	737-298C	Democratic Republic of the Congo
7002	US	N-number	N300SW	Boeing	737-300	United States
11179	BR	PP- registration	PP-SFJ	Boeing	737-300	Brazil
11180	US	N-number	N393US	Boeing	737-300	Brazil
23259	NO	LN- registration	LN-KKW	Boeing	737-3K9	Norway
16162	US	N-number	N470AC	Boeing	737-3L9	United Kingdom
31521	IE	EI- registration	EI-DNZ	Boeing	737-3TO	Mexico
19852	TR	TC- registration	TC-SKF	Boeing	737-400	Turkey
20075	TR	TC- registration	TC-CPF	Boeing	737-800	Turkey
9005	TH	HS- registration	HS-UTB	Boeing	747-200	Thailand
17925	DE	D- registration	D-ABYM	Boeing	747-230B	Germany
9004	TH	HS- registration	HS-STA	Boeing	747-400	Thailand
3916	US	N-number	N747GE	Boeing	747-121	United States
6398	US	US registration (maker is not a UK airframe builder)	N7470	Boeing	747-121	United States
5325	FR	F- registration	F-BPVJ	Boeing	747-128	France
6290	US	N-number	N481EV	Boeing	747-132	United States
3191	GB	G- registration	G-AWNG	Boeing	747-136	United States
6291	US	N-number	N482EV	Boeing	747-212B	United States
16161	GB	G- registration	G-BDXH	Boeing	747-236B	United Kingdom
22066	AU	VH- registration	VH-EBQ	Boeing	747-238B	Australia
10102	ZA	ZS- registration	ZS-SAN	Boeing	747-244B	South Africa
19293	IR	EP- registration	EP-ICC	Boeing	747-2J9F	Iran
24806	US	N-number	N661US	Boeing	747-400	United States
21937	AU	VH- registration	VH-OJA	Boeing	747-438	Australia
16159	HK	B-H/K/L Hong Kong registration	B-HUI	Boeing	747-467	United Kingdom
3917	US	N-number	N747NA	Boeing	747SP	United States
10103	ZA	ZS- registration	ZS-SPC	Boeing	747SP-44	South Africa
1897	US	N-number	N911NA	Boeing	747SR-46	United States
22235	AU	RAAF A-series serial	A10-601	Hawker Siddeley	748	Australia
24807	US	N-number	N608DA	Boeing	757-200	United States
20852	CA	CF- registration	CF-THB	Vickers	757Viscount	Canada
10876	BR	PT- registration	PT-TAC	Boeing	767-200	Brazil
24805	US	N-number	N102DA	Boeing	767-200	United States
3918	HK	B-H/K/L Hong Kong registration	B-HNL	Boeing	777-200	United States
3919	US	N-number	N787EX	Boeing	787-8	United States
10516	US	N-number	N7567E	Champion	7EC	United States
6959	US	N-number	N9141L	Champion	7ECA	United States
21047	GB	RAF pre-war single-letter serial	E6938	Sopwith	7F.1Snipe	Canada
19799	TR	TC- registration	TC-TGM	Bellanca	7GCBC	Turkey
7115	US	N-number	N17662	Spartan	7W	United States
7851	US	N-number	N1172B	Luscombe	8A	United States
10560	US	N-number	N72070	Luscombe	8A	United States
19353	US	N-number	N77945	Luscombe	8A	Iran
25223	US	N-number	N72025	Luscombe	8A	United States
27026	US	N-number	N71219	Luscombe	8A	United States
20506	CA	CF- registration	CF-BSR	Luscombe	8A Silvaire	Canada
26918	US	N-number	N1533B	Luscombe	8E	United States
21266	CA	CF- registration	CF-JRV	Luscombe	8E Silvaire	Canada
7077	US	N-number	N478TF	Luscombe	8T8F	United States
20428	CA	C-F/G registration	C-FMHW	Fleet	80Canuck	Canada
20660	CA	CF- registration	CF-HOU	Fleet	80Canuck	Canada
20965	CA	CF- registration	CF-ENH	Fleet	80Canuck	Canada
21154	CA	CF- registration	CF-EBE	Fleet	80Canuck	Canada
5994	US	N-number	N4404W	Rearwin	8135	United States
10589	US	N-number	N25545	Rearwin	8135	United States
24033	US	N-number	N25546	Rearwin	8135	United States
25101	US	N-number	N25549	Rearwin	8135	United States
26921	US	N-number	N25555	Rearwin	8135	United States
26922	US	N-number	N44533	Rearwin	8135	United States
7861	US	N-number	N37753	Rearwin	8135T	United States
26923	US	N-number	N37885	Rearwin	8135T	United States
21060	CA	CF- registration	CF-AXL	Fairchild	82A	Canada
11589	AR	LV- registration	LV-FHZ	Fairchild	82D	Argentina
24812	US	N-number	N880AJ	Convair	880-22-1	United States
22333	AU	VH- registration	VH-CFD	American Champion	8GCBC	Australia
6596	US	N-number	N276R	American Champion	8KCAB	United States
7119	US	US registration (maker is not a UK airframe builder)	N1536	Waco	9	United States
23276	NO	LN- registration	LN-GAH	Grunau	9	Norway
26099	US	N-number	N7000B	Beech	90-65-A90-1	United States
10564	US	N-number	N18166	Monocoupe	90A	United States
23959	US	N-number	N11750	Monocoupe	90A	United States
11157	BR	PP- registration	PP-SQR	Saab	90A-2	Brazil
5943	US	N-number	N38904	Monocoupe	90AW	United States
8349	US	N-number	N119V	Monocoupe	90L	United States
10629	US	US registration (maker is not a UK airframe builder)	N3791	Travel Air	9000	United States
10590	US	N-number	N18008	Rearwin	9000	United States
18750	FR	F- registration	F-CCCP	Breguet	901S	France
18751	FR	F- registration	F-CCFN	Breguet	904S	France
4491	US	N-number	N1512H	Lark	95	United States
24765	US	N-number	N97RG	Beech	95B55	United States
26095	US	N-number	N9526Y	Beech	95B95A	United States
21761	AU	VH- registration	VH-FDJ	Beech	95C55	Australia
7123	US	N-number	N15165	Stinson	A	United States
24646	US	N-number	N1379M	Morane-Saulnier	A I	United States
17625	DE	D- registration	D-MDJU	Junkers	A 50Junior	Germany
23613	FI	OH- registration	OH-ABB	Junkers	A 50Junior	Finland
4005	US	USAF/US Army fiscal-year serial	75-0298	Fairchild	A-10A	United States
5680	US	USAF/US Army fiscal-year serial	75-0270	Fairchild Republic	A-10A	United States
6202	US	USAF/US Army fiscal-year serial	77-0259	Fairchild Republic	A-10A	United Kingdom
6520	US	USAF/US Army fiscal-year serial	73-1666	Fairchild Republic	A-10A	United States
6655	US	USAF/US Army fiscal-year serial	78-0608	Fairchild Republic	A-10A	United States
6691	US	USAF/US Army fiscal-year serial	77-0255	Fairchild Republic	A-10A	United States
7413	US	USAF/US Army fiscal-year serial	76-0547	Fairchild Republic	A-10A	United States
7531	US	USAF/US Army fiscal-year serial	77-0199	Fairchild Republic	A-10A	United States
8137	US	USAF/US Army fiscal-year serial	77-0205	Fairchild Republic	A-10A	United States
8433	US	USAF/US Army fiscal-year serial	76-0530	Fairchild Republic	A-10A	United States
10132	US	USAF/US Army fiscal-year serial	75-0288	Fairchild Republic	A-10A	United States
10386	US	USAF/US Army fiscal-year serial	77-0244	Fairchild Republic	A-10A	United States
14293	US	USAF/US Army fiscal-year serial	80-0219	Fairchild Republic	A-10A	United Kingdom
20099	US	USAF/US Army fiscal-year serial	77-0216	Fairchild Republic	A-10A	United States
24220	US	USAF/US Army fiscal-year serial	76-0516	Fairchild Republic	A-10A	United States
24239	US	USAF/US Army fiscal-year serial	80-0247	Fairchild Republic	A-10A	United States
24304	US	USAF/US Army fiscal-year serial	76-0535	Fairchild Republic	A-10A	United States
24305	US	USAF/US Army fiscal-year serial	77-0252	Fairchild Republic	A-10A	United States
24360	US	USAF/US Army fiscal-year serial	75-0263	Fairchild Republic	A-10A	United States
24419	US	USAF/US Army fiscal-year serial	76-0523	Fairchild Republic	A-10A	United States
24717	US	USAF/US Army fiscal-year serial	75-0293	Fairchild Republic	A-10A	United States
24862	US	USAF/US Army fiscal-year serial	75-0308	Fairchild Republic	A-10A	United States
24948	US	USAF/US Army fiscal-year serial	75-0305	Fairchild Republic	A-10A	United States
25033	US	USAF/US Army fiscal-year serial	79-0173	Fairchild Republic	A-10A	United States
25241	US	USAF/US Army fiscal-year serial	79-0103	Fairchild Republic	A-10A	United States
25256	US	USAF/US Army fiscal-year serial	79-0100	Fairchild Republic	A-10A	United States
25642	US	USAF/US Army fiscal-year serial	77-0221	Fairchild Republic	A-10A	United States
25643	US	USAF/US Army fiscal-year serial	77-0196	Fairchild Republic	A-10A	United States
25889	US	USAF/US Army fiscal-year serial	81-0987	Fairchild Republic	A-10A	United States
25925	US	USAF/US Army fiscal-year serial	75-0309	Fairchild Republic	A-10A	United States
25964	US	USAF/US Army fiscal-year serial	79-0097	Fairchild Republic	A-10A	United States
26027	US	USAF/US Army fiscal-year serial	73-1667	Fairchild Republic	A-10A	United States
26125	US	USAF/US Army fiscal-year serial	78-0687	Fairchild Republic	A-10A	United States
26305	US	USAF/US Army fiscal-year serial	76-0520	Fairchild Republic	A-10A	United States
26306	US	USAF/US Army fiscal-year serial	76-0552	Fairchild Republic	A-10A	United States
26403	US	USAF/US Army fiscal-year serial	78-0708	Fairchild Republic	A-10A	United States
26529	US	USAF/US Army fiscal-year serial	77-0228	Fairchild Republic	A-10A	United States
26741	US	USAF/US Army fiscal-year serial	80-0168	Fairchild Republic	A-10A	United States
27298	US	USAF/US Army fiscal-year serial	75-0289	Fairchild Republic	A-10A	United States
869	US	USAF/US Army fiscal-year serial	73-1664	Fairchild Republic	A-10B	United States
6308	US	USAF/US Army fiscal-year serial	80-0186	Fairchild Republic	A-10C	United States
25391	US	USAF/US Army fiscal-year serial	79-0088	Fairchild Republic	A-10C	United States
25539	US	USAF/US Army fiscal-year serial	79-0087	Fairchild Republic	A-10C	United States
24135	US	N-number	N484SM	Mitchell Wing	A-10D	United States
21204	CA	CF- registration	CF-AHY	American Eagle	A-101	Canada
3126	US	USAF/US Army fiscal-year serial	60-6924	Lockheed	A-12	United States
24441	US	USAF/US Army fiscal-year serial	60-6925	Lockheed	A-12	United States
100	US	USAF/US Army fiscal-year serial	60-6933	Lockheed	A-12	United States
9629	US	USAF/US Army fiscal-year serial	60-6937	Lockheed	A-12	United States
9889	US	USAF/US Army fiscal-year serial	60-6930	Lockheed	A-12	United States
9915	US	USAF/US Army fiscal-year serial	60-6938	Lockheed	A-12	United States
1997	US	USAF/US Army fiscal-year serial	60-6927	Lockheed	A-12B	United States
7779	US	N-number	N536E	American Eagle	A-129	United States
24605	US	N-number	N513H	American Eagle	A-129	United States
5718	US	N-number	N2907V	CallAir	A-2	United States
10532	US	N-number	N8323H	Emigh	A-2	United States
22230	AU	RAAF A-series serial	A28-8	Douglas	A-20C	Australia
16449	US	USAF/US Army fiscal-year serial	41-19393	Douglas	A-20C	United Kingdom
3979	US	USAF/US Army fiscal-year serial	43-9436	Douglas	A-20G	United States
4136	US	USAF/US Army fiscal-year serial	43-22200	Douglas	A-20G	United States
16452	US	USAF/US Army fiscal-year serial	43-21664	Douglas	A-20G	United Kingdom
22195	US	USAF/US Army fiscal-year serial	42-86786	Douglas Aircraft	A-20G	Australia
10411	US	N-number	N5254L	Douglas	A-24A	United States
3980	US	USAF/US Army fiscal-year serial	42-54654	Douglas	A-24B	United States
26857	US	USAF/US Army fiscal-year serial	42-54682	Douglas	A-24B	United States
10168	US	USAF/US Army fiscal-year serial	64-17666	Douglas	A-26A	United States
27075	US	USAF/US Army fiscal-year serial	64-17640	Douglas	A-26A	United States
363	US	USAF/US Army fiscal-year serial	44-35648	Douglas	A-26B	United States
813	US	USAF/US Army fiscal-year serial	44-34165	Douglas	A-26B	United States
2491	US	USAF/US Army fiscal-year serial	44-34538	Douglas	A-26B	United States
6515	US	USAF/US Army fiscal-year serial	44-35617	Douglas	A-26B	United States
7098	US	N-number	N26BK	Douglas	A-26B	United States
7267	US	USAF/US Army fiscal-year serial	43-7140	Douglas	A-26B	United States
7564	US	N-number	N9682C	Douglas	A-26B	United States
7590	US	USAF/US Army fiscal-year serial	43-22444	Douglas	A-26B	United States
7619	US	USAF/US Army fiscal-year serial	44-34746	Douglas	A-26B	United States
8254	US	USAF/US Army fiscal-year serial	44-34665	Douglas	A-26B	United States
8690	US	USAF/US Army fiscal-year serial	41-39221	Douglas	A-26B	United States
19300	US	N-number	N956R	Douglas	A-26B	Iran
20266	US	N-number	N26RP	Douglas	A-26B	United States
21349	CA	C-F/G registration	C-GWLT	Douglas	A-26B	Canada
38403	ZA	ZS- registration	ZS-CVD	Douglas	A-26B	South Africa
127	US	USAF/US Army fiscal-year serial	44-35224	Douglas	A-26C	United States
1034	US	USAF/US Army fiscal-year serial	43-22652	Douglas	A-26C	United States
3082	US	N-number	N126HK	Douglas	A-26C	United States
3981	US	USAF/US Army fiscal-year serial	43-22494	Douglas	A-26C	United States
6834	US	USAF/US Army fiscal-year serial	44-35493	Douglas	A-26C	United States
6944	US	USAF/US Army fiscal-year serial	44-35643	Douglas	A-26C	United States
7283	US	USAF/US Army fiscal-year serial	44-35913	Douglas	A-26C	United States
7357	US	USAF/US Army fiscal-year serial	44-35204	Douglas	A-26C	United States
7926	US	USAF/US Army fiscal-year serial	44-35627	Douglas	A-26C	United States
8083	US	USAF/US Army fiscal-year serial	44-35892	Douglas	A-26C	United States
8448	US	USAF/US Army fiscal-year serial	44-35948	Douglas	A-26C	United States
8483	US	USAF/US Army fiscal-year serial	43-22602	Douglas	A-26C	United States
8665	US	USAF/US Army fiscal-year serial	44-35601	Douglas	A-26C	United States
9651	US	USAF/US Army fiscal-year serial	44-35724	Douglas	A-26C	United States
25035	US	USAF/US Army fiscal-year serial	43-22499	Douglas	A-26C	United States
25390	US	USAF/US Army fiscal-year serial	44-35523	Douglas	A-26C	United States
26407	US	USAF/US Army fiscal-year serial	44-35986	Douglas	A-26C	United States
26536	US	USAF/US Army fiscal-year serial	44-35326	Douglas	A-26C	United States
27059	US	USAF/US Army fiscal-year serial	43-22258	Douglas	A-26C	United States
20498	CA	C-F/G registration	C-FBMS	Douglas	A-26C Invader	Canada
21310	CA	CF- registration	CF-CUI	Douglas	A-26C Invader	Canada
7266	US	USAF/US Army fiscal-year serial	64-17679	Douglas	A-26K	United States
27220	US	N-number	N4818E	Douglas	A-26TB-26C	United States
22723	NZ	RNZAF serial	NZ2049	Lockheed	A-29A	New Zealand
21790	GB	RAF two-letter serial	EZ999	Vultee	A-31	Australia
776	US	N-number	N4767R	Saab	A-32A	United States
25140	US	USAF/US Army fiscal-year serial	42-83738	North American	A-36A	United States
5104	US	USAF/US Army fiscal-year serial	42-83665	North American	A-36A	United States
4156	US	USAF/US Army fiscal-year serial	62-5951	Cessna	A-37A	United States
7379	US	USAF/US Army fiscal-year serial	62-5950	Cessna	A-37A	United States
8049	US	N-number	N370ML	Cessna	A-37A	United States
24882	US	USAF/US Army fiscal-year serial	67-14525	Cessna	A-37A	United States
26776	US	USAF/US Army fiscal-year serial	70-1294	Cessna	A-37A	United States
90	US	USAF/US Army fiscal-year serial	71-0790	Cessna	A-37B	United States
808	US	USAF/US Army fiscal-year serial	73-1090	Cessna	A-37B	United States
6580	US	USAF/US Army fiscal-year serial	68-7921	Cessna	A-37B	United States
7412	US	USAF/US Army fiscal-year serial	67-14790	Cessna	A-37B	United States
9525	US	USAF/US Army fiscal-year serial	70-1280	Cessna	A-37B	Vietnam
9617	US	USAF/US Army fiscal-year serial	70-1285	Cessna	A-37B	Vietnam
22346	US	USAF/US Army fiscal-year serial	68-10805	Cessna	A-37B	Australia
22347	US	USAF/US Army fiscal-year serial	68-10779	Cessna	A-37B	Australia
26674	US	USAF/US Army fiscal-year serial	69-6428	Cessna	A-37B	United States
27234	US	N-number	N437B	Cessna	A-37B	United States
22741	NZ	RNZAF serial	NZ6216	McDonnell Douglas	A-4G	New Zealand
22452	NZ	RNZAF serial	NZ6205	McDonnell Douglas	A-4K	New Zealand
22482	NZ	RNZAF serial	NZ6204	McDonnell Douglas	A-4K	New Zealand
22515	NZ	RNZAF serial	NZ6201	McDonnell Douglas	A-4K	New Zealand
22611	NZ	RNZAF serial	NZ6206	McDonnell Douglas	A-4K	New Zealand
22692	NZ	RNZAF serial	NZ6209	McDonnell Douglas	A-4K	New Zealand
22744	NZ	RNZAF serial	NZ6257	McDonnell Douglas	A-4K	New Zealand
10511	US	N-number	N2907G	CallAir	A-6	United States
18737	FR	F- registration	F-CDBF	Avialsa	A-60	France
7118	US	N-number	N377M	Travel Air	A-6000A	United States
150	US	USAF/US Army fiscal-year serial	69-6188	LTV	A-7D	United States
719	US	USAF/US Army fiscal-year serial	70-0998	Vought	A-7D	United States
877	US	USAF/US Army fiscal-year serial	67-14583	Vought	A-7D	United States
1874	US	USAF/US Army fiscal-year serial	70-0964	Vought	A-7D	United States
4169	US	USAF/US Army fiscal-year serial	70-0970	LTV	A-7D	United States
6380	US	USAF/US Army fiscal-year serial	69-6230	Vought	A-7D	United States
6720	US	USAF/US Army fiscal-year serial	74-1746	Vought	A-7D	United States
6740	US	USAF/US Army fiscal-year serial	72-0177	Vought	A-7D	United States
6934	US	USAF/US Army fiscal-year serial	72-0188	Vought	A-7D	United States
7429	US	USAF/US Army fiscal-year serial	71-0337	Vought	A-7D	United States
7508	US	USAF/US Army fiscal-year serial	74-1756	LTV	A-7D	United States
7576	US	USAF/US Army fiscal-year serial	72-0175	Vought	A-7D	United States
7599	US	USAF/US Army fiscal-year serial	70-1028	Vought	A-7D	United States
7812	US	USAF/US Army fiscal-year serial	73-1009	LTV	A-7D	United States
8004	US	USAF/US Army fiscal-year serial	70-1001	Vought	A-7D	United States
8019	US	USAF/US Army fiscal-year serial	69-6242	Vought	A-7D	United States
8021	US	USAF/US Army fiscal-year serial	69-6193	Vought	A-7D	United States
8023	US	USAF/US Army fiscal-year serial	70-1055	Vought	A-7D	United States
8161	US	USAF/US Army fiscal-year serial	73-0996	LTV	A-7D	United States
8199	US	USAF/US Army fiscal-year serial	70-0963	Vought	A-7D	United States
8209	US	USAF/US Army fiscal-year serial	69-6191	Vought	A-7D	United States
8524	US	USAF/US Army fiscal-year serial	73-1006	LTV	A-7D	United States
8628	US	USAF/US Army fiscal-year serial	72-0247	LTV	A-7D	United States
8632	US	USAF/US Army fiscal-year serial	73-0999	LTV	A-7D	United States
8636	US	USAF/US Army fiscal-year serial	72-0178	LTV	A-7D	United States
8640	US	USAF/US Army fiscal-year serial	72-0211	LTV	A-7D	United States
10307	US	USAF/US Army fiscal-year serial	69-6192	Vought	A-7D	United States
10352	US	USAF/US Army fiscal-year serial	68-8220	Vought	A-7D	United States
10385	US	USAF/US Army fiscal-year serial	70-0982	Vought	A-7D	United States
23864	US	USAF/US Army fiscal-year serial	73-1002	Vought	A-7D	United States
24722	US	USAF/US Army fiscal-year serial	69-6200	LTV	A-7D	United States
24863	US	USAF/US Army fiscal-year serial	72-0230	LTV	A-7D	United States
24973	US	USAF/US Army fiscal-year serial	70-1002	LTV	A-7D	United States
25071	US	USAF/US Army fiscal-year serial	69-6201	Vought	A-7D	United States
25469	US	USAF/US Army fiscal-year serial	69-6197	Vought	A-7D	United States
25621	US	USAF/US Army fiscal-year serial	69-6241	Vought	A-7D	United States
25652	US	USAF/US Army fiscal-year serial	69-6222	Vought	A-7D	United States
25939	US	USAF/US Army fiscal-year serial	70-1035	Vought	A-7D	United States
25965	US	USAF/US Army fiscal-year serial	70-1019	Vought	A-7D	United States
26404	US	USAF/US Army fiscal-year serial	72-0261	Vought	A-7D	United States
26572	US	USAF/US Army fiscal-year serial	75-0408	Vought	A-7D	United States
26622	US	USAF/US Army fiscal-year serial	69-6190	Vought	A-7D	United States
26686	US	USAF/US Army fiscal-year serial	71-0347	LTV	A-7D	United States
26690	US	USAF/US Army fiscal-year serial	68-8230	LTV	A-7D	United States
26691	US	USAF/US Army fiscal-year serial	68-8223	LTV	A-7D	United States
26767	US	USAF/US Army fiscal-year serial	68-8226	LTV	A-7D	United States
26785	US	USAF/US Army fiscal-year serial	70-0967	LTV	A-7D	United States
26946	US	USAF/US Army fiscal-year serial	72-0213	Vought	A-7D	United States
26972	US	USAF/US Army fiscal-year serial	75-0403	Vought	A-7D	United States
26984	US	USAF/US Army fiscal-year serial	75-0400	Vought	A-7D	United States
26993	US	USAF/US Army fiscal-year serial	75-0406	Vought	A-7D	United States
27017	US	USAF/US Army fiscal-year serial	68-8222	Vought	A-7D	United States
27074	US	USAF/US Army fiscal-year serial	74-1739	Vought	A-7D	United States
27093	US	USAF/US Army fiscal-year serial	70-0996	Vought	A-7D	United States
27098	US	USAF/US Army fiscal-year serial	70-0931	Vought	A-7D	United States
27138	US	USAF/US Army fiscal-year serial	71-0334	Vought	A-7D	United States
27141	US	USAF/US Army fiscal-year serial	72-0254	Vought	A-7D	United States
27147	US	USAF/US Army fiscal-year serial	70-0937	Vought	A-7D	United States
27158	US	USAF/US Army fiscal-year serial	70-1008	Vought	A-7D	United States
27183	US	USAF/US Army fiscal-year serial	69-6208	Vought	A-7D	United States
27190	US	USAF/US Army fiscal-year serial	69-6239	Vought	A-7D	United States
27191	US	USAF/US Army fiscal-year serial	70-1012	Vought	A-7D	United States
27194	US	USAF/US Army fiscal-year serial	70-1050	Vought	A-7D	United States
27230	US	USAF/US Army fiscal-year serial	71-0342	LTV	A-7D	United States
27244	US	USAF/US Army fiscal-year serial	70-1046	LTV	A-7D	United States
878	US	USAF/US Army fiscal-year serial	71-0344	Vought	A-7F	United States
26973	US	USAF/US Army fiscal-year serial	81-0073	Vought	A-7K	United States
7832	US	N-number	N671W	CallAir	A-9B	United States
14260	GB	RAF two-letter serial	ZE410	Agusta	A.109A	United Kingdom
14945	GB	RAF two-letter serial	ZE411	Agusta	A.109A	United Kingdom
16256	GB	RAF two-letter serial	ZE413	Agusta	A.109A	United Kingdom
16384	GB	G- registration	G-AVCS	Beagle	A.61Terrier	United Kingdom
14678	GB	RAF two-letter serial	ZE412	Agusta	A109A	United Kingdom
15019	IT	Matricola Militare	MM81205	Agusta	A109A-2	United Kingdom
3884	US	N-number	N301CM	Agusta	A109C	United States
9400	TH	HS- registration	HS-AFC	Cessna	A150L	Thailand
21385	CA	C-F/G registration	C-FCTO	Cessna	A185E Skywagon	Canada
22602	NZ	ZK- registration	ZK-COO	Cessna	A188	New Zealand
26967	US	N-number	N6927Q	Beech	A23-24	United States
16708	FR	F- registration	F-OCAZ	Airbus	A300B	Germany
17485	FR	F- registration	F-BUAD	Airbus	A300B2-103	Germany
19951	TR	TC- registration	TC-FLM	Airbus	A300B2K-3C	Turkey
20020	TR	TC- registration	TC-FLJ	Airbus	A300B2K-3C	Turkey
18158	FR	F- registration	F-WUAB	Airbus	A300B4-203	France
19878	TR	TC- registration	TC-ACC	Airbus	A300B4-203F	Turkey
20055	TR	TC- registration	TC-ACE	Airbus	A300B4-203F	Turkey
20072	TR	TC- registration	TC-MNJ	Airbus	A300B4-203F	Turkey
19609	JO	JY- registration	JY-JAV	Airbus	A310-222	Jordan
19985	TR	TC- registration	TC-JCZ	Airbus	A310-304F	Turkey
10992	BR	PR- registration	PR-ONO	Airbus	A318	Brazil
25683	US	N-number	N106US	Airbus	A320	United States
18189	FR	F- registration	F-WWAI	Airbus	A320-100	France
16564	FR	F- registration	F-GGEF	Airbus	A320-111	Germany
16565	FR	F- registration	F-WTDG	Airbus	A321-211	Germany
19813	TR	TC- registration	TC-JDL	Airbus	A340-311	Turkey
19869	TR	TC- registration	TC-JDK	Airbus	A340-311	Turkey
18188	FR	F- registration	F-WWCA	Airbus	A340-600	France
5315	FR	F- registration	F-WWDD	Airbus	A380	France
18190	FR	F- registration	F-WXXL	Airbus	A380-800	France
18185	FR	F- registration	F-WWMT	Airbus	A400M	France
9652	US	N-number	N14VY	Beechcraft	A45	United States
3880	US	N-number	N504AX	Adam Aircraft	A500	United States
10445	US	US registration (maker is not a UK airframe builder)	N4217	Coffey	A6M2	United States
24037	US	N-number	N26M	Boeing	A75N1	United States
19773	TR	TC- registration	TC-AMK	Boeing	A75N1	Turkey
19774	TR	TC- registration	TC-OMS	Boeing	A75N1	Turkey
21938	AU	VH- registration	VH-UFG	Boeing	A75N1	Australia
10406	US	N-number	N65727	Boeing	A75N1	United States
10505	US	N-number	N450PW	Boeing	A75N1	United States
10506	US	N-number	N62911	Boeing	A75N1	United States
20605	US	USAF/US Army fiscal-year serial	41-25241	Boeing	A75N1Kaydet	Canada
20650	CA	C-F/G registration	C-FFWV	Boeing-Stearman	A75N1Kaydet	Canada
21257	CA	CF- registration	CF-UWK	Boeing-Stearman	A75N1PT-17 Kaydet	Canada
24106	US	N-number	N9210L	American Aviation	AA-1A	United States
10294	US	N-number	N501NA	Grumman American	AA-1A	United States
9494	TH	HS- registration	HS-ATT	Grumman American	AA-1C	Thailand
19738	TR	TC- registration	TC-YBE	Grumman American	AA-5B	Turkey
14425	GB	G- registration	G-BFZR	Grumman American	AA-5B	United Kingdom
23475	FI	OH- registration	OH-AYN	Grumman American	AA-5Traveler	Finland
18071	IT	Matricola Militare	MM80478	Agusta-Bell	AB 47G-2	Germany
20079	MT	9H- registration	9H-AAG	Agusta-Bell	AB 47G-2	United Arab Emirates
17236	IT	Matricola Militare	MM80423	Agusta-Bell	AB 47G-3B-1	Germany
10173	US	USAF/US Army fiscal-year serial	53-3144	Fairchild	AC-119G	United States
10135	US	USAF/US Army fiscal-year serial	53-3129	Lockheed	AC-130A	United States
4195	US	USAF/US Army fiscal-year serial	54-1630	Lockheed	AC-130A	United States
10174	US	USAF/US Army fiscal-year serial	56-0509	Lockheed	AC-130A	United States
24766	US	USAF/US Army fiscal-year serial	54-1623	Lockheed	AC-130A	United States
24969	US	USAF/US Army fiscal-year serial	55-0014	Lockheed	AC-130A	United States
6715	US	USAF/US Army fiscal-year serial	69-6572	Lockheed	AC-130H	United States
10183	US	USAF/US Army fiscal-year serial	69-6575	Lockheed	AC-130H	United States
10184	US	USAF/US Army fiscal-year serial	87-0128	Lockheed	AC-130U	United States
6716	US	USAF/US Army fiscal-year serial	88-1308	Lockheed	AC-130W	United States
24483	US	N-number	N4023Y	Aviastroitel	AC-4C	United States
10176	US	USAF/US Army fiscal-year serial	43-15510	Douglas	AC-47D	United States
9888	US	USAF/US Army fiscal-year serial	64-13149	Boeing Vertol	ACH-47A	United States
7908	US	N-number	N5400E	Krier-Kraft	Acromaster	United States
20265	US	N-number	N23827	Douglas	AD -4	United States
14916	GB	RAF two-letter serial	WT983	Douglas	AD -4W	United Kingdom
14917	GB	RAF two-letter serial	WV106	Douglas	AD -4W	United Kingdom
8042	US	N-number	N39147	Douglas	AD-5	United States
10412	US	N-number	N4277P	Douglas	AD-4	United States
19197	FR	F- registration	F-AZFN	Douglas	AD-4N Skyraider	France
10413	US	N-number	N4277N	Douglas	AD-4W	United States
22823	SE	SE- registration	SE-EBB	Douglas	AD-4W	Sweden
23070	SE	SE- registration	SE-EBC	Douglas	AD-4W	Sweden
6540	US	USAF/US Army fiscal-year serial	61-0633	McDonnell	ADM-20C	United States
24908	US	USAF/US Army fiscal-year serial	64-2573	McDonnell	ADM-20C	United States
10572	US	N-number	N63557	Piper	AE-1	United States
18069	HU	HA- registration	HA-OMD	Let	Ae-45S	Germany
18100	DE	DM- registration	DM-SGF	Let	Ae-45S	Germany
18051	DE	DM- registration	DM-SGE	Aero	Aero 45S	Germany
5971	US	N-number	N4994P	Taylor	Aerocar	United States
26954	US	N-number	N34912	Aetna	Aerocraft-2SA	United States
7869	US	N-number	N77VA	Armstrong	Aeronaut	United States
8666	US	N-number	N9993Z	Grumman	AF-2S	United States
4454	US	N-number	N9994Z	Grumman	AF-2S	United States
7064	US	N-number	N3904K	Anderson Greenwood	AG-14	United States
24289	US	USAF/US Army fiscal-year serial	59-2847	North American	AGM-28	United States
24910	US	USAF/US Army fiscal-year serial	59-2796	North American	AGM-28A	United States
8425	US	USAF/US Army fiscal-year serial	78-23063	Bell	AH-1	United States
8426	US	USAF/US Army fiscal-year serial	68-15018	Bell	AH-1	United States
8551	US	USAF/US Army fiscal-year serial	67-15683	Bell	AH-1	United States
10314	US	USAF/US Army fiscal-year serial	71-21044	Bell	AH-1	United States
10356	US	USAF/US Army fiscal-year serial	68-15022	Bell	AH-1	United States
10374	US	USAF/US Army fiscal-year serial	70-15975	Bell	AH-1	United States
25863	US	USAF/US Army fiscal-year serial	77-22784	Bell	AH-1E	United States
26641	US	USAF/US Army fiscal-year serial	78-23050	Bell	AH-1E	United States
24264	US	USAF/US Army fiscal-year serial	78-23047	Bell	AH-1E	United States
76	US	USAF/US Army fiscal-year serial	69-16416	Bell	AH-1F	United States
498	US	USAF/US Army fiscal-year serial	67-15614	Bell	AH-1F	United States
3804	US	USAF/US Army fiscal-year serial	67-15776	Bell	AH-1F	United States
5737	US	USAF/US Army fiscal-year serial	68-17083	Bell	AH-1F	United States
5756	US	USAF/US Army fiscal-year serial	67-15508	Bell	AH-1F	United States
6287	US	USAF/US Army fiscal-year serial	69-16434	Bell	AH-1F	United States
6661	US	USAF/US Army fiscal-year serial	67-15496	Bell	AH-1F	United States
7456	US	USAF/US Army fiscal-year serial	67-15470	Bell	AH-1F	United States
7999	US	USAF/US Army fiscal-year serial	67-15599	Bell	AH-1F	United States
8007	US	USAF/US Army fiscal-year serial	80-23512	Bell	AH-1F	United States
8009	US	USAF/US Army fiscal-year serial	79-23247	Bell	AH-1F	United States
8022	US	USAF/US Army fiscal-year serial	68-15001	Bell	AH-1F	United States
8128	US	USAF/US Army fiscal-year serial	66-15309	Bell	AH-1F	United States
8141	US	USAF/US Army fiscal-year serial	67-15479	Bell	AH-1F	United States
8200	US	USAF/US Army fiscal-year serial	70-15967	Bell	AH-1F	United States
8201	US	USAF/US Army fiscal-year serial	67-15772	Bell	AH-1F	United States
8235	US	USAF/US Army fiscal-year serial	79-23234	Bell	AH-1F	United States
8398	US	USAF/US Army fiscal-year serial	67-15682	Bell	AH-1F	United States
8434	US	USAF/US Army fiscal-year serial	80-23515	Bell	AH-1F	United States
8521	US	USAF/US Army fiscal-year serial	67-15480	Bell	AH-1F	United States
8644	US	USAF/US Army fiscal-year serial	67-15450	Bell	AH-1F	United States
9744	US	USAF/US Army fiscal-year serial	76-22600	Bell	AH-1F	United States
9800	US	USAF/US Army fiscal-year serial	67-15524	Bell	AH-1F	United States
10313	US	USAF/US Army fiscal-year serial	68-15133	Bell	AH-1F	United States
10330	US	USAF/US Army fiscal-year serial	66-15316	Bell	AH-1F	United States
10344	US	USAF/US Army fiscal-year serial	68-15106	Bell	AH-1F	United States
10354	US	USAF/US Army fiscal-year serial	66-15303	Bell	AH-1F	United States
10359	US	USAF/US Army fiscal-year serial	67-15491	Bell	AH-1F	United States
10362	US	USAF/US Army fiscal-year serial	67-15659	Bell	AH-1F	United States
10365	US	USAF/US Army fiscal-year serial	68-15152	Bell	AH-1F	United States
10373	US	USAF/US Army fiscal-year serial	67-15813	Bell	AH-1F	United States
10375	US	USAF/US Army fiscal-year serial	67-15824	Bell	AH-1F	United States
10376	US	USAF/US Army fiscal-year serial	71-21003	Bell	AH-1F	United States
10393	US	USAF/US Army fiscal-year serial	70-15948	Bell	AH-1F	United States
10663	US	USAF/US Army fiscal-year serial	78-23110	Bell	AH-1F	United States
14232	US	USAF/US Army fiscal-year serial	70-15990	Bell	AH-1F	United Kingdom
14716	US	USAF/US Army fiscal-year serial	69-16445	Bell	AH-1F	United Kingdom
19479	US	USAF/US Army fiscal-year serial	68-15021	Bell	AH-1F	Israel
19589	US	USAF/US Army fiscal-year serial	70-15953	Bell	AH-1F	Israel
20140	US	USAF/US Army fiscal-year serial	68-17080	Bell	AH-1F	United States
20158	US	USAF/US Army fiscal-year serial	66-15343	Bell	AH-1F	United States
23885	US	USAF/US Army fiscal-year serial	68-15138	Bell	AH-1F	United States
23926	US	USAF/US Army fiscal-year serial	68-17088	Bell	AH-1F	United States
23931	US	USAF/US Army fiscal-year serial	68-15057	Bell	AH-1F	United States
24145	US	USAF/US Army fiscal-year serial	70-15969	Bell	AH-1F	United States
24203	US	USAF/US Army fiscal-year serial	68-17043	Bell	AH-1F	United States
24204	US	USAF/US Army fiscal-year serial	66-15348	Bell	AH-1F	United States
24738	US	USAF/US Army fiscal-year serial	70-16001	Bell	AH-1F	United States
24742	US	USAF/US Army fiscal-year serial	66-15283	Bell	AH-1F	United States
24743	US	USAF/US Army fiscal-year serial	67-15589	Bell	AH-1F	United States
24744	US	USAF/US Army fiscal-year serial	67-15766	Bell	AH-1F	United States
24745	US	USAF/US Army fiscal-year serial	67-15826	Bell	AH-1F	United States
24746	US	USAF/US Army fiscal-year serial	67-15481	Bell	AH-1F	United States
24747	US	USAF/US Army fiscal-year serial	67-15854	Bell	AH-1F	United States
24748	US	USAF/US Army fiscal-year serial	68-17082	Bell	AH-1F	United States
24749	US	USAF/US Army fiscal-year serial	70-15942	Bell	AH-1F	United States
24750	US	USAF/US Army fiscal-year serial	71-20998	Bell	AH-1F	United States
24751	US	USAF/US Army fiscal-year serial	66-15295	Bell	AH-1F	United States
24752	US	USAF/US Army fiscal-year serial	79-23195	Bell	AH-1F	United States
24753	US	USAF/US Army fiscal-year serial	79-23233	Bell	AH-1F	United States
24754	US	USAF/US Army fiscal-year serial	83-24197	Bell	AH-1F	United States
24850	US	USAF/US Army fiscal-year serial	67-15831	Bell	AH-1F	United States
25245	US	USAF/US Army fiscal-year serial	66-15296	Bell	AH-1F	United States
25248	US	USAF/US Army fiscal-year serial	70-15986	Bell	AH-1F	United States
25249	US	USAF/US Army fiscal-year serial	66-15325	Bell	AH-1F	United States
25622	US	USAF/US Army fiscal-year serial	66-15307	Bell	AH-1F	United States
25623	US	USAF/US Army fiscal-year serial	70-16043	Bell	AH-1F	United States
25624	US	USAF/US Army fiscal-year serial	68-17072	Bell	AH-1F	United States
25626	US	USAF/US Army fiscal-year serial	83-24193	Bell	AH-1F	United States
25876	US	USAF/US Army fiscal-year serial	66-15252	Bell	AH-1F	United States
25912	US	USAF/US Army fiscal-year serial	67-15587	Bell	AH-1F	United States
25915	US	USAF/US Army fiscal-year serial	68-17040	Bell	AH-1F	United States
25969	US	USAF/US Army fiscal-year serial	70-16034	Bell	AH-1F	United States
25973	US	USAF/US Army fiscal-year serial	67-15768	Bell	AH-1F	United States
26127	US	USAF/US Army fiscal-year serial	68-15142	Bell	AH-1F	United States
26143	US	USAF/US Army fiscal-year serial	67-15759	Bell	AH-1F	United States
26189	US	USAF/US Army fiscal-year serial	67-15642	Bell	AH-1F	United States
26194	US	USAF/US Army fiscal-year serial	70-16053	Bell	AH-1F	United States
26195	US	USAF/US Army fiscal-year serial	67-15473	Bell	AH-1F	United States
26205	US	USAF/US Army fiscal-year serial	66-15321	Bell	AH-1F	United States
26212	US	USAF/US Army fiscal-year serial	68-15131	Bell	AH-1F	United States
26214	US	USAF/US Army fiscal-year serial	68-17085	Bell	AH-1F	United States
26422	US	USAF/US Army fiscal-year serial	67-15675	Bell	AH-1F	United States
26639	US	USAF/US Army fiscal-year serial	68-17067	Bell	AH-1F	United States
26640	US	USAF/US Army fiscal-year serial	70-15993	Bell	AH-1F	United States
26642	US	USAF/US Army fiscal-year serial	78-23095	Bell	AH-1F	United States
26693	US	USAF/US Army fiscal-year serial	67-15475	Bell	AH-1F	United States
26711	US	USAF/US Army fiscal-year serial	67-15474	Bell	AH-1F	United States
26726	US	USAF/US Army fiscal-year serial	70-16045	Bell	AH-1F	United States
26763	US	USAF/US Army fiscal-year serial	67-15540	Bell	AH-1F	United States
26778	US	USAF/US Army fiscal-year serial	67-15720	Bell	AH-1F	United States
26788	US	USAF/US Army fiscal-year serial	67-15822	Bell	AH-1F	United States
26795	US	USAF/US Army fiscal-year serial	67-15805	Bell	AH-1F	United States
26798	US	USAF/US Army fiscal-year serial	68-17070	Bell	AH-1F	United States
26850	US	USAF/US Army fiscal-year serial	67-15815	Bell	AH-1F	United States
26888	US	USAF/US Army fiscal-year serial	67-15781	Bell	AH-1F	United States
27107	US	USAF/US Army fiscal-year serial	67-15650	Bell	AH-1F	United States
27108	US	USAF/US Army fiscal-year serial	68-15000	Bell	AH-1F	United States
27109	US	USAF/US Army fiscal-year serial	70-15956	Bell	AH-1F	United States
27111	US	USAF/US Army fiscal-year serial	70-16032	Bell	AH-1F	United States
27119	US	USAF/US Army fiscal-year serial	66-15327	Bell	AH-1F	United States
27121	US	USAF/US Army fiscal-year serial	67-15513	Bell	AH-1F	United States
27126	US	USAF/US Army fiscal-year serial	67-15608	Bell	AH-1F	United States
27149	US	USAF/US Army fiscal-year serial	67-15758	Bell	AH-1F	United States
27162	US	USAF/US Army fiscal-year serial	67-15717	Bell	AH-1F	United States
27176	US	USAF/US Army fiscal-year serial	67-15769	Bell	AH-1F	United States
24234	US	USAF/US Army fiscal-year serial	71-21033	Bell	AH-1F	United States
24256	US	USAF/US Army fiscal-year serial	67-15688	Bell	AH-1F	United States
24257	US	USAF/US Army fiscal-year serial	68-15110	Bell	AH-1F	United States
24268	US	USAF/US Army fiscal-year serial	67-15506	Bell	AH-1F	United States
24272	US	USAF/US Army fiscal-year serial	67-15790	Bell	AH-1F	United States
24474	US	USAF/US Army fiscal-year serial	68-17074	Bell	AH-1F	United States
24686	US	USAF/US Army fiscal-year serial	66-15318	Bell	AH-1F	United States
24699	US	USAF/US Army fiscal-year serial	67-15690	Bell	AH-1F	United States
24701	US	USAF/US Army fiscal-year serial	69-16446	Bell	AH-1F	United States
24708	US	USAF/US Army fiscal-year serial	67-15528	Bell	AH-1F	United States
24710	US	USAF/US Army fiscal-year serial	78-23097	Bell	AH-1F	United States
190	US	USAF/US Army fiscal-year serial	67-15574	Bell	AH-1G	United States
6575	US	USAF/US Army fiscal-year serial	70-16042	Bell	AH-1G	United States
7385	US	USAF/US Army fiscal-year serial	68-15153	Bell	AH-1G	United States
8423	US	USAF/US Army fiscal-year serial	68-15204	Bell	AH-1G	United States
8555	US	USAF/US Army fiscal-year serial	67-15535	Bell	AH-1G	United States
8647	US	USAF/US Army fiscal-year serial	66-15264	Bell	AH-1G	United States
9798	US	USAF/US Army fiscal-year serial	71-15090	Bell	AH-1G	United States
20141	US	USAF/US Army fiscal-year serial	67-15469	Bell	AH-1G	United States
21817	US	USAF/US Army fiscal-year serial	71-21018	Bell Helicopter	AH-1G	Australia
23924	US	USAF/US Army fiscal-year serial	68-15085	Bell	AH-1G	United States
23925	US	USAF/US Army fiscal-year serial	67-15795	Bell	AH-1G	United States
25271	US	USAF/US Army fiscal-year serial	70-16096	Bell	AH-1G	United States
25602	US	USAF/US Army fiscal-year serial	67-15502	Bell	AH-1G	United States
25627	US	USAF/US Army fiscal-year serial	69-16442	Bell	AH-1G	United States
25909	US	USAF/US Army fiscal-year serial	68-15095	Bell	AH-1G	United States
26239	US	USAF/US Army fiscal-year serial	67-15495	Bell	AH-1G	United States
26695	US	USAF/US Army fiscal-year serial	67-15736	Bell	AH-1G	United States
26705	US	USAF/US Army fiscal-year serial	68-15143	Bell	AH-1G	United States
26707	US	USAF/US Army fiscal-year serial	71-20987	Bell	AH-1G	United States
26797	US	USAF/US Army fiscal-year serial	66-15249	Bell	AH-1G	United States
9745	US	USAF/US Army fiscal-year serial	66-15246	Bell	AH-1G	United States
9801	US	USAF/US Army fiscal-year serial	72-2504	Bell	AH-1J	United States
7264	US	USAF/US Army fiscal-year serial	77-22754	Bell	AH-1P	United States
7444	US	USAF/US Army fiscal-year serial	77-22748	Bell	AH-1P	United States
21932	US	USAF/US Army fiscal-year serial	76-22598	Bell	AH-1P	Australia
21995	US	USAF/US Army fiscal-year serial	76-22592	Bell	AH-1P	Australia
25963	US	USAF/US Army fiscal-year serial	76-22699	Bell	AH-1P	United States
10311	US	USAF/US Army fiscal-year serial	68-15151	Bell	AH-1Q	United States
1908	US	USAF/US Army fiscal-year serial	68-15155	Bell	AH-1S	United States
3900	US	USAF/US Army fiscal-year serial	70-15985	Bell	AH-1S	United States
5702	US	USAF/US Army fiscal-year serial	77-22791	Bell	AH-1S	United States
6968	US	USAF/US Army fiscal-year serial	82-24076	Bell	AH-1S	United States
7463	US	USAF/US Army fiscal-year serial	68-15054	Bell	AH-1S	United States
7822	US	USAF/US Army fiscal-year serial	71-21038	Bell	AH-1S	United States
7823	US	USAF/US Army fiscal-year serial	71-21031	Bell	AH-1S	United States
7898	US	USAF/US Army fiscal-year serial	70-16060	Bell	AH-1S	United States
7982	US	USAF/US Army fiscal-year serial	66-15298	Bell	AH-1S	United States
7989	US	USAF/US Army fiscal-year serial	67-15796	Bell	AH-1S	United States
7993	US	USAF/US Army fiscal-year serial	67-15744	Bell	AH-1S	United States
8010	US	USAF/US Army fiscal-year serial	67-15687	Bell	AH-1S	United States
8476	US	USAF/US Army fiscal-year serial	70-16084	Bell	AH-1S	United States
8560	US	USAF/US Army fiscal-year serial	71-21009	Bell	AH-1S	United States
8629	US	USAF/US Army fiscal-year serial	70-16104	Bell	AH-1S	United States
9729	US	USAF/US Army fiscal-year serial	68-17109	Bell	AH-1S	United States
9799	US	USAF/US Army fiscal-year serial	70-16072	Bell	AH-1S	United States
10309	US	USAF/US Army fiscal-year serial	67-15661	Bell	AH-1S	United States
10310	US	USAF/US Army fiscal-year serial	70-16044	Bell	AH-1S	United States
10315	US	USAF/US Army fiscal-year serial	68-17099	Bell	AH-1S	United States
10316	US	USAF/US Army fiscal-year serial	68-15169	Bell	AH-1S	United States
10317	US	USAF/US Army fiscal-year serial	66-15302	Bell	AH-1S	United States
10319	US	USAF/US Army fiscal-year serial	68-17026	Bell	AH-1S	United States
10363	US	USAF/US Army fiscal-year serial	70-15998	Bell	AH-1S	United States
10364	US	USAF/US Army fiscal-year serial	70-16047	Bell	AH-1S	United States
10370	US	USAF/US Army fiscal-year serial	68-15123	Bell	AH-1S	United States
10390	US	USAF/US Army fiscal-year serial	70-16000	Bell	AH-1S	United States
20109	US	USAF/US Army fiscal-year serial	67-15817	Bell	AH-1S	United States
20131	US	USAF/US Army fiscal-year serial	71-21023	Bell	AH-1S	United States
24193	US	USAF/US Army fiscal-year serial	67-15663	Bell	AH-1S	United States
25047	US	USAF/US Army fiscal-year serial	70-15981	Bell	AH-1S	United States
25180	US	USAF/US Army fiscal-year serial	70-16038	Bell	AH-1S	United States
25270	US	USAF/US Army fiscal-year serial	79-23240	Bell	AH-1S	United States
25432	US	USAF/US Army fiscal-year serial	69-16437	Bell	AH-1S	United States
25455	US	USAF/US Army fiscal-year serial	67-15685	Bell	AH-1S	United States
25458	US	USAF/US Army fiscal-year serial	68-15186	Bell	AH-1S	United States
25841	US	USAF/US Army fiscal-year serial	80-23517	Bell	AH-1S	United States
25842	US	USAF/US Army fiscal-year serial	66-15352	Bell	AH-1S	United States
25843	US	USAF/US Army fiscal-year serial	76-22567	Bell	AH-1S	United States
25844	US	USAF/US Army fiscal-year serial	67-15520	Bell	AH-1S	United States
25846	US	USAF/US Army fiscal-year serial	79-23211	Bell	AH-1S	United States
26126	US	USAF/US Army fiscal-year serial	70-16090	Bell	AH-1S	United States
26168	US	USAF/US Army fiscal-year serial	67-15607	Bell	AH-1S	United States
26229	US	USAF/US Army fiscal-year serial	68-15088	Bell	AH-1S	United States
26302	US	USAF/US Army fiscal-year serial	68-15130	Bell	AH-1S	United States
26593	US	USAF/US Army fiscal-year serial	67-15754	Bell	AH-1S	United States
26701	US	USAF/US Army fiscal-year serial	81-23539	Bell	AH-1S	United States
26812	US	USAF/US Army fiscal-year serial	68-15074	Bell	AH-1S	United States
26819	US	USAF/US Army fiscal-year serial	70-16056	Bell	AH-1S	United States
26906	US	USAF/US Army fiscal-year serial	83-24189	Bell	AH-1S	United States
26947	US	USAF/US Army fiscal-year serial	70-16061	Bell	AH-1S	United States
26977	US	USAF/US Army fiscal-year serial	67-15564	Bell	AH-1S	United States
27103	US	USAF/US Army fiscal-year serial	68-17042	Bell	AH-1S	United States
27142	US	USAF/US Army fiscal-year serial	71-21040	Bell	AH-1S	United States
27153	US	USAF/US Army fiscal-year serial	71-21041	Bell	AH-1S	United States
27160	US	USAF/US Army fiscal-year serial	70-16087	Bell	AH-1S	United States
27164	US	USAF/US Army fiscal-year serial	67-15546	Bell	AH-1S	United States
27196	US	USAF/US Army fiscal-year serial	79-23238	Bell	AH-1S	United States
24187	US	USAF/US Army fiscal-year serial	70-15976	Bell	AH-1S	United States
24259	US	USAF/US Army fiscal-year serial	68-15091	Bell	AH-1S	United States
24702	US	USAF/US Army fiscal-year serial	68-15086	Bell	AH-1S	United States
26123	US	USAF/US Army fiscal-year serial	66-8831	Lockheed	AH-56A	United States
26293	US	USAF/US Army fiscal-year serial	66-8827	Lockheed	AH-56A	United States
9883	US	USAF/US Army fiscal-year serial	00-05198	Boeing	AH-64D	United States
18893	FR	F- registration	F-WDVN	Arsenal	Air 100	France
18734	FR	F- registration	F-CAGQ	Arsenal	AIR 102	France
18735	FR	F- registration	F-CABQ	Arsenal	AIR 102	France
2735	US	N-number	N22EZ	Pietenpol	Air Camper	United States
7237	US	N-number	N36RN	Pietenpol	Air Camper	United States
7878	US	N-number	N2NK	Pietenpol	Air Camper	United States
8352	US	N-number	N9170M	Pietenpol	Air Camper	United States
20510	CA	C-F/G registration	C-GSNS	Pietenpol	Air Camper	Canada
21221	CA	CF- registration	CF-BDH	Pietenpol	Air Camper	Canada
24018	US	N-number	N433V	Pietenpol	Air Camper	United States
25188	US	US registration (maker is not a UK airframe builder)	N4860	Pietenpol	Air Camper	United States
25209	US	N-number	N767F	Pietenpol	Air Camper	United States
26367	US	N-number	N491RH	Pietenpol	Air Camper	United States
27031	US	US registration (maker is not a UK airframe builder)	N5592	Pietenpol	Air Camper	United States
5929	US	N-number	N5084T	Lockwood	AirCam	United States
21359	CA	CF- registration	CF-AWR	Bellanca	Aircruiser	Canada
10405	US	N-number	N2191K	Bellanca	Aircruiser-66-75	United States
20513	CA	CF- registration	CF-QIR	Schreder	Airmate HP-11A	Canada
21907	AU	VH- registration	VH-FMM	Millicer	Airtourer	Australia
21594	AU	VH- registration	VH-BWI	Victa	Airtourer	Australia
22693	NZ	ZK- registration	ZK-CPG	AESL	Airtourer	New Zealand
22167	AU	VH- registration	VH-CFE	Victa	Airtourer-100	Australia
21990	AU	VH- registration	VH-EAQ	Victa	Airtourer-115	Australia
22597	NZ	ZK- registration	ZK-CXU	AESL	Airtourer-115	New Zealand
22653	NZ	ZK- registration	ZK-CLF	Victa	Airtourer-115	New Zealand
22654	NZ	ZK- registration	ZK-COW	Victa	Airtourer-115	New Zealand
22537	NZ	ZK- registration	ZK-XXI	Victa	Airtourer T.3A	New Zealand
13443	IN	Indian Air Force Gnat/Ajeet E-series	E1046	HAL	Ajeet	India
13461	IN	Indian Air Force Gnat/Ajeet E-series	E1956	HAL	Ajeet	India
13582	IN	Indian Air Force Gnat/Ajeet E-series	E1049	HAL	Ajeet	India
13754	IN	Indian Air Force Gnat/Ajeet E-series	E1968	HAL	Ajeet	India
13762	IN	Indian Air Force Gnat/Ajeet E-series	E1981	HAL	Ajeet	India
13800	IN	Indian Air Force Gnat/Ajeet E-series	E2031	HAL	Ajeet	India
13807	IN	Indian Air Force Gnat/Ajeet E-series	E1979	HAL	Ajeet	India
13854	IN	Indian Air Force Gnat/Ajeet E-series	E1983	HAL	Ajeet	India
13888	IN	Indian Air Force Gnat/Ajeet E-series	E2033	HAL	Ajeet	India
13903	IN	Indian Air Force Gnat/Ajeet E-series	E1982	HAL	Ajeet	India
13934	IN	Indian Air Force Gnat/Ajeet E-series	E1994	HAL	Ajeet	India
13960	IN	Indian Air Force Gnat/Ajeet E-series	E1973	HAL	Ajeet	India
13384	IN	Indian Air Force Gnat/Ajeet E-series	E1964	HAL	Ajeet Mk 1	India
13626	IN	Indian Air Force Gnat/Ajeet E-series	E1083	HAL	Ajeet Mk 1	India
13701	IN	Indian Air Force Gnat/Ajeet E-series	E2016	HAL	Ajeet Mk 1	India
13806	IN	Indian Air Force Gnat/Ajeet E-series	E1059	HAL	Ajeet Mk 1	India
13916	IN	Indian Air Force Gnat/Ajeet E-series	E1990	HAL	Ajeet Mk 1	India
13927	IN	Indian Air Force Gnat/Ajeet E-series	E1978	HAL	Ajeet Mk 1	India
13981	IN	Indian Air Force Gnat/Ajeet E-series	E1975	HAL	Ajeet Mk 1	India
17782	DE	D- registration	D-KEUL	Akaflieg Karlsruhe	AK-1	Germany
7240	US	N-number	N31SA	Spinks	Akromaster	United States
14907	GB	British serial (maker is a UK airframe builder)	N4172	Fairey	Albacore Mk I	United Kingdom
14252	GB	RAF two-letter serial	XR232	Sud Aviation	Alouette AH.2	United Kingdom
16771	DE	Bundeswehr NN+NN	76+24	Sud Aviation	Alouette II	Germany
16972	DE	Bundeswehr NN+NN	76+89	Sud Aviation	Alouette II	Germany
17438	DE	Bundeswehr NN+NN	75+46	Sud Aviation	Alouette II	Germany
17439	DE	Bundeswehr NN+NN	75+83	Sud Aviation	Alouette II	Germany
17686	DE	Bundeswehr NN+NN	75+20	Sud Aviation	Alouette II	Germany
18065	DE	Bundeswehr NN+NN	75+52	Sud Aviation	Alouette II	Germany
17235	DE	D- registration	D-HBJM	Sud Aviation	Alouette II SA 318C	Germany
16668	DE	Bundeswehr NN+NN	75+01	Sud Aviation	Alouette II SE 3130	Germany
16669	DE	Bundeswehr NN+NN	75+05	Sud Aviation	Alouette II SE 3130	Germany
16670	DE	Bundeswehr NN+NN	77+17	Sud Aviation	Alouette II SE 3130	Germany
17033	DE	Bundeswehr NN+NN	76+22	Sud Aviation	Alouette II SE 3130	Germany
17204	DE	Bundeswehr NN+NN	75+24	Sud Aviation	Alouette II SE 3130	Germany
17205	DE	Bundeswehr NN+NN	76+66	Sud Aviation	Alouette II SE 3130	Germany
17206	DE	Bundeswehr NN+NN	76+76	Sud Aviation	Alouette II SE 3130	Germany
17261	DE	Bundeswehr NN+NN	75+95	Sud-Aviation	Alouette II SE 3130	Germany
17267	DE	Bundeswehr NN+NN	76+02	Sud-Aviation	Alouette II SE 3130	Germany
17269	DE	D- registration	D-HBUR	Sud Aviation	Alouette II SE 3130	Germany
17514	DE	Bundeswehr NN+NN	75+02	Sud Aviation	Alouette II SE 3130	Germany
17552	DE	Bundeswehr NN+NN	76+80	Sud Aviation	Alouette II SE 3130	Germany
17842	DE	Bundeswehr NN+NN	75+84	Sud Aviation	Alouette II SE 3130	Germany
17979	DE	Bundeswehr NN+NN	50+99	Sud Aviation	Alouette II SE 3130	Germany
18016	DE	Bundeswehr NN+NN	75+26	Sud Aviation	Alouette II SE 3130	Germany
18120	DE	Bundeswehr NN+NN	75+32	Sud Aviation	Alouette II SE 3130	Germany
18121	DE	Bundeswehr NN+NN	76+68	Sud Aviation	Alouette II SE 3130	Germany
18122	DE	Bundeswehr NN+NN	77+10	Sud Aviation	Alouette II SE 3130	Germany
18123	DE	Bundeswehr NN+NN	77+16	Sud Aviation	Alouette II SE 3130	Germany
16742	DE	Bundeswehr NN+NN	41+05	Dassault-Breguet/Dornier	Alpha Jet A	Germany
16964	DE	Bundeswehr NN+NN	40+12	Dassault-Breguet/Dornier	Alpha Jet A	Germany
17156	DE	Bundeswehr NN+NN	40+26	Dassault-Breguet/Dornier	Alpha Jet A	Germany
17157	DE	Bundeswehr NN+NN	41+39	Dassault-Breguet/Dornier	Alpha Jet A	Germany
17158	DE	Bundeswehr NN+NN	41+50	Dassault-Breguet/Dornier	Alpha Jet A	Germany
17291	DE	Bundeswehr NN+NN	40+61	Dassault-Breguet/Dornier	Alpha Jet A	Germany
17405	DE	Bundeswehr NN+NN	40+74	Dassault-Breguet/Dornier	Alpha Jet A	Germany
17481	DE	Bundeswehr NN+NN	40+43	Dassault-Breguet/Dornier	Alpha Jet A	Germany
18041	DE	Bundeswehr NN+NN	41+43	Dassault-Breguet/Dornier	Alpha Jet A	Germany
18044	DE	Bundeswehr NN+NN	40+29	Dassault-Breguet/Dornier	Alpha Jet A	Germany
18045	DE	Bundeswehr NN+NN	40+44	Dassault-Breguet/Dornier	Alpha Jet A	Germany
18056	DE	Bundeswehr NN+NN	98+55	Dassault-Breguet/Dornier	Alpha Jet A	Germany
14145	CI	TU- registration	TU-VCB	Dassault-Dornier	Alpha Jet E	Côte d'Ivoire
14146	CI	TU- registration	TU-VCC	Dassault-Dornier	Alpha Jet E	Côte d'Ivoire
14147	CI	TU- registration	TU-VCG	Dassault-Dornier	Alpha Jet E	Côte d'Ivoire
21633	AU	VH- registration	VH-GLI	Adair-Gurr	Altair	Australia
10425	US	N-number	N7163M	Martin	AM-1	United States
6167	GB	G- registration	G-ALZO	Airspeed	Ambassador-2	United Kingdom
5539	RU	CCCP- registration	CCCP-11213	Antonov	An-10A	Russia
11673	RU	RA- registration	RA-12126	Antonov	An-12B	Russia
11987	RU	RA- registration	RA-11230	Antonov	An-12B	Russia
12331	RU	CCCP- registration	CCCP-11339	Antonov	An-12B	Russia
12629	RU	RA- registration	RA-11931	Antonov	An-12BK	Russia
10687	RU	CCCP- registration	CCCP-12114	Antonov	An-12BP	Eritrea
10700	RU	CCCP- registration	CCCP-11815	Antonov	An-12BP	Eritrea
12332	RU	CCCP- registration	CCCP-81556	Antonov	An-14	Russia
12562	RU	CCCP- registration	CCCP-48104	Antonov	An-14A	Russia
11862	RU	RA- registration	RA-41250	Antonov	An-140	Russia
17081	DE	Bundeswehr NN+NN	52+09	Antonov	An-2	Germany
17272	HU	HA- registration	HA-ANA	Antonov	An-2	Germany
17273	DE	Bundeswehr NN+NN	52+08	Antonov	An-2	Germany
17486	HU	HA- registration	HA-MHM	Antonov	An-2	Germany
17920	RU	RA- registration	RA-41343	Antonov	An-2	Germany
17922	DE	Bundeswehr NN+NN	52+04	Antonov	An-2	Germany
18005	DE	D- registration	D-FWJD	Antonov	An-2	Germany
18072	PL	SP- registration	SP-WOS	Antonov	An-2	Germany
18073	HU	HA- registration	HA-MER	Antonov	An-2	Germany
20523	US	N-number	N73AN	Antonov	An-2	Canada
1871	RU	RA- registration	RA-07618	Antonov	An-2	United States
5537	RU	CCCP- registration	CCCP-70992	Antonov	An-2	Russia
6389	US	N-number	N61SL	Antonov	An-2	United States
8327	US	N-number	N147AS	Antonov	An-2	United States
8328	US	N-number	N147SP	Antonov	An-2	United States
11761	RU	RF- registration	RF-00371	Antonov	An-2	Russia
11765	RU	RA- registration	RA-70717	Antonov	An-2	Russia
11907	RU	RA- registration	RA-2094K	Antonov	An-2	Russia
11918	RU	CCCP- registration	CCCP-16068	Antonov	An-2	Russia
12033	RU	RF- registration	RF-00477	Antonov	An-2	Russia
12086	RU	RA- registration	RA-55411	Antonov	An-2	Russia
12143	RU	CCCP- registration	CCCP-40732	Antonov	An-2	Russia
12491	RU	CCCP- registration	CCCP-07619	Antonov	An-2	Russia
12516	RU	RA- registration	RA-02448	Antonov	An-2	Russia
12517	RU	RA- registration	RA-3306K	Antonov	An-2	Russia
12563	RU	RA- registration	RA-40561	Antonov	An-2	Russia
19739	TR	TC- registration	TC-AUB	Antonov	An-2	Turkey
23175	LT	LY- registration	LY-AEQ	Antonov	An-2	Norway
23448	LT	LY- registration	LY-ACR	Antonov	An-2	Denmark
23516	RU	RA- registration	RA-70623	Antonov	An-2	Finland
2813	RU	CCCP- registration	CCCP-62624	Antonov	An-2	United States
16679	PL	SP- registration	SP-KAA	Antonov	An-2P	Germany
12106	RU	RA- registration	RA-70705	Antonov	An-2P	Russia
12333	RU	CCCP- registration	CCCP-70774	Antonov	An-2P	Russia
17054	HU	HA- registration	HA-MDS	Antonov	An-2R	Germany
17706	HU	HA- registration	HA-MHQ	Antonov	An-2R	Germany
18023	LT	LY- registration	LY-ADM	Antonov	An-2R	Germany
19028	PL	SP- registration	SP-WWW	Antonov	An-2R	France
5235	RU	CCCP- registration	CCCP-32682	PZL Mielec	AN-2R	United States
11864	RU	RA- registration	RA-40627	Antonov	An-2R	Russia
11868	RU	RA- registration	RA-02210	Antonov	An-2R	Russia
11869	RU	RA- registration	RA-33470	Antonov	An-2R	Russia
12156	RU	RA- registration	RA-62706	Antonov	An-2R	Russia
12336	RU	CCCP- registration	CCCP-70510	Antonov	An-2R	Russia
12337	RU	CCCP- registration	CCCP-06258	Antonov	An-2R	Russia
12524	RU	RA- registration	RA-35520	Antonov	An-2R	Russia
12638	RU	RA- registration	RA-33353	Antonov	An-2R	Russia
24562	US	N-number	N26AN	Antonov	An-2R	United States
16895	DE	D- registration	D-FOFM	Antonov	An-2T	Germany
16896	DE	D- registration	D-FOJN	Antonov	An-2T	Germany
17532	DE	DM- registration	DM-SKO	Antonov	An-2T	Germany
17533	RU	RA- registration	RA-05825	Antonov	An-2T	Germany
22640	LT	LY- registration	LY-AKH	Antonov	An-2T	New Zealand
12434	RU	CCCP- registration	CCCP-26176	Antonov	An-2T	Russia
19769	DE	D- registration	D-FKME	Antonov	An-2T	Turkey
17445	DE	D- registration	D-FONB	Antonov	An-2TD	Germany
17722	DE	D- registration	D-FONG	Antonov	An-2TD	Germany
17397	PL	SP- registration	SP-AOG	Antonov	An-2TP	Germany
23775	RU	RA- registration	RA-50502	Antonov	An-2TP	Iceland
12334	RU	CCCP- registration	CCCP-96218	Antonov	An-2TP	Russia
12335	RU	CCCP- registration	CCCP-41301	Antonov	An-2TP	Russia
12371	RU	RA- registration	RA-07176	Antonov	An-2TP	Russia
12525	RU	CCCP- registration	CCCP-70657	Antonov	An-2TP	Russia
12564	RU	RA- registration	RA-96235	Antonov	An-2TP	Russia
12319	RU	CCCP- registration	CCCP-79854	Antonov	An-2V	Russia
5536	RU	CCCP- registration	CCCP-09334	Antonov	An-22	Russia
5538	RU	CCCP- registration	CCCP-46746	Antonov	An-24	Russia
12149	RU	RA- registration	RA-46765	Antonov	An-24	Russia
12151	RU	RA- registration	RA-47765	Antonov	An-24	Russia
12520	RU	CCCP- registration	CCCP-46227	Antonov	An-24	Russia
12521	RU	CCCP- registration	CCCP-46728	Antonov	An-24	Russia
12560	RU	CCCP- registration	CCCP-46761	Antonov	An-24	Russia
12022	RU	CCCP- registration	CCCP-46296	Antonov	An-24B	Russia
12158	RU	RA- registration	RA-46388	Antonov	An-24B	Russia
12448	RU	CCCP- registration	CCCP-46791	Antonov	An-24B	Russia
12492	RU	CCCP- registration	CCCP-47826	Antonov	An-24B	Russia
12666	RU	CCCP- registration	CCCP-47755	Antonov	An-24B	Russia
23575	RU	RA- registration	RA-46576	Antonov	An-24B	Finland
11866	RU	RA- registration	RA-48102	Antonov	An-24RT	Russia
11943	RU	RA- registration	RA-47697	Antonov	An-24RV	Russia
12523	RU	CCCP- registration	CCCP-46652	Antonov	An-24RV	Russia
11732	RU	RA- registration	RA-26615	Antonov	An-26	Russia
12150	RU	RA- registration	RA-26612	Antonov	An-26	Russia
12561	RU	RA- registration	RA-26503	Antonov	An-26	Russia
12321	RU	CCCP- registration	CCCP-26608	Antonov	An-26B	Russia
11672	RU	RA- registration	RA-46707	Antonov	An-26KPA	Russia
17687	DE	Bundeswehr NN+NN	52+05	Antonov	An-26T	Germany
12096	RU	RA- registration	RA-30052	Antonov	An-30	Russia
11881	RU	RA- registration	RA-69302	Antonov	An-8	Russia
14376	GB	RAF two-letter serial	XS790	Hawker Siddeley	Andover CC.2	United Kingdom
15811	GB	RAF two-letter serial	XS639	Hawker Siddeley	Andover E.3A	United Kingdom
16002	GB	G- registration	G-EBJO	ANEC	ANEC II	United Kingdom
14113	GB	RAF two-letter serial	TX183	Avro	Anson C.19	United Arab Emirates
14265	GB	RAF two-letter serial	TX214	Avro	Anson C.19	United Kingdom
14266	GB	RAF two-letter serial	TX235	Avro	Anson C.19	United Kingdom
14521	GB	RAF two-letter serial	VM325	Avro	Anson C.19	United Kingdom
15346	GB	RAF two-letter serial	TX226	Avro	Anson C.19	United Kingdom
15405	GB	RAF two-letter serial	TX213	Avro	Anson C.19	United Kingdom
15446	GB	RAF two-letter serial	VL348	Avro	Anson C.19	United Kingdom
15546	GB	G- registration	G-APHV	Avro	Anson C.19	United Kingdom
15615	GB	RAF two-letter serial	VL349	Avro	Anson C.19	United Kingdom
16006	GB	G- registration	G-AHKX	Avro	Anson C.19	United Kingdom
16187	GB	RAF two-letter serial	VP519	Avro	Anson C.19	United Kingdom
6171	GB	British serial (maker is a UK airframe builder)	N4877	Avro	Anson I	United Kingdom
15778	GB	RAF two-letter serial	LT773	Avro	Anson I	United Kingdom
21367	GB	RAF two-letter serial	FP805	Avro	Anson I	Canada
21712	GB	RAF pre-war single-letter serial	W2121	Avro	Anson I	Australia
21713	AU	VH- registration	VH-WAC	Avro	Anson I	Australia
22025	GB	RAF two-letter serial	AX350	Avro	Anson I	Australia
22323	GB	RAF two-letter serial	EF954	Avro	Anson I	Australia
22077	AU	VH- registration	VH-BIF	Avro	Anson Mk 1	Australia
22078	GB	RAF two-letter serial	MG222	Avro	Anson Mk 1	Australia
21382	GB	RAF two-letter serial	AX111	Avro	Anson Mk I	Canada
21484	GB	RAF pre-war single-letter serial	R9725	Avro	Anson Mk I	Canada
20494	GB	RAF two-letter serial	FP846	Avro	Anson Mk II	Canada
16512	GB	RAF two-letter serial	VV901	Avro	Anson T.21	United Kingdom
12547	RU	CCCP- registration	CCCP-N317	Tupolev	ANT-4G-1	Russia
15158	GB	RAF two-letter serial	WE536	Auster	AOP	United Kingdom
14447	GB	RAF two-letter serial	NJ689	Auster	AOP-5	United Kingdom
14449	GB	RAF two-letter serial	TW439	Auster	AOP-5	United Kingdom
15155	GB	RAF two-letter serial	VF635	Auster	AOP-6	United Kingdom
16186	GB	RAF two-letter serial	VF530	Auster	AOP-6	United Kingdom
16220	GB	RAF two-letter serial	XK421	Auster	AOP-9	United Kingdom
16228	GB	RAF two-letter serial	XP282	Auster	AOP-9	United Kingdom
16233	GB	RAF two-letter serial	XR238	Auster	AOP-9	United Kingdom
14237	GB	RAF two-letter serial	TJ569	Auster	AOP Mk 5	United Kingdom
15677	GB	RAF two-letter serial	RT486	Auster	AOP Mk 5	United Kingdom
14241	GB	RAF two-letter serial	WJ358	Auster	AOP Mk 6	United Kingdom
14242	GB	RAF two-letter serial	WZ721	Auster	AOP Mk 9	United Kingdom
14243	GB	RAF two-letter serial	WZ724	Auster	AOP Mk 9	United Kingdom
14351	GB	RAF two-letter serial	MS968	Auster	AOP.5	United Kingdom
6378	GB	RAF two-letter serial	VF644	Auster	AOP.6	United States
20877	CA	CF- registration	CF-KYB	Auster	AOP.7	Canada
14821	GB	RAF two-letter serial	XP281	Auster	AOP.9	United Kingdom
16283	GB	RAF two-letter serial	XK418	Auster	AOP.9	United Kingdom
21605	GB	RAF two-letter serial	XP285	Auster Aircraft	AOP.9	Australia
21833	AU	RAAF A-series serial	A9-757	Lockheed	AP-3C	Australia
21846	AU	RAAF A-series serial	A9-752	Lockheed	AP-3C	Australia
21980	AU	RAAF A-series serial	A9-753	Lockheed	AP-3C	Australia
22003	AU	RAAF A-series serial	A9-759	Lockheed	AP-3C	Australia
22144	AU	RAAF A-series serial	A9-760	Lockheed	AP-3C	Australia
22202	AU	RAAF A-series serial	A9-658	Lockheed	AP-3C	Australia
22317	AU	RAAF A-series serial	A9-756	Lockheed	AP-3C	Australia
22415	AU	RAAF A-series serial	A9-659	Lockheed	AP-3C	Australia
21641	AU	VH- registration	VH-GHR	Elliott	AP.5	Australia
14162	GB	RAF two-letter serial	ZJ171	Westland	Apache AH.1	United Kingdom
14262	GB	RAF two-letter serial	ZJ224	Westland	Apache AH.1	United Kingdom
20672	CA	CF- registration	CF-CCW	Waco	AQC-6	Canada
5284	US	USAF/US Army fiscal-year serial	69-0432	Teledyne Ryan	AQM-34L	United States
24992	US	USAF/US Army fiscal-year serial	67-21505	Teledyne Ryan	AQM-34N	United States
24993	US	USAF/US Army fiscal-year serial	74-2147	Teledyne Ryan	AQM-34V	United States
16843	DE	D- registration	D-EMVT	Arado	Ar 79B	Germany
17815	DE	D- registration	D-MXRM	Reuter	Arco	Germany
14198	GB	G- registration	G-BEOZ	Armstrong Whitworth	Argosy-101	United Kingdom
15248	GB	G- registration	G-APRL	Armstrong Whitworth	Argosy-101	United Kingdom
15443	GB	RAF two-letter serial	XN819	Armstrong Whitworth	Argosy C.1	United Kingdom
15863	GB	RAF two-letter serial	XP411	Armstrong Whitworth	Argosy C.1	United Kingdom
26981	GB	RAF two-letter serial	XR143	Armstrong Whitworth	Argosy E.1	United States
20427	GB	RAF two-letter serial	FK315	Fairchild	Argus I	Canada
14445	GB	RAF two-letter serial	HB751	Fairchild	Argus III	United Kingdom
16514	GB	RAF two-letter serial	FK338	Fairchild	Argus Mk I	United Kingdom
10501	US	N-number	N853H	Arrow Aircraft	Arrow Sport	United States
22667	NZ	ZK- registration	ZK-HGV	Eurocopter	AS 350B2	New Zealand
18858	FR	F- registration	F-PYLM	Starck	AS-37B	France
18859	FR	F- registration	F-PEAY	Starck	AS-57	France
21930	GB	RAF two-letter serial	HN631	Airspeed	AS.10	Australia
22026	GB	RAF pre-war single-letter serial	V3475	Airspeed	AS.10I	Australia
38365	GB	G- registration	G-AITF	Airspeed	AS.10I	South Africa
22425	GB	RAF two-letter serial	PK286	Airspeed	AS.10Mk.I	New Zealand
22760	NZ	RNZAF serial	NZ277	Airspeed	AS.10Mk.I	New Zealand
21083	GB	G- registration	G-AIKR	Airspeed	AS.65Consul	Canada
23174	NO	LN- registration	LN-OMC	Aerospatiale	AS332	Norway
15016	GB	G- registration	G-TIGE	Aerospatiale	AS332L	United Kingdom
23734	IS	TF- registration	TF-LIF	Aérospatiale	AS332L1	Iceland
22252	AU	RAAF A-series serial	A22-001	Aerospatiale	AS350B	Australia
8878	MY	9M- registration	9M-PHD	Eurocopter	AS355N	Malaysia
21543	AU	VH- registration	VH-PVF	Aerospatiale	AS365C1	Australia
22153	AU	RAAus construction-class registration	10-0665	Pterodactyl	Ascender II+	Australia
15447	GB	RAF two-letter serial	WB491	Avro	Ashton Mk 2	United Kingdom
24523	US	N-number	N491V	Schleicher	ASW-12	United States
3083	US	USAF/US Army fiscal-year serial	41-27603	Beechcraft	AT-11	United States
3889	US	USAF/US Army fiscal-year serial	41-9577	Beechcraft	AT-11	United States
5660	US	USAF/US Army fiscal-year serial	42-37240	Beechcraft	AT-11	United States
6705	US	N-number	N320A	Beechcraft	AT-11	United States
7035	US	USAF/US Army fiscal-year serial	41-9503	Beechcraft	AT-11	United States
8190	US	USAF/US Army fiscal-year serial	42-37496	Beechcraft	AT-11	United States
22600	NZ	ZK- registration	ZK-AHO	Beechcraft	AT-11	New Zealand
24976	US	USAF/US Army fiscal-year serial	41-27391	Beechcraft	AT-11	United States
26002	US	USAF/US Army fiscal-year serial	42-36887	Beech	AT-11	United States
26039	US	USAF/US Army fiscal-year serial	41-9525	Beech	AT-11	United States
26085	US	N-number	N6671C	Beech	AT-11	United States
26448	US	USAF/US Army fiscal-year serial	43-10404	Beechcraft	AT-11	United States
26732	US	USAF/US Army fiscal-year serial	41-27451	Beech	AT-11	United States
26874	US	USAF/US Army fiscal-year serial	42-37217	Beech	AT-11	United States
1035	US	USAF/US Army fiscal-year serial	41-27616	Beechcraft	AT-11B	United States
17616	US	N-number	N15KK	Beechcraft	AT-11Kansan	Germany
580	US	USAF/US Army fiscal-year serial	41-17529	Seversky	AT-12	United States
8880	GB	RAF two-letter serial	FT383	Noorduyn	AT-16	Malaysia
7239	US	USAF/US Army fiscal-year serial	42-58380	Cessna	AT-17	United States
7699	US	USAF/US Army fiscal-year serial	43-7314	Cessna	AT-17	United States
6953	US	N-number	N67227	Stinson	AT-19	United States
6731	US	USAF/US Army fiscal-year serial	60-0576	Northrop	AT-38B	United States
6851	US	USAF/US Army fiscal-year serial	64-13267	Northrop	AT-38B	United States
6933	US	USAF/US Army fiscal-year serial	60-0594	Northrop	AT-38B	United States
7582	US	USAF/US Army fiscal-year serial	61-0817	Northrop	AT-38B	United States
6593	US	N-number	N901H	North American	AT-6	United States
22629	NZ	RNZAF serial	NZ944	North American	AT-6	New Zealand
7359	US	USAF/US Army fiscal-year serial	38-1428	North American	AT-6	United States
7655	US	N-number	N37642	North American	AT-6	United States
17248	DE	D- registration	D-FITE	North American	AT-6A Harvard	Germany
22270	NZ	RNZAF serial	NZ1034	North American	AT-6C	Australia
22360	AU	VH- registration	VH-XXH	North American Aviation	AT-6C	Australia
6353	US	USAF/US Army fiscal-year serial	42-43973	North American	AT-6C	United States
22007	NZ	RNZAF serial	NZ1060	North American	AT-6D	Australia
22481	NZ	RNZAF serial	NZ1012	North American	AT-6D	New Zealand
7167	US	USAF/US Army fiscal-year serial	41-34166	North American	AT-6D	United States
7584	US	USAF/US Army fiscal-year serial	42-44660	North American	AT-6D	United States
8532	US	USAF/US Army fiscal-year serial	42-84779	North American	AT-6D	United States
12825	CL	CC- registration	CC-DMI	North American	AT-6D	Chile
6844	US	USAF/US Army fiscal-year serial	44-81841	North American	AT-6F	United States
7309	US	USAF/US Army fiscal-year serial	44-81819	North American	AT-6F	United States
7332	US	USAF/US Army fiscal-year serial	44-81910	North American	AT-6F	United States
24278	US	USAF/US Army fiscal-year serial	44-81826	North American	AT-6F	United States
3890	US	USAF/US Army fiscal-year serial	42-2438	Beechcraft	AT-7	United States
7788	US	N-number	N65314	Beechcraft	AT-7C	United States
4131	US	USAF/US Army fiscal-year serial	41-12150	Curtiss	AT-9	United States
3966	US	USAF/US Army fiscal-year serial	42-56882	Curtiss	AT-9A	United States
17055	DE	Bundeswehr NN+NN	61+12	Breguet	Atlantic Br 1150	Germany
17635	DE	Bundeswehr NN+NN	61+06	Breguet	Atlantic BR 1150	Germany
17754	DE	Bundeswehr NN+NN	61+05	Breguet	Atlantic Br 1150	Germany
16538	DE	Bundeswehr NN+NN	61+14	Breguet	Atlantic BR 1150 SIGINT	Germany
21289	CA	C-F/G registration	C-IANB	Birdman	Atlas XC-215	Canada
15057	FR	F- registration	F-WGTX	Liteco	Atlas Firebird	United Kingdom
8538	US	N-number	N13918	Waco	ATO	United States
10634	US	US registration (maker is not a UK airframe builder)	N6714	Waco	ATO	United States
15319	GB	G- registration	G-MAUD	British Aerospace	ATP	Isle of Man
11205	BR	PP- registration	PP-PTF	ATR	ATR 42	Brazil
11284	BR	PT- registration	PT-MFV	ATR	ATR 42	Brazil
10994	BR	PT- registration	PT-MFK	ATR	ATR 42-300	Brazil
10995	BR	PT- registration	PT-MFU	ATR	ATR 42-300	Brazil
18191	FR	F- registration	F-WEGC	ATR	ATR 42-300	France
11266	BR	PR- registration	PR-MPN	ATR	ATR 42-320	Brazil
11233	BR	PR- registration	PR-TTI	ATR	ATR 72-212	Brazil
18187	FR	F- registration	F-WWEY	ATR	ATR 72-600	France
14883	GB	RAF two-letter serial	WA473	Supermarine	Attacker F.1	United Kingdom
7565	US	N-number	N16AU	Aeromet	AURA	United States
16334	GB	RAF two-letter serial	RT520	Auster	Auster AOP.5	United Kingdom
15444	GB	RAF two-letter serial	XS238	Auster	Auster AOP.9	United Kingdom
15772	GB	RAF two-letter serial	LB264	Taylorcraft	Auster I	United Kingdom
19220	GB	RAF two-letter serial	NJ169	Taylorcraft	Auster J/1N	France
16182	GB	RAF two-letter serial	LB314	Auster	Auster Mk I	United Kingdom
21604	AU	RAAF A-series serial	A11-41	Auster Aircraft	Auster Mk III	Australia
22273	AU	RAAF A-series serial	A11-17	Taylorcraft	Auster Mk III	Australia
14189	GB	RAF two-letter serial	WE558	Auster	Auster T.7	United Kingdom
15308	GB	RAF two-letter serial	WE600	Auster	Auster T.7	United Kingdom
23769	IS	TF- registration	TF-LBP	Taylorcraft	Auster 5A	Iceland
19198	FR	F- registration	F-CBRS	Fauvel	AV 36	France
18773	FR	F- registration	F-CCGK	Fauvel	AV-22SA	France
18774	FR	F- registration	F-CRQX	Fauvel	AV-361	France
520	GB	RAF two-letter serial	ZD668	Hawker Siddeley	AV-8A	United States
22173	GB	G- registration	G-EBOV	Avro	Avian	Australia
15962	GB	G- registration	G-IRJX	British Aerospace	Avro RJX RJX-100	United Kingdom
24682	US	US registration (maker is not a UK airframe builder)	N7132	Piccard	AX3M	United States
7666	US	N-number	N22678	Funk	B	United States
25205	US	N-number	N78TJ	Deperdussin	B	United States
23875	US	N-number	N81102	Funk	B-75-L	United States
7667	US	N-number	N34768	Funk	B-75L	United States
7848	US	N-number	N24174	Funk	B-75L	United States
8343	US	N-number	N1611N	Funk	B-85-C	United States
7235	US	N-number	N77712	Funk	B-85C	United States
7668	US	N-number	N77704	Funk	B-85C	United States
7778	US	N-number	N81162	Funk	B-85C	United States
21499	CA	CF- registration	CF-HAR	Funk	B-85C	Canada
26930	US	N-number	N24134	Funk	B-85C	United States
7088	US	N-number	N389BB	Bohannon	B-1	United States
26933	US	N-number	N20699	Fleet	B-1	United States
24020	US	N-number	N727W	Kinner	B-1	United States
8149	US	USAF/US Army fiscal-year serial	74-0160	Rockwell	B-1A	United States
8278	US	USAF/US Army fiscal-year serial	76-0174	Rockwell	B-1A	United States
870	US	USAF/US Army fiscal-year serial	84-0049	Rockwell	B-1B	United States
7279	US	USAF/US Army fiscal-year serial	83-0065	Rockwell	B-1B	United States
7573	US	USAF/US Army fiscal-year serial	83-0071	Rockwell	B-1B	United States
7915	US	USAF/US Army fiscal-year serial	83-0068	Rockwell	B-1B	United States
10649	US	USAF/US Army fiscal-year serial	83-0070	Rockwell	B-1B	United States
24947	US	USAF/US Army fiscal-year serial	83-0069	Rockwell	B-1B	United States
25993	US	USAF/US Army fiscal-year serial	85-0080	Rockwell	B-1B	United States
27062	US	USAF/US Army fiscal-year serial	83-0067	Rockwell	B-1B	United States
21535	CA	G-C Canadian Empire-era mark	G-CAHR	Ryan	B-1Brougham	Canada
4442	US	N-number	N4232A	Mitchell	B-10	United States
7953	US	USAF/US Army fiscal-year serial	41-2446	Boeing	B-17E	United States
26005	US	USAF/US Army fiscal-year serial	41-9032	Boeing	B-17E	United States
4125	US	USAF/US Army fiscal-year serial	41-24485	Boeing	B-17F	United States
6402	US	USAF/US Army fiscal-year serial	42-29782	Boeing	B-17F	United States
8299	US	USAF/US Army fiscal-year serial	42-3374	Boeing	B-17F	United States
40	US	USAF/US Army fiscal-year serial	44-83624	Boeing	B-17G	United States
84	US	USAF/US Army fiscal-year serial	44-6393	Boeing	B-17G	United States
342	US	USAF/US Army fiscal-year serial	43-38635	Boeing	B-17G	United States
2489	US	USAF/US Army fiscal-year serial	44-83563	Boeing	B-17G	United States
3217	US	USAF/US Army fiscal-year serial	44-85738	Boeing	B-17G	United States
3921	US	USAF/US Army fiscal-year serial	44-85828	Boeing	B-17G	United States
5054	US	USAF/US Army fiscal-year serial	44-83546	Boeing	B-17G	United States
6181	US	USAF/US Army fiscal-year serial	44-83735	Boeing	B-17G	United Kingdom
6182	US	USAF/US Army fiscal-year serial	44-85784	Boeing	B-17G	United Kingdom
6498	US	USAF/US Army fiscal-year serial	44-83663	Boeing	B-17G	United States
7091	US	USAF/US Army fiscal-year serial	44-85718	Boeing	B-17G	United States
7281	US	USAF/US Army fiscal-year serial	44-85599	Boeing	B-17G	United States
7396	US	USAF/US Army fiscal-year serial	44-83512	Boeing	B-17G	United States
8244	US	USAF/US Army fiscal-year serial	44-83559	Boeing	B-17G	United States
8447	US	USAF/US Army fiscal-year serial	44-85813	Boeing	B-17G	United States
8658	US	N-number	N9323Z	Boeing	B-17G	United States
10125	US	USAF/US Army fiscal-year serial	44-83863	Boeing	B-17G	United States
10407	US	N-number	N3701G	Boeing	B-17G	United States
15781	US	USAF/US Army fiscal-year serial	44-83868	Boeing	B-17G	United Kingdom
24851	US	USAF/US Army fiscal-year serial	44-83814	Boeing	B-17G	United States
24919	US	USAF/US Army fiscal-year serial	44-83690	Boeing	B-17G	United States
365	US	USAF/US Army fiscal-year serial	37-0029	Douglas	B-18	United States
4139	US	USAF/US Army fiscal-year serial	37-0469	Douglas	B-18A	United States
5681	US	USAF/US Army fiscal-year serial	37-0505	Douglas	B-18A	United States
8151	US	USAF/US Army fiscal-year serial	39-0025	Douglas	B-18A	United States
16008	GB	G- registration	G-AEBJ	Blackburn	B-2	United Kingdom
22666	NZ	ZK- registration	ZK-HFA	Brantly	B-2	New Zealand
25780	US	N-number	N5985X	Brantly	B-2	United States
15030	GB	G- registration	G-OAPR	Brantly	B-2B	United Kingdom
15031	GB	G- registration	G-ATFG	Brantly	B-2B	United Kingdom
17279	DE	D- registration	D-HOBC	Brantly	B-2B	Germany
23906	US	N-number	N2294U	Brantly	B-2B	United States
366	US	USAF/US Army fiscal-year serial	39-0045	Douglas	B-23	United States
5682	US	USAF/US Army fiscal-year serial	39-0036	Douglas	B-23	United States
8572	US	USAF/US Army fiscal-year serial	39-0037	Douglas	B-23	United States
4128	US	USAF/US Army fiscal-year serial	42-72843	Consolidated	B-24D	United States
6507	US	USAF/US Army fiscal-year serial	41-23908	Consolidated	B-24D	United States
10290	US	USAF/US Army fiscal-year serial	42-40557	Consolidated	B-24D	United States
10805	US	USAF/US Army fiscal-year serial	41-24301	Consolidated	B-24D	Libya
19767	US	USAF/US Army fiscal-year serial	41-24311	Consolidated	B-24D	Turkey
18709	US	USAF/US Army fiscal-year serial	41-30188	Consolidated	B-24D Liberator	France
3954	US	USAF/US Army fiscal-year serial	44-44175	Consolidated	B-24J	United States
24855	US	USAF/US Army fiscal-year serial	42-51457	Consolidated	B-24J	United States
25166	US	USAF/US Army fiscal-year serial	44-44052	Consolidated	B-24J	United States
25992	US	USAF/US Army fiscal-year serial	44-48781	Consolidated	B-24J	United States
15782	GB	RAF two-letter serial	KN751	Consolidated	B-24L	United Kingdom
21098	GB	RAF two-letter serial	KN820	Consolidated	B-24Liberator GR VIII	Canada
355	US	USAF/US Army fiscal-year serial	44-41906	Consolidated	B-24M	United States
6193	US	USAF/US Army fiscal-year serial	44-50493	Consolidated	B-24M	United Kingdom
21735	AU	RAAF A-series serial	A72-176	Consolidated	B-24M	Australia
5103	US	USAF/US Army fiscal-year serial	43-3374	North American	B-25B	United States
9648	US	USAF/US Army fiscal-year serial	41-12634	North American	B-25C	United States
6997	US	USAF/US Army fiscal-year serial	43-3308	North American	B-25D	United States
21826	US	USAF/US Army fiscal-year serial	41-30222	North American Aviation	B-25D	Australia
26426	US	USAF/US Army fiscal-year serial	43-3634	North American	B-25D	United States
25073	US	USAF/US Army fiscal-year serial	43-4999	North American	B-25H	United States
26321	US	USAF/US Army fiscal-year serial	43-4899	North American	B-25H	United States
402	US	USAF/US Army fiscal-year serial	44-86891	North American	B-25J	United States
571	US	USAF/US Army fiscal-year serial	44-30423	North American	B-25J	United States
2495	US	USAF/US Army fiscal-year serial	44-29465	North American	B-25J	United States
5203	US	USAF/US Army fiscal-year serial	43-27712	North American	B-25J	United States
5630	US	USAF/US Army fiscal-year serial	44-30254	North American	B-25J	United States
6269	US	USAF/US Army fiscal-year serial	43-4064	North American	B-25J	United Kingdom
6548	US	USAF/US Army fiscal-year serial	44-86772	North American	B-25J	United States
6919	US	USAF/US Army fiscal-year serial	43-27868	North American	B-25J	United States
6926	US	USAF/US Army fiscal-year serial	44-86758	North American	B-25J	United States
7078	US	USAF/US Army fiscal-year serial	44-86734	North American	B-25J	United States
7327	US	USAF/US Army fiscal-year serial	44-28875	North American	B-25J	United States
7417	US	USAF/US Army fiscal-year serial	44-29835	North American	B-25J	United States
7504	US	N-number	N25NA	North American	B-25J	United States
7797	US	N-number	N9462Z	North American	B-25J	United States
7952	US	USAF/US Army fiscal-year serial	44-30077	North American	B-25J	United States
8038	US	N-number	N9117Z	North American	B-25J	United States
8316	US	N-number	N345TH	North American	B-25J	United States
8446	US	USAF/US Army fiscal-year serial	44-28866	North American	B-25J	United States
8463	US	USAF/US Army fiscal-year serial	44-86777	North American	B-25J	United States
8659	US	N-number	N125AZ	North American	B-25J	United States
9900	US	USAF/US Army fiscal-year serial	44-31004	North American	B-25J	United States
10147	US	USAF/US Army fiscal-year serial	44-30854	North American	B-25J	United States
10171	US	USAF/US Army fiscal-year serial	43-28222	North American	B-25J	United States
16453	US	USAF/US Army fiscal-year serial	43-36140	North American	B-25J	United Kingdom
20171	US	N-number	N62163	North American	B-25J	United States
20261	US	N-number	N7947C	North American	B-25J	United States
24055	US	N-number	N9456Z	North American	B-25J	United States
26006	US	USAF/US Army fiscal-year serial	44-29812	North American	B-25J	United States
26513	US	USAF/US Army fiscal-year serial	44-86843	North American	B-25J	United States
26880	US	USAF/US Army fiscal-year serial	44-29869	North American	B-25J	United States
27002	US	USAF/US Army fiscal-year serial	44-30010	North American	B-25J	United States
27065	US	USAF/US Army fiscal-year serial	43-4030	North American	B-25J	United States
20733	US	USAF/US Army fiscal-year serial	45-8883	North American	B-25J Mitchell Mk III	Canada
7099	US	N-number	N1042B	North American	B-25N	United States
8270	US	USAF/US Army fiscal-year serial	44-30363	North American	B-25N	United States
27057	US	USAF/US Army fiscal-year serial	44-28834	North American	B-25N	United States
15219	US	USAF/US Army fiscal-year serial	44-29366	North American	B-25TB-25N	United Kingdom
27200	US	USAF/US Army fiscal-year serial	44-30493	North American	B-25TB-25N	United States
6300	US	USAF/US Army fiscal-year serial	44-35439	Douglas	B-26B	United States
10414	US	N-number	N3222T	Douglas	B-26B	United States
18940	US	USAF/US Army fiscal-year serial	44-34773	Douglas	B-26B	France
24716	US	N-number	N237Y	Douglas	B-26B	United States
24927	US	USAF/US Army fiscal-year serial	44-34610	Douglas	B-26B	United States
26270	US	USAF/US Army fiscal-year serial	44-34559	Douglas	B-26B	United States
4520	US	USAF/US Army fiscal-year serial	41-31856	Martin	B-26B	United States
5841	US	USAF/US Army fiscal-year serial	41-31773	Martin	B-26B	United States
200	US	USAF/US Army fiscal-year serial	44-35721	Douglas	B-26C	United States
4150	US	USAF/US Army fiscal-year serial	44-35733	Douglas	B-26C	United States
7418	US	USAF/US Army fiscal-year serial	44-35918	Douglas	B-26C	United States
18503	US	USAF/US Army fiscal-year serial	44-35859	Douglas	B-26C	France
14426	US	USAF/US Army fiscal-year serial	41-35253	Martin	B-26C	United Kingdom
8587	US	USAF/US Army fiscal-year serial	43-34581	Martin	B-26G	United States
19263	US	USAF/US Army fiscal-year serial	44-68219	Martin	B-26G Marauder	France
3987	US	USAF/US Army fiscal-year serial	64-17653	Douglas	B-26K	United States
16458	US	USAF/US Army fiscal-year serial	64-17657	Douglas	B-26K	United Kingdom
41	US	USAF/US Army fiscal-year serial	44-27297	Boeing	B-29	United States
42	US	USAF/US Army fiscal-year serial	44-86292	Boeing	B-29	United States
343	US	USAF/US Army fiscal-year serial	44-61535	Boeing	B-29	United States
1036	US	USAF/US Army fiscal-year serial	42-65281	Boeing	B-29	United States
3922	US	USAF/US Army fiscal-year serial	44-70016	Boeing	B-29	United States
6499	US	USAF/US Army fiscal-year serial	44-86408	Boeing	B-29	United States
7569	US	USAF/US Army fiscal-year serial	44-27343	Boeing	B-29	United States
7658	US	USAF/US Army fiscal-year serial	44-69972	Boeing	B-29	United States
27064	US	USAF/US Army fiscal-year serial	44-87779	Boeing	B-29	United States
85	US	USAF/US Army fiscal-year serial	44-61669	Boeing	B-29A	United States
6184	US	USAF/US Army fiscal-year serial	44-61748	Boeing	B-29A	United Kingdom
6942	US	USAF/US Army fiscal-year serial	44-62070	Boeing	B-29A	United States
7397	US	USAF/US Army fiscal-year serial	44-62220	Boeing	B-29A	United States
8082	US	USAF/US Army fiscal-year serial	44-62022	Boeing	B-29A	United States
24818	US	USAF/US Army fiscal-year serial	44-70113	Boeing	B-29A	United States
24826	US	USAF/US Army fiscal-year serial	42-93967	Boeing	B-29A	United States
24921	US	USAF/US Army fiscal-year serial	44-61739	Boeing	B-29A	United States
25023	US	USAF/US Army fiscal-year serial	44-61975	Boeing	B-29A	United States
6743	US	USAF/US Army fiscal-year serial	45-21748	Boeing	B-29B	United States
24920	US	USAF/US Army fiscal-year serial	44-84053	Boeing	B-29B	United States
25988	US	USAF/US Army fiscal-year serial	44-87627	Boeing	B-29TB-29	United States
22623	NZ	RNZAF serial	NZ4600	Lockheed	B-34IIA	New Zealand
43	US	USAF/US Army fiscal-year serial	52-2220	Convair	B-36J	United States
3957	US	USAF/US Army fiscal-year serial	52-2827	Convair	B-36J	United States
8250	US	USAF/US Army fiscal-year serial	52-2217	Convair	B-36J	United States
403	US	USAF/US Army fiscal-year serial	47-0008	North American	B-45A	United States
5111	US	USAF/US Army fiscal-year serial	48-0010	North American	B-45C	United States
806	US	USAF/US Army fiscal-year serial	46-0066	Boeing	B-47A	United States
8430	US	USAF/US Army fiscal-year serial	51-2120	Boeing	B-47B	United States
24852	US	USAF/US Army fiscal-year serial	50-0062	Boeing	B-47B	United States
26508	US	USAF/US Army fiscal-year serial	51-2315	Boeing	B-47B	United States
86	US	USAF/US Army fiscal-year serial	53-2275	Boeing	B-47E	United States
344	US	USAF/US Army fiscal-year serial	52-0166	Boeing	B-47E	United States
6409	US	USAF/US Army fiscal-year serial	51-7066	Boeing	B-47E	United States
6745	US	USAF/US Army fiscal-year serial	53-2280	Boeing	B-47E	United States
7282	US	USAF/US Army fiscal-year serial	52-0412	Boeing	B-47E	United States
7597	US	USAF/US Army fiscal-year serial	51-7071	Boeing	B-47E	United States
7747	US	USAF/US Army fiscal-year serial	51-2387	Boeing	B-47E	United States
7916	US	USAF/US Army fiscal-year serial	53-4213	Boeing	B-47E	United States
8084	US	USAF/US Army fiscal-year serial	53-2104	Boeing	B-47E	United States
8246	US	USAF/US Army fiscal-year serial	52-1412	Boeing	B-47E	United States
20146	US	USAF/US Army fiscal-year serial	52-0595	Boeing	B-47E	United States
24684	US	USAF/US Army fiscal-year serial	53-2385	Boeing	B-47E	United States
25987	US	USAF/US Army fiscal-year serial	53-2276	Boeing	B-47E	United States
3923	US	USAF/US Army fiscal-year serial	52-0003	Boeing	B-52A	United States
804	US	USAF/US Army fiscal-year serial	52-0008	Boeing	B-52B	United States
6744	US	USAF/US Army fiscal-year serial	52-0013	Boeing	B-52B	United States
8150	US	USAF/US Army fiscal-year serial	52-0005	Boeing	B-52B	United States
8247	US	USAF/US Army fiscal-year serial	52-8711	Boeing	B-52B	United States
44	US	USAF/US Army fiscal-year serial	56-0612	Boeing	B-52D	United States
87	US	USAF/US Army fiscal-year serial	55-0679	Boeing	B-52D	United States
1037	US	USAF/US Army fiscal-year serial	56-0696	Boeing	B-52D	United States
3924	US	USAF/US Army fiscal-year serial	55-0067	Boeing	B-52D	United States
6183	US	USAF/US Army fiscal-year serial	56-0689	Boeing	B-52D	United Kingdom
7280	US	USAF/US Army fiscal-year serial	56-0685	Boeing	B-52D	United States
7398	US	USAF/US Army fiscal-year serial	55-0068	Boeing	B-52D	United States
7571	US	USAF/US Army fiscal-year serial	56-0695	Boeing	B-52D	United States
7748	US	USAF/US Army fiscal-year serial	55-0094	Boeing	B-52D	United States
8129	US	USAF/US Army fiscal-year serial	55-0083	Boeing	B-52D	United States
8428	US	USAF/US Army fiscal-year serial	56-0683	Boeing	B-52D	United States
9914	US	USAF/US Army fiscal-year serial	55-0071	Boeing	B-52D	United States
10155	US	USAF/US Army fiscal-year serial	56-0687	Boeing	B-52D	United States
20190	US	USAF/US Army fiscal-year serial	55-0095	Boeing	B-52D	United States
24951	US	USAF/US Army fiscal-year serial	55-0085	Boeing	B-52D	United States
25985	US	USAF/US Army fiscal-year serial	56-0629	Boeing	B-52D	United States
26430	US	USAF/US Army fiscal-year serial	55-0677	Boeing	B-52D	United States
26466	US	USAF/US Army fiscal-year serial	55-0062	Boeing	B-52D	United States
27063	US	USAF/US Army fiscal-year serial	56-0657	Boeing	B-52D	United States
7954	US	USAF/US Army fiscal-year serial	57-0101	Boeing	B-52E	United States
1896	US	USAF/US Army fiscal-year serial	57-0038	Boeing	B-52F	United States
8085	US	USAF/US Army fiscal-year serial	57-0048	Boeing	B-52F	United States
3925	US	USAF/US Army fiscal-year serial	58-0183	Boeing	B-52G	United States
6404	US	USAF/US Army fiscal-year serial	59-2584	Boeing	B-52G	United States
6500	US	USAF/US Army fiscal-year serial	58-0191	Boeing	B-52G	United States
7034	US	USAF/US Army fiscal-year serial	58-0232	Boeing	B-52G	United States
7371	US	USAF/US Army fiscal-year serial	58-0200	Boeing	B-52G	United States
8298	US	USAF/US Army fiscal-year serial	57-6468	Boeing	B-52G	United States
10126	US	USAF/US Army fiscal-year serial	58-0185	Boeing	B-52G	United States
10235	US	USAF/US Army fiscal-year serial	59-2601	Boeing	B-52G	United States
10458	US	USAF/US Army fiscal-year serial	59-2579	Boeing	B-52G	United States
21815	US	USAF/US Army fiscal-year serial	59-2596	Boeing	B-52G	Australia
24415	US	USAF/US Army fiscal-year serial	58-0225	Boeing	B-52G	United States
25986	US	USAF/US Army fiscal-year serial	57-6509	Boeing	B-52G	United States
27055	US	USAF/US Army fiscal-year serial	59-2577	Boeing	B-52G	United States
24970	US	USAF/US Army fiscal-year serial	52-1475	Martin	B-57A	United States
841	US	USAF/US Army fiscal-year serial	52-1576	Martin	B-57B	United States
7285	US	USAF/US Army fiscal-year serial	52-1504	Martin	B-57B	United States
7356	US	USAF/US Army fiscal-year serial	52-1509	Martin	B-57B	United States
24957	US	USAF/US Army fiscal-year serial	52-1551	Martin	B-57B	United States
26327	US	USAF/US Army fiscal-year serial	52-1584	Martin	B-57B	United States
27076	US	USAF/US Army fiscal-year serial	52-1548	Martin	B-57B	United States
20148	US	USAF/US Army fiscal-year serial	53-3841	Martin	B-57C	United States
4521	US	USAF/US Army fiscal-year serial	55-4274	Martin	B-57E	United States
8264	US	USAF/US Army fiscal-year serial	55-4244	Martin	B-57E	United States
27201	US	USAF/US Army fiscal-year serial	52-1505	Martin	B-57EB-57B	United States
356	US	USAF/US Army fiscal-year serial	55-0666	Convair	B-58A	United States
3958	US	USAF/US Army fiscal-year serial	61-2080	Convair	B-58A	United States
7338	US	USAF/US Army fiscal-year serial	59-2437	Convair	B-58A	United States
8251	US	USAF/US Army fiscal-year serial	61-2059	Convair	B-58A	United States
20149	US	USAF/US Army fiscal-year serial	55-0668	Convair	B-58A	United States
26507	US	USAF/US Army fiscal-year serial	55-0663	Convair	B-58A	United States
18739	FR	F- registration	F-BHVI	Boisavia	B-601	France
7284	US	USAF/US Army fiscal-year serial	53-0466	Douglas	B-66B	United States
7406	US	USAF/US Army fiscal-year serial	55-0390	Douglas	B-66D	United States
24949	US	USAF/US Army fiscal-year serial	55-0392	Douglas	B-66D	United States
25923	US	USAF/US Army fiscal-year serial	54-0465	Douglas	B-66RB-66C	United States
8228	US	N-number	N719DP	Bensen	B-7M	United States
19756	TR	TC- registration	TC-UAP	Bensen	B-8	Turkey
25104	US	N-number	N13250	Viking	B-8	United States
15451	GB	G- registration	G-ASNY	Bensen	B-8B-8M	United Kingdom
21148	CA	C-F/G registration	C-GSXV	Bensen	B-8Gyroglider	Canada
6786	US	US registration (maker is not a UK airframe builder)	N5317	Bensen	B-8M	United States
14951	GB	G- registration	G-AZAZ	Bensen	B-8M	United Kingdom
15025	GB	G- registration	G-BIGP	Bensen	B-8M	United Kingdom
727	US	US registration (maker is not a UK airframe builder)	N1820	Bensen Aircraft	B-8M	United States
9697	US	US registration (maker is not a UK airframe builder)	N4470	Bensen	B-8M	United States
23741	IS	TF- registration	TF-EAA	Bensen	B-8M	Iceland
20649	UY	CX- registration	CX-OXO	Bensen	B-8M Gyrocopter	Canada
21400	CA	CF- registration	CF-VTI	Bensen	B-8M Gyrocopter	Canada
21486	CA	CF- registration	CF-XFJ	Bensen	B-8M Gyrocopter	Canada
11035	BR	PP- registration	PP-ZWR	Bensen	B-8M	Brazil
15588	GB	G- registration	G-ARTJ	Bensen	B-8M	United Kingdom
21149	CA	C-F/G registration	C-GPJE	Bensen	B-8M G Gyrocopter	Canada
9679	US	N-number	N15JP	Beagle	B.206	United States
22079	AU	VH- registration	VH-UNL	Beagle Aircraft	B.206S	Australia
14375	GB	RAF two-letter serial	XS743	Beagle	B.206Z	United Kingdom
6401	US	US registration (maker is not a UK airframe builder)	N1916	Boeing	B&W-1A	United States
16716	DE	D- registration	D-MFBB	Motte	B2	Germany
6412	US	N-number	N25605	Bowlus	BA-100	United States
10507	US	N-number	N68724	Bowlus	BA-100	United States
24487	US	N-number	N33630	Bowlus	BA-102	United States
14858	GB	British serial (maker is a UK airframe builder)	N2078	Sopwith	Baby	United Kingdom
22172	GB	G- registration	G-EACQ	Avro	Baby	Australia
23161	NO	LN- registration	LN-GBI	Elliotts of Newbury	Baby	Norway
21242	CA	CF- registration	CF-RAY	Corben	Baby Ace	Canada
5882	US	N-number	N9050C	Corben	Baby Ace C	United States
24125	US	N-number	N4259T	Corbin	Baby Ace D	United States
6313	US	N-number	N44ET	Great Lakes	Baby Great Lakes	United States
19280	GB	G- registration	G-BGEI	Oldfield	Baby Lakes	Cyprus
14897	GB	RAF two-letter serial	WG774	British Aircraft Corporation	BAC 221	United Kingdom
15701	GB	RAF two-letter serial	ZD621	British Aerospace	BAe 125CC.3	United Kingdom
22301	AU	VH- registration	VH-NJL	British Aerospace	BAe 146-300	Australia
19821	TR	TC- registration	TC-THL	British Aerospace	BAe 146RJ70	Turkey
16062	GB	RAF two-letter serial	WN534	Boulton Paul	Balliol T.2	United Kingdom
16321	GB	RAF two-letter serial	WN516	Boulton Paul	Balliol T.2	United Kingdom
23610	FI	OH- registration	OH-BBA	Beechcraft	Baron A55	Finland
14881	GB	RAF two-letter serial	DP872	Fairey	Barracuda Mk II	United Kingdom
14906	GB	RAF two-letter serial	LS931	Fairey	Barracuda Mk II	United Kingdom
7180	US	N-number	N14HD	Dormoy	Bathtub	United States
15785	GB	RAF pre-war single-letter serial	L5343	Fairey	Battle I	United Kingdom
22324	GB	British serial (maker is a UK airframe builder)	N2188	Fairey	Battle I	Australia
21092	GB	RAF pre-war single-letter serial	R7384	Fairey	Battle Mk I	Canada
24511	US	N-number	N4ND	Nelson	BB-1	United States
21252	CA	CF- registration	CF-GUJ	Taylorcraft	BC-12	Canada
10624	US	N-number	N29840	Taylorcraft	BC-12-65	United States
22564	NZ	ZK- registration	ZK-BSW	Taylorcraft	BC-12D	New Zealand
10623	US	N-number	N21239	Taylorcraft	BC-65	United States
21068	CA	CF- registration	CF-BPR	Taylorcraft	BC-65	Canada
26955	US	N-number	N95734	Taylorcraft	BC12D	United States
3887	US	N-number	N42EE	Bede	BD-4	United States
9695	US	N-number	N56BT	Bede	BD-4	United States
26902	US	N-number	N524GR	Bede	BD-4	United States
5923	US	N-number	N500BD	Bede	BD-5	United States
6279	US	N-number	N110CJ	Bede	BD-5B	United States
7524	US	N-number	N8065V	Bede	BD-5B	United States
7783	US	N-number	N26019	Bede	BD-5B	United States
9696	US	N-number	N51CJ	Bede	BD-5B	United States
24109	US	N-number	N472MA	Bede	BD-5B	United States
24110	US	N-number	N5BE	Bede	BD-5B	United States
3888	US	N-number	N505MR	Bede	BD-5J	United States
12431	RU	RA- registration	RA-00041	Beriev	Be-12P	Russia
5517	RU	CCCP- registration	CCCP-67209	Beriev	Be-32	Russia
21780	AU	RAAF A-series serial	A8-186	Department of Aircraft Production	Beaufighter Mk 21	Australia
21781	AU	RAAF A-series serial	A8-386	Department of Aircraft Production	Beaufighter Mk 21	Australia
21939	AU	RAAF A-series serial	A19-144	Department of Aircraft Production	Beaufighter Mk 21	Australia
15310	GB	RAF pre-war single-letter serial	T5298	Bristol	Beaufighter Mk I	United Kingdom
15568	GB	RAF two-letter serial	RD220	Bristol	Beaufighter TF.X	United Kingdom
15743	GB	RAF two-letter serial	RD253	Bristol	Beaufighter TF.X	United Kingdom
21095	GB	RAF two-letter serial	RD867	Bristol	Beaufighter TF.X	Canada
6189	GB	RAF two-letter serial	JM135	Bristol	Beaufighter XIc	United Kingdom
21625	AU	RAAF A-series serial	A9-141	Department of Aircraft Production	Beaufort	Australia
21782	AU	RAAF A-series serial	A9-703	Department of Aircraft Production	Beaufort Mk IX	Australia
16459	AU	RAAF A-series serial	A9-555	Bristol	Beaufort Mk VIII	United Kingdom
22406	AU	RAAF A-series serial	A9-557	Department of Aircraft Production	Beaufort Mk VIII	Australia
15744	GB	RAF two-letter serial	DD931	Bristol	Beaufort VIII	United Kingdom
14248	GB	RAF two-letter serial	XP821	de Havilland Canada	Beaver AL.1	United Kingdom
14249	GB	RAF two-letter serial	XP822	de Havilland Canada	Beaver AL.1	United Kingdom
15861	GB	RAF two-letter serial	XR371	Short Brothers	Belfast C.1	United Kingdom
23602	FI	OH- registration	OH-HIA	Bell	Bell 47D-1	Finland
15773	GB	RAF two-letter serial	XG474	Westland	Belvedere HC.1	United Kingdom
15032	GB	RAF two-letter serial	XG452	Bristol	Belvedere HC.1	United Kingdom
15033	GB	RAF two-letter serial	XG454	Bristol	Belvedere HC.1	United Kingdom
15034	GB	RAF two-letter serial	XG462	Bristol	Belvedere HC.1	United Kingdom
19651	TR	TC- registration	TC-PDJ	Scheibe	Bergfalke II/55	Turkey
21656	AU	VH- registration	VH-GKZ	Scheibe	Bergfalke II/55	Australia
23148	NO	LN- registration	LN-GBH	Scheibe	Bergfalke II/55	Norway
5253	US	N-number	N111MG	Scheibe	Bergfalke IIIB	United States
22489	NZ	ZK- registration	ZK-GAZ	Scheibe	Bergfalke Mk.3	New Zealand
6597	US	N-number	N268DK	Experimental Aviation	Berkut	United States
15452	GB	RAF two-letter serial	XB261	Blackburn	Beverley C.1	United Kingdom
16087	GB	RAF two-letter serial	XB259	Blackburn	Beverley C.1	United Kingdom
16221	GB	RAF two-letter serial	XL149	Blackburn	Beverley C.1	United Kingdom
17244	DE	D- registration	D-ERTT	Messerschmitt	Bf 108B	Germany
17737	DE	D- registration	D-EBEI	Messerschmitt	Bf 108B	Germany
16980	DE	D- registration	D-ESBH	Messerschmitt	Bf 108B Taifun	Germany
16981	DE	D- registration	D-EBFW	Messerschmitt	Bf 108B Taifun	Germany
15761	GB	RAF two-letter serial	DG200	Messerschmitt	Bf 109E-3	United Kingdom
16984	DE	D- registration	D-FDME	Messerschmitt	Bf 109G-10	Germany
17246	DE	D- registration	D-FMGZ	Messerschmitt	Bf 109G-12	Germany
17247	DE	D- registration	D-FMGV	Messerschmitt	Bf 109G-14	Germany
15834	GB	RAF two-letter serial	RN228	Messerschmitt	Bf 109G-2/Trop	United Kingdom
16983	DE	D- registration	D-FWME	Messerschmitt	Bf 109G-4	Germany
20284	US	N-number	N109GY	Messerschmitt	Bf 109G-4	United States
5970	US	N-number	N21292	Taylorcraft	BF-50	United States
24114	US	N-number	N4105G	Teeter	BG-12	United States
21639	AU	VH- registration	VH-GDG	Briegleb	BG-12A	Australia
6788	US	US registration (maker is not a UK airframe builder)	N1352	Briegleb	BG-12B	United States
24490	US	N-number	N12RK	Briegleb	BG-12BD	United States
24491	US	N-number	N25470	Briegleb	BG-6	United States
21319	CA	CF- registration	CF-OMO	Haseloh	BH-63Gyroplane	Canada
21220	CA	CF- registration	CF-ATM	Neys	Biplane	Canada
5921	US	N-number	N6077V	EAA	Biplane A-1 P-2	United States
10503	US	N-number	N14K	Brunner-Winkle	Bird A	United States
10508	US	N-number	N787Y	Brunner-Winkle	Bird A	United States
23971	US	N-number	N726N	Brunner-Winkle	Bird CK	United States
6800	US	N-number	N11BJ	Jansson	BJ-1B	United States
22466	NZ	ZK- registration	ZK-GKP	Bikle	BJ-1B	New Zealand
21320	CA	C-F/G registration	C-GUAG	Haseloh	BJ-2Gyroplane	Canada
16654	DE	D- registration	D-HBKA	MBB/Kawasaki	BK 117P2	Germany
21246	CA	C-F/G registration	C-GJIC	Taylorcraft	BL-65	Canada
25530	US	N-number	N23624	Taylorcraft	BL-65	United States
19521	IL	4X- registration	4X-AAI	Taylorcraft	BL-65	Israel
6186	GB	RAF pre-war single-letter serial	L6739	Bristol	Blenheim IF	United Kingdom
15842	GB	RAF pre-war single-letter serial	L8756	Bristol	Blenheim IV	United Kingdom
18740	FR	F- registration	F-CRRI	Boulay-Menin	BM-1	France
19512	IL	4X- registration	4X-AYH	Britten-Norman	BN-2A-21	Israel
15554	GB	G- registration	G-BELF	Britten-Norman	BN-2Islander	United Kingdom
15647	GB	G- registration	G-JOEY	Britten-Norman	BN-2A Mk III Trislander	Guernsey
10670	UG	5X- registration	5X-UAS	Britten-Norman	BN-2A Mk.III	Uganda
15029	DE	D- registration	D-HMQV	Bolkow	Bo 102Helitrainer	United Kingdom
17260	DE	Bundeswehr NN+NN	88+12	MBB	Bo 105	Germany
17422	DE	D- registration	D-HMMM	MBB	Bo 105	Germany
18107	DE	D- registration	D-HDEG	MBB	Bo 105	Germany
11404	AR	LQ- registration	LQ-LAP	MBB	Bo 105A	Argentina
11570	AR	LV- registration	LV-LGR	MBB	Bo 105C	Argentina
23191	NO	LN- registration	LN-OSZ	MBB	Bo 105C	Norway
11571	AR	LQ- registration	LQ-AOF	MBB	Bo 105CBS	Argentina
15058	DE	Bundeswehr NN+NN	81+00	MBB	Bo 105M	United Kingdom
16628	DE	D- registration	D-HTDM	MBB	Bo 105M	Germany
16968	DE	Bundeswehr NN+NN	80+65	MBB	Bo 105M	Germany
18060	DE	Bundeswehr NN+NN	80+38	MBB	Bo 105M	Germany
16710	DE	D- registration	D-HAPE	MBB	Bo 105P	Germany
16917	DE	Bundeswehr NN+NN	86+46	MBB	Bo 105P	Germany
16954	DE	Bundeswehr NN+NN	87+34	MBB	Bo 105P	Germany
17175	DE	Bundeswehr NN+NN	86+32	MBB	Bo 105P	Germany
17327	DE	D- registration	D-HMUY	MBB	Bo 105P	Germany
17328	DE	Bundeswehr NN+NN	87+08	MBB	Bo 105P	Germany
17843	DE	Bundeswehr NN+NN	86+15	MBB	Bo 105P	Germany
16629	DE	Bundeswehr NN+NN	87+75	MBB	Bo 105P-1	Germany
16627	DE	D- registration	D-HAJY	Bölkow	Bo 105V3	Germany
16630	DE	D- registration	D-HBEC	Eurocopter	Bo 108VT2	Germany
17739	DE	D- registration	D-EJLU	Bölkow	Bo 208Junior	Germany
17804	DE	D- registration	D-EFJL	Bölkow	Bo 209Monsun	Germany
10843	BR	PT- registration	PT-AZE	Beechcraft	Bonanza H35	Brazil
3891	US	N-number	N9493Y	Beechcraft	Bonanza N35	United States
16010	GB	G- registration	G-ASPP	Bristol	Boxkite	United Kingdom
6367	US	USAF/US Army fiscal-year serial	67-21596	Ryan	BQM-34A	United States
7718	US	USAF/US Army fiscal-year serial	72-0450	Ryan	BQM-34A	United States
24912	US	USAF/US Army fiscal-year serial	98-8007	Teledyne Ryan	BQM-34A	United States
5145	US	USAF/US Army fiscal-year serial	69-3374	Ryan	BQM-34F	United States
10153	US	USAF/US Army fiscal-year serial	70-1410	Ryan	BQM-34F	United States
24914	US	USAF/US Army fiscal-year serial	71-1812	Teledyne Ryan	BQM-34F	United States
16741	DE	Bundeswehr NN+NN	61+04	Breguet	Br.1150Atlantic	Germany
17087	DE	Bundeswehr NN+NN	61+17	Breguet	Br.1150Atlantic	Germany
17150	DE	Bundeswehr NN+NN	61+13	Breguet	Br.1150Atlantic	Germany
18077	DE	Bundeswehr NN+NN	61+09	Breguet	Br.1150Atlantic	Germany
17413	DE	D- registration	D-EAFB	Fischer	Brause 35	Germany
23965	US	US registration (maker is not a UK airframe builder)	N2766	RLU	Breezy GE-1	United States
15921	GB	RAF two-letter serial	RH746	Bristol	Brigand TF.1	United Kingdom
6188	GB	G- registration	G-AOVT	Bristol	Britannia-312	United Kingdom
15809	GB	G- registration	G-AOVF	Bristol	Britannia-312	United Kingdom
14660	GB	RAF two-letter serial	XM496	Bristol	Britannia C.1	United Kingdom
14208	GB	RAF two-letter serial	VX447	Bristol	Britannia Series 101	United Kingdom
6787	US	N-number	N64JJ	Bowlus	BS-100	United States
24488	US	N-number	N33658	Bowlus	BS-100	United States
10635	US	US registration (maker is not a UK airframe builder)	N8543	Waco	BSO	United States
10562	US	N-number	N33900	Mercury	BT-120	United States
1062	US	USAF/US Army fiscal-year serial	41-21933	Vultee	BT-13	United States
2840	US	USAF/US Army fiscal-year serial	41-22077	Vultee	BT-13	United States
2841	US	N-number	N75789	Vultee	BT-13	United States
7086	US	N-number	N441SN	Vultee	BT-13	United States
7804	US	N-number	N67316	Vultee	BT-13	United States
25395	US	USAF/US Army fiscal-year serial	42-1639	Vultee	BT-13	United States
25413	US	USAF/US Army fiscal-year serial	42-88708	Vultee	BT-13	United States
185	US	USAF/US Army fiscal-year serial	41-21487	Vultee	BT-13A	United States
186	US	N-number	N54865	Vultee	BT-13A	United States
1916	US	USAF/US Army fiscal-year serial	41-22386	Vultee	BT-13A	United States
5294	US	USAF/US Army fiscal-year serial	42-42353	Vultee	BT-13A	United States
6935	US	N-number	N27003	Vultee	BT-13A	United States
6952	US	N-number	N9743N	Vultee	BT-13A	United States
7164	US	N-number	N60795	Vultee	BT-13A	United States
7583	US	USAF/US Army fiscal-year serial	41-10683	Vultee	BT-13A	United States
7683	US	USAF/US Army fiscal-year serial	41-10418	Vultee	BT-13A	United States
7712	US	USAF/US Army fiscal-year serial	41-11584	Vultee	BT-13A	United States
8520	US	USAF/US Army fiscal-year serial	41-21271	Vultee	BT-13A	United States
20163	US	USAF/US Army fiscal-year serial	42-1574	Vultee	BT-13A	United States
20178	US	N-number	N73778	Vultee	BT-13A	United States
20276	US	N-number	N413BT	Vultee	BT-13A	United States
24041	US	N-number	N60277	Vultee	BT-13A	United States
26860	US	USAF/US Army fiscal-year serial	41-21386	Vultee	BT-13A	United States
26882	US	USAF/US Army fiscal-year serial	41-11538	Vultee	BT-13A	United States
27041	US	USAF/US Army fiscal-year serial	41-9645	Vultee	BT-13A	United States
27079	US	USAF/US Army fiscal-year serial	41-22204	Vultee	BT-13A	United States
422	US	USAF/US Army fiscal-year serial	42-89678	Vultee	BT-13B	United States
595	US	USAF/US Army fiscal-year serial	42-90054	Vultee	BT-13B	United States
5194	US	USAF/US Army fiscal-year serial	42-90629	Vultee	BT-13B	United States
6569	US	USAF/US Army fiscal-year serial	42-90406	Vultee	BT-13B	United States
6843	US	USAF/US Army fiscal-year serial	42-90296	Vultee	BT-13B	United States
20164	US	N-number	N58577	Vultee	BT-13B	United States
24059	US	N-number	N56867	Vultee	BT-13B	United States
24943	US	USAF/US Army fiscal-year serial	42-90018	Vultee	BT-13B	United States
575	US	USAF/US Army fiscal-year serial	79-1220	Vultee	BT-15	United States
6617	US	N-number	N128MW	Vultee	BT-15	United States
7438	US	N-number	N69605	Consolidated Vultee	BT-15	United States
26875	US	USAF/US Army fiscal-year serial	42-41689	Vultee	BT-15	United States
14789	GB	G- registration	G-ESMK	Bucker	Bu 131B	United Kingdom
16846	DE	D- registration	D-EBAD	Bücker	Bü 131B	Germany
16899	DE	D- registration	D-EAZO	Bücker	Bü 131B Jungmann	Germany
17238	DE	D- registration	D-EJTR	Bücker	Bü 131B Jungmann	Germany
17618	CH	HB- registration	HB-USC	Bücker	Bü 131B Jungmann	Germany
17738	DE	D- registration	D-EQXA	Bücker	Bü 131Jungmann	Germany
5922	US	N-number	N258H	Bucker	Bu 133	United States
5768	US	N-number	N15696	Bucker	Bu 133C	United States
16057	GB	G- registration	G-CMCX	Bucker	Bu 133C	United Kingdom
20246	US	N-number	N38BU	Bucker	Bu 133C	United States
17239	DE	D- registration	D-EPAX	Bücker	Bü 133C Jungmeister	Germany
17806	DE	D- registration	D-EAUU	Bücker	Bü 133Jungmeister	Germany
23376	DK	OY- registration	OY-AVZ	Bucker	Bu 181	Denmark
18079	DE	D- registration	D-EBUC	Bücker	Bü 181B-1	Germany
17805	DE	D- registration	D-ECYV	Bücker	Bü 181Bestmann	Germany
14516	GB	RAF two-letter serial	XN928	Blackburn	Buccaneer S.1	United Kingdom
14532	GB	RAF two-letter serial	XN967	Blackburn	Buccaneer S.1	United Kingdom
14889	GB	RAF two-letter serial	XN957	Blackburn	Buccaneer S.1	United Kingdom
14925	GB	RAF two-letter serial	XK488	Blackburn	Buccaneer S.1	United Kingdom
14970	GB	RAF two-letter serial	XN923	Blackburn	Buccaneer S.1	United Kingdom
15453	GB	RAF two-letter serial	XN964	Blackburn	Buccaneer S.1	United Kingdom
15871	GB	RAF two-letter serial	XN962	Blackburn	Buccaneer S.1	United Kingdom
14338	GB	RAF two-letter serial	XK526	Blackburn	Buccaneer S.2	United Kingdom
16488	GB	RAF two-letter serial	XN974	Blackburn	Buccaneer S.2A	United Kingdom
6217	GB	RAF two-letter serial	XV865	Hawker Siddeley	Buccaneer S.2B	United Kingdom
14168	GB	RAF two-letter serial	XX899	Blackburn	Buccaneer S.2B	United Kingdom
14172	GB	RAF two-letter serial	XV350	Blackburn	Buccaneer S.2B	United Kingdom
14736	GB	RAF two-letter serial	XT280	Hawker Siddeley	Buccaneer S.2B	United Kingdom
14894	GB	RAF two-letter serial	XV333	Blackburn	Buccaneer S.2B	United Kingdom
15579	GB	RAF two-letter serial	XT288	Hawker Siddeley	Buccaneer S.2B	United Kingdom
15692	GB	RAF two-letter serial	XV352	Blackburn	Buccaneer S.2B	United Kingdom
15693	GB	RAF two-letter serial	XV864	Blackburn	Buccaneer S.2B	United Kingdom
15805	GB	RAF two-letter serial	XW547	Blackburn	Buccaneer S.2B	United Kingdom
16142	GB	RAF two-letter serial	XX889	Blackburn	Buccaneer S.2B	United Kingdom
16250	GB	RAF two-letter serial	XX888	Blackburn	Buccaneer S.2B	United Kingdom
16252	GB	RAF two-letter serial	XZ431	Blackburn	Buccaneer S.2B	United Kingdom
16333	GB	RAF two-letter serial	XX895	Blackburn	Buccaneer S.2B	United Kingdom
16346	GB	RAF two-letter serial	XV361	Blackburn	Buccaneer S.2B	United Kingdom
16489	GB	RAF two-letter serial	XV168	Blackburn	Buccaneer S.2B	United Kingdom
16490	GB	RAF two-letter serial	XX901	Blackburn	Buccaneer S.2B	United Kingdom
18078	GB	RAF two-letter serial	XX892	Blackburn	Buccaneer S.2B	Germany
15654	GB	RAF two-letter serial	XV344	Blackburn	Buccaneer S.2C	United Kingdom
17750	GB	RAF two-letter serial	XV337	Blackburn	Buccaneer S.2C	Germany
21165	CA	C-F/G registration	C-IDWT	Buzzman	Buccaneer SX	Canada
14669	GB	G- registration	G-BCUO	Scottish Aviation	Bulldog-122	United Kingdom
15745	GB	RAF pre-war single-letter serial	K2227	Bristol	Bulldog IIA	United Kingdom
14452	GB	RAF two-letter serial	XX513	Scottish Aviation	Bulldog T.1	United Kingdom
14520	GB	RAF two-letter serial	XX687	Scottish Aviation	Bulldog T.1	United Kingdom
15015	GB	RAF two-letter serial	XX520	Scottish Aviation	Bulldog T.1	United Kingdom
15399	GB	RAF two-letter serial	XX668	Scottish Aviation	Bulldog T.1	United Kingdom
15514	GB	RAF two-letter serial	XX634	Scottish Aviation	Bulldog T.1	United Kingdom
15913	GB	RAF two-letter serial	XX654	Scottish Aviation	Bulldog T.1	United Kingdom
16248	GB	RAF two-letter serial	XX669	Scottish Aviation	Bulldog T.1	United Kingdom
16367	GB	RAF two-letter serial	XX637	Scottish Aviation	Bulldog T.1	United Kingdom
18145	FR	F- registration	F-AZKJ	Scottish Aviation	Bulldog T.Mk 1	France
5276	US	N-number	N83WS	Starr	Bumble Bee	United States
7111	US	N-number	N7501V	Stout	Bushmaster-2000	United States
5965	US	N-number	N18268	Wittman	Buttercup	United States
16172	GB	G- registration	G-MMNN	Sherry	Buzzard	United Kingdom
1044	US	USAF/US Army fiscal-year serial	51-17651	Douglas	C-118A	United States
7422	US	USAF/US Army fiscal-year serial	51-17640	Douglas	C-118A	United States
12967	CO	HK- registration	HK-1703	Douglas	C-118A	Colombia
12968	CO	HK- registration	HK-3301	Douglas	C-118A	Colombia
25604	US	USAF/US Army fiscal-year serial	53-3255	Douglas	C-118A	United States
371	US	USAF/US Army fiscal-year serial	49-0199	Fairchild	C-119C	United States
7419	US	USAF/US Army fiscal-year serial	51-2567	Fairchild	C-119C	United States
24966	US	USAF/US Army fiscal-year serial	51-2566	Fairchild	C-119C	United States
25383	US	USAF/US Army fiscal-year serial	48-0352	Fairchild	C-119C	United States
24068	US	N-number	N175ML	Fairchild	C-119F	United States
1045	US	USAF/US Army fiscal-year serial	53-22134	Fairchild	C-119G	United States
5057	US	USAF/US Army fiscal-year serial	53-8154	Fairchild	C-119G	United States
8257	US	USAF/US Army fiscal-year serial	51-8024	Fairchild	C-119G	United States
25860	US	USAF/US Army fiscal-year serial	50-0128	Fairchild	C-119G	United States
26227	US	N-number	N15505	Fairchild	C-119G	United States
26511	US	USAF/US Army fiscal-year serial	52-5850	Fairchild	C-119G	United States
26549	US	US registration (maker is not a UK airframe builder)	N3003	Fairchild	C-119G	United States
20147	US	USAF/US Army fiscal-year serial	53-8084	Fairchild	C-119L	United States
25854	US	USAF/US Army fiscal-year serial	53-8087	Fairchild	C-119L	United States
31087	US	USAF/US Army fiscal-year serial	53-8076	Fairchild	C-119L	United States
31088	US	USAF/US Army fiscal-year serial	53-8150	Fairchild	C-119L	United States
9731	US	USAF/US Army fiscal-year serial	73-22250	Beechcraft	C-12C	United States
5835	US	USAF/US Army fiscal-year serial	54-0177	Lockheed	C-121C	United States
21979	AU	VH- registration	VH-EAG	Lockheed	C-121C	Australia
25931	US	USAF/US Army fiscal-year serial	54-0180	Lockheed	C-121C	United States
4008	US	USAF/US Army fiscal-year serial	55-4505	Fairchild	C-123B	United States
27316	US	N-number	N3144W	Fairchild	C-123B	United States
27288	US	USAF/US Army fiscal-year serial	56-4395	Fairchild	C-123J	United States
133	US	USAF/US Army fiscal-year serial	54-0612	Fairchild	C-123K	United States
372	US	USAF/US Army fiscal-year serial	55-4512	Fairchild	C-123K	United States
1046	US	USAF/US Army fiscal-year serial	55-4507	Fairchild	C-123K	United States
6572	US	USAF/US Army fiscal-year serial	56-4361	Fairchild	C-123K	United States
7290	US	USAF/US Army fiscal-year serial	54-0604	Fairchild	C-123K	United States
7420	US	USAF/US Army fiscal-year serial	54-0668	Fairchild	C-123K	United States
8938	US	USAF/US Army fiscal-year serial	54-0525	Fairchild	C-123K	Philippines
8961	US	USAF/US Army fiscal-year serial	54-0624	Fairchild	C-123K	Philippines
20150	US	USAF/US Army fiscal-year serial	55-4567	Fairchild	C-123K	United States
20188	US	USAF/US Army fiscal-year serial	54-0674	Fairchild	C-123K	United States
24965	US	USAF/US Army fiscal-year serial	54-0633	Fairchild	C-123K	United States
25385	US	USAF/US Army fiscal-year serial	54-0658	Fairchild	C-123K	United States
25536	US	USAF/US Army fiscal-year serial	54-0681	Fairchild	C-123K	United States
25537	US	USAF/US Army fiscal-year serial	54-0592	Fairchild	C-123K	United States
25853	US	USAF/US Army fiscal-year serial	54-0609	Fairchild	C-123K	United States
25859	US	USAF/US Army fiscal-year serial	54-0669	Fairchild	C-123K	United States
26979	US	USAF/US Army fiscal-year serial	54-0695	Fairchild	C-123K	United States
25370	US	USAF/US Army fiscal-year serial	49-0258	Douglas	C-124A	United States
1047	US	USAF/US Army fiscal-year serial	52-1000	Douglas	C-124C	United States
3988	US	USAF/US Army fiscal-year serial	52-1004	Douglas	C-124C	United States
4151	US	USAF/US Army fiscal-year serial	52-1066	Douglas	C-124C	United States
5686	US	USAF/US Army fiscal-year serial	52-0994	Douglas	C-124C	United States
6518	US	USAF/US Army fiscal-year serial	53-0050	Douglas	C-124C	United States
24952	US	USAF/US Army fiscal-year serial	51-0089	Douglas	C-124C	United States
25933	US	USAF/US Army fiscal-year serial	52-1072	Douglas	C-124C	United States
36	US	USAF/US Army fiscal-year serial	57-0457	Lockheed	C-130A	United States
7288	US	USAF/US Army fiscal-year serial	55-0023	Lockheed	C-130A	United States
8400	US	USAF/US Army fiscal-year serial	55-0037	Lockheed	C-130A	United States
10327	US	USAF/US Army fiscal-year serial	57-0464	Lockheed	C-130A	United States
20156	US	USAF/US Army fiscal-year serial	56-0518	Lockheed	C-130A	United States
22236	AU	RAAF A-series serial	A97-214	Lockheed	C-130A	Australia
24190	US	USAF/US Army fiscal-year serial	54-1622	Lockheed	C-130A	United States
24560	US	USAF/US Army fiscal-year serial	57-0460	Lockheed	C-130A	United States
24875	US	USAF/US Army fiscal-year serial	57-0478	Lockheed	C-130A	United States
24901	US	USAF/US Army fiscal-year serial	56-0498	Lockheed	C-130A	United States
25255	US	USAF/US Army fiscal-year serial	55-0019	Lockheed	C-130A	United States
26409	US	USAF/US Army fiscal-year serial	57-0514	Lockheed	C-130A	United States
4494	US	USAF/US Army fiscal-year serial	57-0493	Lockheed	C-130D	United States
24692	US	USAF/US Army fiscal-year serial	57-0490	Lockheed	C-130D	United States
26838	US	USAF/US Army fiscal-year serial	57-0485	Lockheed	C-130D	United States
37	US	USAF/US Army fiscal-year serial	62-1787	Lockheed	C-130E	United States
827	US	USAF/US Army fiscal-year serial	61-2358	Lockheed	C-130E	United States
5687	US	USAF/US Army fiscal-year serial	62-1789	Lockheed	C-130E	United States
6527	US	USAF/US Army fiscal-year serial	64-0569	Lockheed	C-130E	United States
6654	US	USAF/US Army fiscal-year serial	62-1846	Lockheed	C-130E	United States
7289	US	USAF/US Army fiscal-year serial	69-6579	Lockheed	C-130E	United States
8086	US	USAF/US Army fiscal-year serial	70-1259	Lockheed	C-130E	United States
20142	US	USAF/US Army fiscal-year serial	62-1829	Lockheed	C-130E	United States
20151	US	USAF/US Army fiscal-year serial	61-2362	Lockheed	C-130E	United States
22238	AU	RAAF A-series serial	A97-160	Lockheed	C-130E	Australia
24956	US	USAF/US Army fiscal-year serial	63-7868	Lockheed	C-130E	United States
25379	US	USAF/US Army fiscal-year serial	69-6580	Lockheed	C-130E	United States
25664	US	USAF/US Army fiscal-year serial	68-10935	Lockheed	C-130E	United States
25850	US	USAF/US Army fiscal-year serial	64-0525	Lockheed	C-130E	United States
25858	US	USAF/US Army fiscal-year serial	70-1269	Lockheed	C-130E	United States
25895	US	USAF/US Army fiscal-year serial	61-2367	Lockheed	C-130E	United States
26408	US	USAF/US Army fiscal-year serial	62-1848	Lockheed	C-130E	United States
26668	US	USAF/US Army fiscal-year serial	62-1862	Lockheed	C-130E	United States
26675	US	USAF/US Army fiscal-year serial	63-7877	Lockheed	C-130E	United States
26780	US	USAF/US Army fiscal-year serial	62-1798	Lockheed	C-130E	United States
27243	US	USAF/US Army fiscal-year serial	63-7861	Lockheed	C-130E	United States
27286	US	USAF/US Army fiscal-year serial	64-0533	Lockheed	C-130E	United States
8495	US	USAF/US Army fiscal-year serial	88-4401	Lockheed	C-130H	United States
20104	US	USAF/US Army fiscal-year serial	86-0410	Lockheed	C-130H	United States
22237	AU	RAAF A-series serial	A97-011	Lockheed	C-130H	Australia
22412	AU	RAAF A-series serial	A97-010	Lockheed	C-130H	Australia
22449	NZ	RNZAF serial	NZ7001	Lockheed	C-130H	New Zealand
25243	US	USAF/US Army fiscal-year serial	80-0322	Lockheed	C-130H	United States
27214	US	USAF/US Army fiscal-year serial	73-1598	Lockheed	C-130H	United States
39	US	USAF/US Army fiscal-year serial	99-1431	Lockheed Martin	C-130J	United States
15814	GB	RAF two-letter serial	XV202	Lockheed	C-130K C.3	United Kingdom
15806	US	USAF/US Army fiscal-year serial	64-0553	Lockheed	C-130WC-130E	United Kingdom
8090	US	USAF/US Army fiscal-year serial	52-5794	Convair	C-131A	United States
26435	US	USAF/US Army fiscal-year serial	53-7813	Convair	C-131B	United States
97	US	USAF/US Army fiscal-year serial	54-2808	Convair	C-131D	United States
1048	US	USAF/US Army fiscal-year serial	54-2806	Convair	C-131D	United States
26410	US	USAF/US Army fiscal-year serial	55-0293	Convair	C-131D	United States
27080	US	USAF/US Army fiscal-year serial	55-0292	Convair	C-131D	United States
26840	US	USAF/US Army fiscal-year serial	55-4757	Convair	C-131E	United States
1049	US	USAF/US Army fiscal-year serial	56-1999	Douglas	C-133A	United States
3989	US	USAF/US Army fiscal-year serial	59-0527	Douglas	C-133B	United States
25097	US	USAF/US Army fiscal-year serial	59-0529	Douglas	C-133B	United States
25369	US	USAF/US Army fiscal-year serial	59-0536	Douglas	C-133B	United States
802	US	USAF/US Army fiscal-year serial	60-0377	Boeing	C-135A	United States
803	US	USAF/US Army fiscal-year serial	61-2669	Boeing	C-135C	United States
7572	US	USAF/US Army fiscal-year serial	61-2671	Boeing	C-135C	United States
1906	US	N-number	N814NA	Lockheed	C-140	United States
828	US	USAF/US Army fiscal-year serial	59-5962	Lockheed	C-140A	United States
1050	US	USAF/US Army fiscal-year serial	59-5958	Lockheed	C-140A	United States
26667	US	USAF/US Army fiscal-year serial	59-5959	Lockheed	C-140A	United States
6529	US	USAF/US Army fiscal-year serial	62-4201	Lockheed	C-140B	United States
24933	US	USAF/US Army fiscal-year serial	61-2488	Lockheed	C-140B	United States
831	US	USAF/US Army fiscal-year serial	61-2779	Lockheed	C-141A	United States
25367	US	USAF/US Army fiscal-year serial	61-2775	Lockheed	C-141A	United States
144	US	USAF/US Army fiscal-year serial	65-0257	Lockheed	C-141B	United States
1051	US	USAF/US Army fiscal-year serial	63-8088	Lockheed	C-141B	United States
4495	US	USAF/US Army fiscal-year serial	67-0013	Lockheed	C-141B	United States
5688	US	USAF/US Army fiscal-year serial	65-0277	Lockheed	C-141B	United States
7593	US	USAF/US Army fiscal-year serial	65-9400	Lockheed	C-141B	United States
24767	US	USAF/US Army fiscal-year serial	66-0186	Lockheed	C-141B	United States
25368	US	USAF/US Army fiscal-year serial	64-0626	Lockheed	C-141B	United States
25596	US	USAF/US Army fiscal-year serial	66-7947	Lockheed	C-141B	United States
25932	US	USAF/US Army fiscal-year serial	63-8079	Lockheed	C-141B	United States
26664	US	USAF/US Army fiscal-year serial	65-0236	Lockheed	C-141B	United States
4174	US	USAF/US Army fiscal-year serial	66-0177	Lockheed	C-141C	United States
24950	US	USAF/US Army fiscal-year serial	65-0248	Lockheed	C-141C	United States
7843	US	N-number	N19462	Cessna	C-145	United States
18186	FR	F- registration	F-RAGL	Transall	C-160	France
16559	DE	Bundeswehr NN+NN	50+62	Transall	C-160D	Germany
16918	DE	Bundeswehr NN+NN	50+85	Transall	C-160D	Germany
16946	DE	Bundeswehr NN+NN	50+70	Transall	C-160D	Germany
16947	DE	Bundeswehr NN+NN	50+60	Transall	C-160D	Germany
17066	DE	Bundeswehr NN+NN	51+02	Transall	C-160D	Germany
17142	DE	Bundeswehr NN+NN	50+56	Transall	C-160D	Germany
17262	DE	Bundeswehr NN+NN	50+81	Transall	C-160D	Germany
17470	DE	Bundeswehr NN+NN	51+07	Transall	C-160D	Germany
17835	DE	Bundeswehr NN+NN	50+64	Transall	C-160D	Germany
17982	DE	D- registration	D-EAAQ	Transall	C-160D	Germany
18048	DE	Bundeswehr NN+NN	50+37	Transall	C-160D	Germany
18049	DE	Bundeswehr NN+NN	50+66	Transall	C-160D	Germany
18125	DE	Bundeswehr NN+NN	51+01	Transall	C-160D	Germany
5464	FR	F- registration	F-RAGT	Transall	C-160G	France
5465	FR	F- registration	F-RAMM	Transall	C-160R	France
7128	US	N-number	N32455	Cessna	C-165	United States
7844	US	N-number	N32450	Cessna	C-165	United States
10514	US	N-number	N25468	Cessna	C-165	United States
59	US	USAF/US Army fiscal-year serial	87-0025	Boeing	C-17A	United States
26660	US	N-number	N64463	Beechcraft	C-18S	United States
21056	CA	CF- registration	CF-AOR	Aeronca	C-2	Canada
4173	US	USAF/US Army fiscal-year serial	84-0064	Learjet	C-21A	United States
26666	US	USAF/US Army fiscal-year serial	84-0065	Learjet	C-21A	United States
23871	US	USAF/US Army fiscal-year serial	93-1320	Short	C-23B	United States
25452	US	USAF/US Army fiscal-year serial	85-25343	Short	C-23B	United States
5260	US	USAF/US Army fiscal-year serial	94-0310	Short Brothers	C-23B+	United States
18279	FR	F- registration	F-CRMI	Castel	C-25S	France
19193	FR	F- registration	F-CRHD	Castel	C-25S	France
3881	US	USAF/US Army fiscal-year serial	90-0171	Aeritalia	C-27A	United States
25650	US	USAF/US Army fiscal-year serial	91-0103	Alenia	C-27A	United States
26653	US	USAF/US Army fiscal-year serial	90-1073	Alenia	C-27A	United States
26654	US	USAF/US Army fiscal-year serial	90-0172	Alenia	C-27A	United States
26655	US	USAF/US Army fiscal-year serial	90-0174	Alenia	C-27A	United States
26656	US	USAF/US Army fiscal-year serial	91-0104	Alenia	C-27A	United States
26657	US	USAF/US Army fiscal-year serial	91-0105	Alenia	C-27A	United States
26658	US	USAF/US Army fiscal-year serial	91-0106	Alenia	C-27A	United States
10491	US	N-number	N12423	Aeronca	C-3	United States
10492	US	N-number	N13000	Aeronca	C-3	United States
21215	CA	CF- registration	CF-AQP	Aeronca	C-3	Canada
23960	US	N-number	N17404	Aeronca	C-3	United States
24601	US	N-number	N17447	Aeronca	C-3	United States
24671	US	N-number	N285M	Spartan	C-3	United States
5902	US	N-number	N16291	Aeronca	C-3	United States
24022	US	N-number	N15252	Aeronca	C-3	United States
24024	US	N-number	N16259	Aeronca	C-3	United States
6476	US	US registration (maker is not a UK airframe builder)	N7550	Stearman	C-3B	United States
4018	US	USAF/US Army fiscal-year serial	85-1607	Fokker	C-31A	United States
23491	FI	OH- registration	OH-VKF	Cessna	C-37	Finland
21232	CA	CF- registration	CF-NEV	Cessna	C-37Airmaster	Canada
5829	US	N-number	N30M	Kreider-Reisner	C-4C	United States
20277	US	N-number	N2880D	Beech	C-45	United States
26599	US	N-number	N2808J	Beechcraft	C-45	United States
27023	US	US registration (maker is not a UK airframe builder)	N3647	Beech	C-45	United States
20611	CA	CF- registration	CF-MJY	Beechcraft	C-45Expeditor	Canada
26611	US	USAF/US Army fiscal-year serial	44-47139	Beechcraft	C-45F	United States
31081	US	USAF/US Army fiscal-year serial	44-87201	Beech	C-45F	United States
21379	US	USAF/US Army fiscal-year serial	44-47428	Beechcraft	C-45F Expeditor	Canada
336	US	USAF/US Army fiscal-year serial	51-11897	Beech	C-45G	United States
2312	US	N-number	N181MH	Beechcraft	C-45G	United States
24932	US	USAF/US Army fiscal-year serial	51-11653	Beechcraft	C-45G	United States
25388	US	USAF/US Army fiscal-year serial	51-11795	Beechcraft	C-45G	United States
26969	US	USAF/US Army fiscal-year serial	51-11854	Beech	C-45G	United States
1040	US	USAF/US Army fiscal-year serial	52-10865	Beechcraft	C-45H	United States
6281	US	USAF/US Army fiscal-year serial	52-10902	Beechcraft	C-45H	United States
6392	US	USAF/US Army fiscal-year serial	51-11696	Beech	C-45H	United States
6495	US	USAF/US Army fiscal-year serial	52-10862	Beechcraft	C-45H	United States
7469	US	N-number	N40074	Beech	C-45H	United States
8460	US	N-number	N8640E	Beech	C-45H	United States
8564	US	USAF/US Army fiscal-year serial	52-10893	Beech	C-45H	United States
11381	AR	LV- registration	LV-WEX	Beechcraft	C-45H	Argentina
23739	IS	TF- registration	TF-JFA	Beechcraft	C-45H	Iceland
24563	US	N-number	N45GC	Beech	C-45H	United States
25277	US	USAF/US Army fiscal-year serial	52-10841	Beech	C-45H	United States
26017	US	USAF/US Army fiscal-year serial	51-11699	Beech	C-45H	United States
26084	US	N-number	N7916A	Beech	C-45H	United States
26671	US	USAF/US Army fiscal-year serial	52-10858	Beech	C-45H	United States
26842	US	USAF/US Army fiscal-year serial	52-10884	Beech	C-45H	United States
27083	US	USAF/US Army fiscal-year serial	52-10866	Beech	C-45H	United States
20532	CA	CF- registration	CF-MPI	Beechcraft	C-45H Expeditor	Canada
20600	US	USAF/US Army fiscal-year serial	52-10927	Beechcraft	C-45H Expeditor	Canada
10845	BR	PP- registration	PP-NMH	Curtiss	C-46	Brazil
13489	IN	VT- registration	VT-DRN	Curtiss	C-46	India
11160	BR	PP- registration	PP-VCE	Curtiss	C-46A	Brazil
11391	AR	LQ- registration	LQ-IYV	Curtiss	C-46A	Argentina
25382	US	USAF/US Army fiscal-year serial	43-47350	Curtiss-Wright	C-46A	United States
361	US	USAF/US Army fiscal-year serial	44-77575	Curtiss	C-46D	United States
1888	US	USAF/US Army fiscal-year serial	44-78019	Curtiss	C-46D	United States
3967	US	USAF/US Army fiscal-year serial	44-77635	Curtiss	C-46D	United States
4132	US	USAF/US Army fiscal-year serial	44-78018	Curtiss	C-46D	United States
10172	US	USAF/US Army fiscal-year serial	44-77424	Curtiss	C-46D	United States
19528	US	N-number	N23AC	Curtiss	C-46D	Israel
471	US	USAF/US Army fiscal-year serial	43-47218	Curtiss-Wright	C-46F	United States
1856	US	N-number	N53594	Curtiss	C-46F	United States
20263	US	N-number	N78774	Curtiss	C-46F	United States
20952	CA	C-F/G registration	C-GYHT	Curtiss-Wright	C-46F	Canada
25851	US	USAF/US Army fiscal-year serial	44-78573	Curtiss	C-46F	United States
13554	IN	VT- registration	VT-AUI	Douglas	C-47	India
13559	IN	VT- registration	VT-CYT	Douglas	C-47	India
16850	US	USAF/US Army fiscal-year serial	45-0951	Douglas	C-47	Germany
17096	AU	RAAF A-series serial	A65-69	Douglas	C-47	Germany
17876	DE	D- registration	D-CADE	Douglas	C-47	Germany
17935	FR	F- registration	F-BFGX	Douglas	C-47	Germany
22476	NZ	ZK- registration	ZK-AMY	Douglas	C-47	New Zealand
3990	US	USAF/US Army fiscal-year serial	41-7723	Douglas	C-47	United States
8450	US	N-number	N105CA	Douglas	C-47	United States
8826	ID	PK- registration	PK-GDZ	Douglas	C-47	Indonesia
26999	US	USAF/US Army fiscal-year serial	41-38630	Douglas	C-47	United States
12965	CO	HK- registration	HK-3630	Douglas	C-47A	Colombia
13801	IN	VT- registration	VT-CGQ	Douglas	C-47A	India
13950	IN	VT- registration	VT-CEB	Douglas	C-47A	India
13967	IN	VT- registration	VT-CTV	Douglas	C-47A	India
14040	US	USAF/US Army fiscal-year serial	42-24244	Douglas	C-47A	Saudi Arabia
14071	US	USAF/US Army fiscal-year serial	42-23761	Douglas	C-47A	Saudi Arabia
21426	US	USAF/US Army fiscal-year serial	41-38720	Douglas	C-47A	Canada
22364	AU	VH- registration	VH-BAB	Douglas Aircraft	C-47A	Australia
38376	ZA	ZS- registration	ZS-BXF	Douglas	C-47A	South Africa
58	US	USAF/US Army fiscal-year serial	43-15073	Douglas	C-47A	France
367	US	USAF/US Army fiscal-year serial	43-15977	Douglas	C-47A	United States
475	US	USAF/US Army fiscal-year serial	42-23668	Douglas	C-47A	United States
1041	US	USAF/US Army fiscal-year serial	42-92990	Douglas	C-47A	United States
6200	US	USAF/US Army fiscal-year serial	43-15509	Douglas	C-47A	United Kingdom
6304	US	USAF/US Army fiscal-year serial	43-15512	Douglas	C-47A	United States
6837	US	USAF/US Army fiscal-year serial	43-15679	Douglas	C-47A	United States
6918	US	USAF/US Army fiscal-year serial	42-92847	Douglas	C-47A	United States
7629	US	USAF/US Army fiscal-year serial	42-92838	Douglas	C-47A	United States
8255	US	USAF/US Army fiscal-year serial	43-48098	Douglas	C-47A	United States
8404	US	USAF/US Army fiscal-year serial	43-15635	Douglas	C-47A	United States
8660	US	N-number	N147AZ	Douglas	C-47A	United States
10664	ET	ET- registration	ET-AIA	Douglas	C-47A	Ethiopia
10685	ET	ET- registration	ET-AJH	Douglas	C-47A	Eritrea
12878	AR	LV- registration	LV-ADF	Douglas	C-47A	Chile
14112	US	USAF/US Army fiscal-year serial	42-92452	Douglas	C-47A	United Arab Emirates
14121	CD	9Q- registration	9Q-CTR	Douglas	C-47A	Democratic Republic of the Congo
14348	US	USAF/US Army fiscal-year serial	42-93510	Douglas	C-47A	United Kingdom
19299	IR	EP- registration	EP-TWB	Douglas	C-47A	Iran
19758	TR	TC- registration	TC-ALI	Douglas	C-47A	Turkey
20169	US	N-number	N3239T	Douglas	C-47A	United States
21395	CA	C-F/G registration	C-FCQT	Douglas	C-47A	Canada
23736	IS	TF- registration	TF-NPK	Douglas	C-47A	Iceland
24370	US	USAF/US Army fiscal-year serial	43-12061	Douglas	C-47A	United States
24559	US	USAF/US Army fiscal-year serial	43-30652	Douglas	C-47A	United States
24868	US	USAF/US Army fiscal-year serial	43-15200	Douglas	C-47A	United States
24935	US	USAF/US Army fiscal-year serial	43-15275	Douglas	C-47A	United States
25007	US	USAF/US Army fiscal-year serial	42-93790	Douglas	C-47A	United States
25372	US	USAF/US Army fiscal-year serial	42-92841	Douglas	C-47A	United States
25795	US	USAF/US Army fiscal-year serial	43-15623	Douglas	C-47A	United States
26001	US	USAF/US Army fiscal-year serial	43-16130	Douglas	C-47A	United States
26226	US	N-number	N3240A	Douglas	C-47A	United States
26343	US	USAF/US Army fiscal-year serial	42-93168	Douglas	C-47A	United States
26427	US	USAF/US Army fiscal-year serial	44-76716	Douglas	C-47A	United States
27019	US	USAF/US Army fiscal-year serial	43-16094	Douglas	C-47A	United States
27039	US	USAF/US Army fiscal-year serial	42-93800	Douglas	C-47A	United States
27219	US	N-number	N24320	Douglas	C-47A	United States
31096	US	USAF/US Army fiscal-year serial	43-15749	Douglas	C-47A	United States
37933	CA	C-F/G registration	C-FITH	Douglas	C-47A	Malta
17530	US	USAF/US Army fiscal-year serial	43-30729	Douglas	C-47A-30-DK	Germany
12964	CO	HK- registration	HK-3993	Douglas	C-47B	Colombia
13562	IN	VT- registration	VT-DDW	Douglas	C-47B	India
15983	GB	RAF two-letter serial	KN448	Douglas	C-47B	United Kingdom
21541	AU	RAAF A-series serial	A65-67	Douglas	C-47B	Australia
21700	AU	RAAF A-series serial	A65-124	Douglas	C-47B	Australia
21854	AU	RAAF A-series serial	A65-73	Douglas Aircraft	C-47B	Australia
21963	AU	RAAF A-series serial	A65-95	Douglas	C-47B	Australia
21964	AU	RAAF A-series serial	A65-94	Douglas	C-47B	Australia
22031	AU	RAAF A-series serial	A65-64	Douglas	C-47B	Australia
22263	AU	RAAF A-series serial	A65-78	Douglas	C-47B	Australia
22309	AU	RAAF A-series serial	A65-114	Douglas	C-47B	Australia
22411	AU	RAAF A-series serial	A65-71	Douglas	C-47B	Australia
22444	NZ	RNZAF serial	NZ3551	Douglas	C-47B	New Zealand
22612	NZ	ZK- registration	ZK-BQK	Douglas	C-47B	New Zealand
2492	US	USAF/US Army fiscal-year serial	44-76791	Douglas	C-47B	United States
5684	US	USAF/US Army fiscal-year serial	44-76502	Douglas	C-47B	United States
6927	US	USAF/US Army fiscal-year serial	44-77109	Douglas	C-47B	United States
6947	US	USAF/US Army fiscal-year serial	43-49942	Douglas	C-47B	United States
7345	US	USAF/US Army fiscal-year serial	43-48415	Douglas	C-47B	United States
7646	US	N-number	N2805J	Douglas	C-47B	United States
10131	US	USAF/US Army fiscal-year serial	44-76486	Douglas	C-47B	United States
11274	BR	PT- registration	PT-KYX	Douglas	C-47B	Brazil
12879	CL	CC- registration	CC-CBW	Douglas	C-47B	Chile
13207	EC	HC- registration	HC-AUT	Douglas	C-47B	Ecuador
18711	US	USAF/US Army fiscal-year serial	43-49297	Douglas	C-47B	France
20152	US	USAF/US Army fiscal-year serial	43-16141	Douglas	C-47B	United States
23867	US	USAF/US Army fiscal-year serial	43-48716	Douglas	C-47B	United States
24243	US	N-number	N15SJ	Douglas	C-47B	United States
24427	US	USAF/US Army fiscal-year serial	44-76457	Douglas	C-47B	United States
24934	US	USAF/US Army fiscal-year serial	43-49442	Douglas	C-47B	United States
25934	US	USAF/US Army fiscal-year serial	43-49355	Douglas	C-47B	United States
7421	US	USAF/US Army fiscal-year serial	44-76671	Douglas	C-47D	United States
7700	US	USAF/US Army fiscal-year serial	44-76582	Douglas	C-47D	United States
8485	US	USAF/US Army fiscal-year serial	45-0928	Douglas	C-47D	United States
8977	US	USAF/US Army fiscal-year serial	43-48301	Douglas	C-47D	Philippines
9901	US	USAF/US Army fiscal-year serial	44-76326	Douglas	C-47D	United States
17827	DE	Bundeswehr NN+NN	14+01	Douglas	C-47D	Germany
26512	US	USAF/US Army fiscal-year serial	43-49270	Douglas	C-47D	United States
26534	US	USAF/US Army fiscal-year serial	43-16277	Douglas	C-47D	United States
17528	US	USAF/US Army fiscal-year serial	43-49081	Douglas	C-47D Skytrain	Germany
20714	GB	RAF two-letter serial	FZ692	Douglas	C-47Dakota	Canada
15867	GB	RAF two-letter serial	KN645	Douglas	C-47Dakota C.4	United Kingdom
15850	GB	RAF two-letter serial	KG437	Douglas	C-47Dakota III	United Kingdom
27081	US	USAF/US Army fiscal-year serial	42-93127	Douglas	C-47H	United States
24476	US	USAF/US Army fiscal-year serial	43-48957	Douglas	C-47J	United States
25852	US	USAF/US Army fiscal-year serial	43-48932	Douglas	C-47VC-47D	United States
7269	US	N-number	N87745	Douglas	C-49J	United States
13129	US	N-number	N207U	Douglas	C-49K	Venezuela
60	US	USAF/US Army fiscal-year serial	69-0014	Lockheed	C-5A	United States
1038	US	USAF/US Army fiscal-year serial	70-0451	Lockheed	C-5A	United States
25787	US	N-number	N56V	Douglas	C-53	United States
16611	CH	HB- registration	HB-IRN	Douglas	C-53B Skytrooper	Germany
815	US	USAF/US Army fiscal-year serial	41-20093	Douglas	C-53D	United States
14995	US	USAF/US Army fiscal-year serial	42-72343	Douglas	C-54B	United Kingdom
1042	US	USAF/US Army fiscal-year serial	42-72560	Douglas	C-54D	United States
3991	US	USAF/US Army fiscal-year serial	42-72488	Douglas	C-54D	United States
8256	US	USAF/US Army fiscal-year serial	42-72724	Douglas	C-54D	United States
10107	ZA	ZS- registration	ZS-PAJ	Douglas	C-54D	South Africa
14958	US	USAF/US Army fiscal-year serial	42-72525	Douglas	C-54D	United Kingdom
25920	US	USAF/US Army fiscal-year serial	43-17228	Douglas	C-54D	United States
27082	US	USAF/US Army fiscal-year serial	42-72642	Douglas	C-54D	United States
6571	US	USAF/US Army fiscal-year serial	44-9141	Douglas	C-54E	United States
14041	US	USAF/US Army fiscal-year serial	44-9056	Douglas	C-54E	Saudi Arabia
21965	AU	VH- registration	VH-EAY	Douglas	C-54E	Australia
17529	US	USAF/US Army fiscal-year serial	44-9063	Douglas	C-54E Skymaster	Germany
6517	US	USAF/US Army fiscal-year serial	45-0502	Douglas	C-54G	United States
24967	US	USAF/US Army fiscal-year serial	45-0579	Douglas	C-54G	United States
16976	US	USAF/US Army fiscal-year serial	45-0557	Douglas	C-54G Skymaster	Germany
25371	US	USAF/US Army fiscal-year serial	44-9030	Douglas	C-54M	United States
6583	US	N-number	N55CW	Douglas	C-54Q	United States
382	US	N-number	N1020V	Lockheed	C-56	United States
1043	US	USAF/US Army fiscal-year serial	41-19729	Lockheed	C-56	United States
22624	NZ	ZK- registration	ZK-BVE	Lockheed	C-56D	New Zealand
8584	US	USAF/US Army fiscal-year serial	43-16445	Lockheed	C-60A	United States
13285	US	N-number	N69415	Lockheed	C-60A	Uruguay
22649	AU	VH- registration	VH-XUS	Lockheed	C-60A	New Zealand
25381	US	USAF/US Army fiscal-year serial	42-55918	Lockheed	C-60A	United States
23700	FI	OH- registration	OH-NOA	Noorduyn	C-64A	Finland
126	US	USAF/US Army fiscal-year serial	63-9757	de Havilland Canada	C-7A	United States
1039	US	USAF/US Army fiscal-year serial	60-3767	de Havilland Canada	C-7A	United States
4159	US	USAF/US Army fiscal-year serial	62-4193	de Havilland Canada	C-7A	United States
7195	US	USAF/US Army fiscal-year serial	63-9719	de Havilland Canada	C-7A	United States
7291	US	USAF/US Army fiscal-year serial	57-3082	de Havilland Canada	C-7A	United States
25386	US	USAF/US Army fiscal-year serial	63-9760	de Havilland Canada	C-7A	United States
27306	US	USAF/US Army fiscal-year serial	61-2600	de Havilland Canada	C-7A	United States
812	US	USAF/US Army fiscal-year serial	63-9765	de Havilland Canada	C-7B	United States
24923	US	USAF/US Army fiscal-year serial	63-9756	de Havilland Canada	C-7B	United States
25036	US	USAF/US Army fiscal-year serial	62-4188	de Havilland Canada	C-7B	United States
25855	US	USAF/US Army fiscal-year serial	57-3083	de Havilland Canada	C-7YC-7A	United States
4010	US	USAF/US Army fiscal-year serial	44-23006	Fairchild	C-82A	United States
5685	US	USAF/US Army fiscal-year serial	48-0574	Fairchild	C-82A	United States
25534	US	USAF/US Army fiscal-year serial	45-57814	Fairchild	C-82A	United States
7415	US	USAF/US Army fiscal-year serial	71-0878	McDonnell Douglas	C-9A	United States
25378	US	USAF/US Army fiscal-year serial	67-22584	McDonnell Douglas	C-9A	United States
26669	US	USAF/US Army fiscal-year serial	71-0877	Douglas	C-9A	United States
6305	US	USAF/US Army fiscal-year serial	73-1683	Douglas	C-9C	United States
3926	US	USAF/US Army fiscal-year serial	52-2626	Boeing	C-97G	United States
10326	US	USAF/US Army fiscal-year serial	52-2764	Boeing	C-97G	United States
14683	GB	G- registration	G-ABLM	Cierva	C.24	United Kingdom
18755	FR	F- registration	F-CRBI	Castel	C.25S	France
18147	FR	F- registration	F-AZAL	Caudron	C.270	France
15041	GB	G- registration	G-ACWM	Cierva	C.30A	United Kingdom
15977	GB	RAF two-letter serial	AP507	Cierva	C.30A	United Kingdom
22058	AU	VH- registration	VH-USR	Cierva	C.30A	Australia
18872	FR	F- registration	F-CCCZ	Siren	C.30S	France
18757	FR	F- registration	F-CBVG	Castel	C.301S	France
18756	FR	F- registration	F-CRMG	Castel	C.3010	France
18758	FR	F- registration	F-CRJF	Castel	C.310P	France
18759	FR	F- registration	F-CALS	Castel	C.311P	France
18873	FR	F- registration	F-CCAZ	Siren	C.34	France
18749	FR	F- registration	F-PJHB	Caudron	C.431	France
18742	FR	F- registration	F-PFLB	Caudron	C.601	France
18348	FR	F- registration	F-CAFB	Caudron	C.800	France
18743	FR	F- registration	F-CABM	Caudron	C.800	France
18744	FR	F- registration	F-CAEZ	Caudron	C.800	France
18745	FR	F- registration	F-CBKA	Caudron	C.800	France
18746	FR	F- registration	F-CAUP	Caudron	C.800	France
18748	FR	F- registration	F-CAHE	Caudron	C.800	France
20236	US	N-number	N817BP	Fokker	C.I	United States
25197	US	N-number	N439FK	Fokker	C.V	United States
10608	US	US registration (maker is not a UK airframe builder)	N3440	Stearman	C2	United States
10595	US	N-number	N31H	St. Louis Aircraft	C2	United States
10603	US	N-number	N11016	Spartan	C2-60	United States
10335	US	US registration (maker is not a UK airframe builder)	N8811	Stearman	C3B	United States
10609	US	US registration (maker is not a UK airframe builder)	N8830	Stearman	C3B	United States
27266	US	US registration (maker is not a UK airframe builder)	N5415	Stearman	C3B	United States
7121	US	N-number	N656K	Stearman	C3R	United States
26952	US	US registration (maker is not a UK airframe builder)	N8828	Stearman	C3R	United States
18326	FR	F- registration	F-CCUA	Siren	C30Edelweiss	France
7472	US	US registration (maker is not a UK airframe builder)	C6487	Stearman	C3MB	United States
15565	GB	G- registration	G-SJEN	Comco Ikarus	C42FB80 Cyclone	United Kingdom
21553	AU	RAAF A-series serial	A20-10	Commonwealth Aircraft Corporation	CA-1	Australia
21555	AU	RAAF A-series serial	A46-25	Commonwealth Aircraft Corporation	CA-12	Australia
21836	AU	RAAF A-series serial	A46-47	Commonwealth Aircraft Corporation	CA-12	Australia
21837	AU	RAAF A-series serial	A46-57	Commonwealth Aircraft Corporation	CA-12	Australia
22216	AU	RAAF A-series serial	A46-30	Commonwealth Aircraft Corporation	CA-12	Australia
21738	AU	RAAF A-series serial	A46-147	Commonwealth Aircraft Corporation	CA-13	Australia
21835	AU	RAAF A-series serial	A46-124	Commonwealth Aircraft Corporation	CA-13	Australia
22336	AU	RAAF A-series serial	A46-122	Commonwealth Aircraft Corporation	CA-13	Australia
21704	AU	RAAF A-series serial	A20-688	Commonwealth Aircraft Corporation	CA-16	Australia
21771	AU	RAAF A-series serial	A20-685	Commonwealth Aircraft Corporation	CA-16	Australia
21888	AU	RAAF A-series serial	A20-651	Commonwealth Aircraft Corporation	CA-16	Australia
22049	AU	RAAF A-series serial	A20-722	Commonwealth Aircraft Corporation	CA-16	Australia
22260	AU	RAAF A-series serial	A20-687	Commonwealth Aircraft Corporation	CA-16	Australia
22337	AU	RAAF A-series serial	A20-653	Commonwealth Aircraft Corporation	CA-16	Australia
22094	AU	RAAF A-series serial	A20-652	Commonwealth Aircraft Corporation	CA-16Mk III	Australia
21556	AU	RAAF A-series serial	A68-71	Commonwealth Aircraft Corporation	CA-17	Australia
22023	AU	RAAF A-series serial	A68-150	Commonwealth Aircraft Corporation	CA-18	Australia
22095	AU	RAAF A-series serial	A68-201	Commonwealth Aircraft Corporation	CA-18	Australia
22217	AU	RAAF A-series serial	A68-170	Commonwealth Aircraft Corporation	CA-18Mk 23	Australia
6192	AU	RAAF A-series serial	A68-192	Commonwealth Aircraft	CA-18Mustang 22	United Kingdom
22191	AU	RAAF A-series serial	A46-206	Commonwealth Aircraft Corporation	CA-19	Australia
22100	AU	VH- registration	VH-CAL	Calair	CA-21	Australia
22258	AU	RAAF A-series serial	A85-618	Commonwealth Aircraft Corporation	CA-22	Australia
22290	AU	RAAF A-series serial	A85-364	Commonwealth Aircraft Corporation	CA-22	Australia
21557	AU	RAAF A-series serial	A85-418	Commonwealth Aircraft Corporation	CA-25	Australia
21612	AU	RAAF A-series serial	A85-432	Commonwealth Aircraft Corporation	CA-25	Australia
21747	AU	RAAF A-series serial	A85-443	Commonwealth Aircraft Corporation	CA-25	Australia
21862	AU	RAAF A-series serial	A85-428	Commonwealth Aircraft Corporation	CA-25	Australia
21945	AU	RAAF A-series serial	A85-435	Commonwealth Aircraft Corporation	CA-25	Australia
22096	AU	RAAF A-series serial	A85-410	Commonwealth Aircraft Corporation	CA-25	Australia
22189	AU	RAAF A-series serial	A85-406	Commonwealth Aircraft Corporation	CA-25	Australia
22190	AU	RAAF A-series serial	A85-449	Commonwealth Aircraft Corporation	CA-25	Australia
22199	AU	RAAF A-series serial	A85-405	Commonwealth Aircraft Corporation	CA-25	Australia
22218	AU	RAAF A-series serial	A85-401	Commonwealth Aircraft Corporation	CA-25	Australia
22219	AU	RAAF A-series serial	A85-439	Commonwealth Aircraft Corporation	CA-25	Australia
22259	AU	RAAF A-series serial	A85-456	Commonwealth Aircraft Corporation	CA-25	Australia
22279	AU	RAAF A-series serial	A85-403	Commonwealth Aircraft Corporation	CA-25	Australia
22358	AU	VH- registration	VH-XXE	Commonwealth Aircraft Corporation	CA-25	Australia
22359	AU	VH- registration	VH-XXD	Commonwealth Aircraft Corporation	CA-25	Australia
22220	AU	RAAF A-series serial	A94-101	Commonwealth Aircraft Corporation	CA-26	Australia
21946	AU	RAAF A-series serial	A94-901	Commonwealth Aircraft Corporation	CA-27Mk 30	Australia
21816	AU	RAAF A-series serial	A94-914	Commonwealth Aircraft Corporation	CA-27Mk 31	Australia
22097	AU	RAAF A-series serial	A94-935	Commonwealth Aircraft Corporation	CA-27Mk 31	Australia
21558	AU	RAAF A-series serial	A94-910	Commonwealth Aircraft Corporation	CA-27Mk 32	Australia
21863	AU	RAAF A-series serial	A94-951	Commonwealth Aircraft Corporation	CA-27Mk 32	Australia
21864	AU	RAAF A-series serial	A94-959	Commonwealth Aircraft Corporation	CA-27Mk 32	Australia
22033	AU	RAAF A-series serial	A94-915	Commonwealth Aircraft Corporation	CA-27Mk 32	Australia
22185	AU	RAAF A-series serial	A94-962	Commonwealth Aircraft Corporation	CA-27Mk 32	Australia
22208	AU	RAAF A-series serial	A94-906	Commonwealth Aircraft Corporation	CA-27Mk 32	Australia
22274	AU	RAAF A-series serial	A94-960	Commonwealth Aircraft Corporation	CA-27Mk 32	Australia
22275	AU	RAAF A-series serial	A94-982	Commonwealth Aircraft Corporation	CA-27Mk 32	Australia
22350	AU	RAAF A-series serial	A94-983	Commonwealth Aircraft Corporation	CA-27Mk 32	Australia
22351	AU	RAAF A-series serial	A94-909	Commonwealth Aircraft Corporation	CA-27Mk 32	Australia
22352	AU	RAAF A-series serial	A94-942	Commonwealth Aircraft Corporation	CA-27Mk 32	Australia
22353	AU	RAAF A-series serial	A94-953	Commonwealth Aircraft Corporation	CA-27Mk 32	Australia
22354	AU	RAAF A-series serial	A94-956	Commonwealth Aircraft Corporation	CA-27Mk 32	Australia
22410	AU	RAAF A-series serial	A94-954	Commonwealth Aircraft Corporation	CA-27Mk 32	Australia
21559	AU	VH- registration	VH-WOT	Commonwealth Aircraft Corporation	CA-28	Australia
22098	AU	VH- registration	VH-CEU	Commonwealth Aircraft Corporation	CA-28	Australia
22603	NZ	ZK- registration	ZK-BPU	Commonwealth Aircraft Corporation	CA-28	New Zealand
21748	AU	RAAF A-series serial	A7-054	Commonwealth Aircraft Corporation	CA-30	Australia
21838	AU	RAAF A-series serial	A7-023	Commonwealth Aircraft Corporation	CA-30	Australia
21839	AU	RAAF A-series serial	A7-031	Commonwealth Aircraft Corporation	CA-30	Australia
21926	AU	RAAF A-series serial	A7-014	Commonwealth Aircraft Corporation	CA-30	Australia
21927	AU	RAAF A-series serial	A7-015	Commonwealth Aircraft Corporation	CA-30	Australia
22198	AU	RAAF A-series serial	A7-081	Commonwealth Aircraft Corporation	CA-30	Australia
22303	AU	RAAF A-series serial	A7-026	Commonwealth Aircraft Corporation	CA-30	Australia
21551	AU	RAAF A-series serial	A17-045	Commonwealth Aircraft Corporation	CA-32	Australia
21552	AU	RAAF A-series serial	A17-055	Commonwealth Aircraft Corporation	CA-32	Australia
21611	AU	RAAF A-series serial	A17-044	Commonwealth Aircraft Corporation	CA-32	Australia
21630	AU	RAAF A-series serial	A17-033	Commonwealth Aircraft Corporation	CA-32	Australia
21631	AU	RAAF A-series serial	A17-034	Commonwealth Aircraft Corporation	CA-32	Australia
21632	AU	RAAF A-series serial	A17-035	Commonwealth Aircraft Corporation	CA-32	Australia
21832	AU	RAAF A-series serial	A17-015	Commonwealth Aircraft Corporation	CA-32	Australia
22197	AU	RAAF A-series serial	A17-056	Commonwealth Aircraft Corporation	CA-32	Australia
21561	AU	VH- registration	VH-XAP	Commonwealth Aircraft Corporation	CA-36	Australia
22405	AU	RAAF A-series serial	A20-103	Commonwealth Aircraft Corporation	CA-5	Australia
21554	AU	RAAF A-series serial	A3-22	Commonwealth Aircraft Corporation	CA-6	Australia
21705	AU	VH- registration	VH-AIY	Commonwealth Aircraft Corporation	CA-6	Australia
21800	AU	VH- registration	VH-BEC	Commonwealth Aircraft Corporation	CA-6	Australia
22093	AU	VH- registration	VH-AJH	Commonwealth Aircraft Corporation	CA-6	Australia
20613	CA	CF- registration	CF-OAR	Buhl	CA-6Air Sedan	Canada
20614	CA	CF- registration	CF-OAT	Buhl	CA-6Air Sedan	Canada
10466	US	N-number	N600W	Cvjetkovic	CA-65	United States
21739	AU	RAAF A-series serial	A20-511	Commonwealth Aircraft Corporation	CA-9	Australia
14095	IT	I- registration	I-BIZZ	Caproni	Ca.100Idro	Saudi Arabia
22169	AU	VH- registration	VH-UPW	Wicko	Cabin Sports	Australia
7127	US	N-number	N17M	Paramount	Cabinaire	United States
8330	US	N-number	N41621	Culver	Cadet LCA	United States
10518	US	N-number	N34785	Culver	Cadet LCA	United States
7277	US	N-number	N37819	Culver	Cadet LFA	United States
12807	CL	CC- registration	CC-PDB	Culver	Cadet LFA	Chile
14983	GB	RAF two-letter serial	RA847	Slingsby	Cadet TX.1	United Kingdom
15153	GB	RAF two-letter serial	RA848	Slingsby	Cadet TX.1	United Kingdom
15519	GB	RAF two-letter serial	RA897	Slingsby	Cadet TX.1	United Kingdom
16337	GB	RAF two-letter serial	RA905	Slingsby	Cadet TX.1	United Kingdom
16372	GB	RAF two-letter serial	XN239	Slingsby	Cadet TX.1	United Kingdom
16519	GB	RAF two-letter serial	RA854	Slingsby	Cadet TX.1	United Kingdom
15521	GB	RAF two-letter serial	VM637	Slingsby	Cadet TX.2	United Kingdom
6822	US	N-number	N7012Z	Slingsby	Cadet TX.3	United States
14190	GB	RAF two-letter serial	WT914	Slingsby	Cadet TX.3	United Kingdom
14223	GB	RAF two-letter serial	XA282	Slingsby	Cadet TX.3	United Kingdom
14987	GB	RAF two-letter serial	XE800	Slingsby	Cadet TX.3	United Kingdom
14988	GB	RAF two-letter serial	XN243	Slingsby	Cadet TX.3	United Kingdom
15410	GB	RAF two-letter serial	WT913	Slingsby	Cadet TX.3	United Kingdom
15442	GB	RAF two-letter serial	WT917	Slingsby	Cadet TX.3	United Kingdom
15683	GB	RAF two-letter serial	XA312	Slingsby	Cadet TX.3	United Kingdom
15798	GB	RAF two-letter serial	XA302	Slingsby	Cadet TX.3	United Kingdom
16211	GB	RAF two-letter serial	XA293	Slingsby	Cadet TX.3	United Kingdom
16215	GB	RAF two-letter serial	XE797	Slingsby	Cadet TX.3	United Kingdom
16226	GB	RAF two-letter serial	XN238	Slingsby	Cadet TX.3	United Kingdom
16322	GB	RAF two-letter serial	WT877	Slingsby	Cadet TX.3	United Kingdom
16045	GB	G- registration	G-BZSC	Sopwith	Camel	United Kingdom
24667	US	N-number	N7157Q	Sopwith	Camel	United States
15173	GB	British serial (maker is a UK airframe builder)	N6812	Sopwith	Camel-2F.1	United Kingdom
14484	GB	RAF pre-war single-letter serial	B7270	Sopwith	Camel F.1	United Kingdom
14949	GB	RAF pre-war single-letter serial	B6401	Sopwith	Camel F.1	United Kingdom
15736	GB	RAF pre-war single-letter serial	F6314	Sopwith	Camel F.1	United Kingdom
22046	AU	RAAF A-series serial	A84-307	English Electric	Canberra B Mk 2	Australia
14535	GB	RAF two-letter serial	WH984	English Electric	Canberra B.15	United Kingdom
15681	GB	RAF two-letter serial	WT205	English Electric	Canberra B.15	United Kingdom
15959	GB	RAF two-letter serial	WH960	English Electric	Canberra B.15	United Kingdom
14153	GB	RAF two-letter serial	WH739	English Electric	Canberra B.2	United Kingdom
14455	GB	RAF two-letter serial	WH657	English Electric	Canberra B.2	United Kingdom
14720	GB	RAF two-letter serial	WD956	English Electric	Canberra B.2	United Kingdom
14965	GB	RAF two-letter serial	WK146	English Electric	Canberra B.2	United Kingdom
15467	GB	RAF two-letter serial	WV787	English Electric	Canberra B.2	United Kingdom
15621	GB	RAF two-letter serial	WG789	English Electric	Canberra B.2	United Kingdom
15818	GB	RAF two-letter serial	WH725	English Electric	Canberra B.2	United Kingdom
16108	GB	RAF two-letter serial	WK128	English Electric	Canberra B.2	United Kingdom
16192	GB	RAF two-letter serial	WD935	English Electric	Canberra B.2	United Kingdom
16306	GB	RAF two-letter serial	WE113	English Electric	Canberra B.2	United Kingdom
16420	GB	RAF two-letter serial	WK163	English Electric	Canberra B.2	United Kingdom
17097	DE	Bundeswehr NN+NN	99+35	English Electric	Canberra B.2	Germany
17295	GB	RAF two-letter serial	XM264	English Electric	Canberra B.2	Germany
17409	DE	Bundeswehr NN+NN	99+34	English Electric	Canberra B.2	Germany
17877	DE	Bundeswehr NN+NN	99+36	English Electric	Canberra B.2	Germany
21844	GB	RAF two-letter serial	WJ678	English Electric	Canberra B.2	Australia
22021	GB	RAF two-letter serial	WH700	English Electric	Canberra B.2	Australia
22310	GB	RAF two-letter serial	WK165	English Electric	Canberra B.2	Australia
21701	AU	RAAF A-series serial	A84-230	Government Aircraft Factories	Canberra B.20	Australia
22445	AU	RAAF A-series serial	A84-240	Government Aircraft Factories	Canberra B.20	New Zealand
22646	AU	RAAF A-series serial	A84-207	Government Aircraft Factories	Canberra B.20	New Zealand
15576	GB	RAF two-letter serial	VX185	English Electric	Canberra B.5	United Kingdom
14499	GB	RAF two-letter serial	WT333	English Electric	Canberra B.6	United Kingdom
14837	GB	RAF two-letter serial	WT309	English Electric	Canberra B(I).6	United Kingdom
15634	GB	RAF two-letter serial	XM279	English Electric	Canberra B(I).8	United Kingdom
22687	GB	RAF two-letter serial	WT346	English Electric	Canberra B(I).8	New Zealand
16204	GB	RAF two-letter serial	WT319	English Electric	Canberra B(I)6	United Kingdom
15223	GB	RAF two-letter serial	WH957	English Electric	Canberra E.15	United Kingdom
21540	AU	RAAF A-series serial	A84-219	Government Aircraft Factories	Canberra Mk 20	Australia
21578	AU	RAAF A-series serial	A84-226	Government Aircraft Factories	Canberra Mk 20	Australia
21695	AU	RAAF A-series serial	A84-232	Government Aircraft Factories	Canberra Mk 20	Australia
21841	AU	RAAF A-series serial	A84-245	Government Aircraft Factories	Canberra Mk 20	Australia
21856	AU	RAAF A-series serial	A84-210	Government Aircraft Factories	Canberra Mk 20	Australia
22124	AU	RAAF A-series serial	A84-225	Government Aircraft Factories	Canberra Mk 20	Australia
22176	AU	RAAF A-series serial	A84-242	Government Aircraft Factories	Canberra Mk 20	Australia
22178	AU	RAAF A-series serial	A84-201	Government Aircraft Factories	Canberra Mk 20	Australia
22251	AU	RAAF A-series serial	A84-236	Government Aircraft Factories	Canberra Mk 20	Australia
22254	AU	RAAF A-series serial	A84-234	Government Aircraft Factories	Canberra Mk 20	Australia
22367	AU	RAAF A-series serial	A84-238	Government Aircraft Factories	Canberra Mk 20	Australia
22368	AU	RAAF A-series serial	A84-248	Government Aircraft Factories	Canberra Mk 20	Australia
22372	AU	RAAF A-series serial	A84-241	Government Aircraft Factories	Canberra Mk 20	Australia
22027	AU	RAAF A-series serial	A84-204	Government Aircraft Factories	Canberra Mk 21	Australia
22177	AU	RAAF A-series serial	A84-125	English Electric	Canberra Mk 21	Australia
21786	AU	RAAF A-series serial	A84-209	Government Aircraft Factories	Canberra Mk.20	Australia
22284	AU	RAAF A-series serial	A84-235	Government Aircraft Factories	Canberra Mk.20	Australia
22421	AU	RAAF A-series serial	A84-247	Government Aircraft Factories	Canberra Mk.20	Australia
15264	GB	RAF two-letter serial	WF922	English Electric	Canberra PR.3	United Kingdom
15749	GB	RAF two-letter serial	WE139	English Electric	Canberra PR.3	United Kingdom
15951	GB	RAF two-letter serial	WE173	English Electric	Canberra PR.3	United Kingdom
14400	GB	RAF two-letter serial	WT532	English Electric	Canberra PR.7	United Kingdom
15162	GB	RAF two-letter serial	WT520	English Electric	Canberra PR.7	United Kingdom
15469	GB	RAF two-letter serial	WH791	English Electric	Canberra PR.7	United Kingdom
16194	GB	RAF two-letter serial	WH779	English Electric	Canberra PR.7	United Kingdom
16206	GB	RAF two-letter serial	WT534	English Electric	Canberra PR.7	United Kingdom
16207	GB	RAF two-letter serial	WT536	English Electric	Canberra PR.7	United Kingdom
16278	GB	RAF two-letter serial	WH798	English Electric	Canberra PR.7	United Kingdom
17747	GB	RAF two-letter serial	WH773	English Electric	Canberra PR.7	Germany
14456	GB	RAF two-letter serial	XH136	English Electric	Canberra PR.9	United Kingdom
15697	GB	RAF two-letter serial	XH169	English Electric	Canberra PR.9	United Kingdom
15710	GB	RAF two-letter serial	XH135	English Electric	Canberra PR.9	United Kingdom
15719	GB	RAF two-letter serial	XH170	English Electric	Canberra PR.9	United Kingdom
15860	GB	RAF two-letter serial	XH171	English Electric	Canberra PR.9	United Kingdom
16352	GB	RAF two-letter serial	XH131	English Electric	Canberra PR.9	United Kingdom
14174	GB	RAF two-letter serial	WH740	English Electric	Canberra T.17	United Kingdom
14536	GB	RAF two-letter serial	WJ633	English Electric	Canberra T.17	United Kingdom
15265	GB	RAF two-letter serial	WH646	English Electric	Canberra T.17	United Kingdom
15470	GB	RAF two-letter serial	WH863	English Electric	Canberra T.17	United Kingdom
16197	GB	RAF two-letter serial	WJ565	English Electric	Canberra T.17	United Kingdom
16319	GB	RAF two-letter serial	WJ576	English Electric	Canberra T.17	United Kingdom
23294	GB	RAF two-letter serial	WD955	English Electric	Canberra T.17A	Norway
15471	GB	RAF two-letter serial	WH904	English Electric	Canberra T.19	United Kingdom
16199	GB	RAF two-letter serial	WJ975	English Electric	Canberra T.19	United Kingdom
16497	GB	RAF two-letter serial	WH903	English Electric	Canberra T.19	United Kingdom
16205	GB	RAF two-letter serial	WT525	English Electric	Canberra T.22	United Kingdom
14357	GB	RAF two-letter serial	WJ865	English Electric	Canberra T.4	United Kingdom
14525	GB	RAF two-letter serial	WT486	English Electric	Canberra T.4	United Kingdom
14731	GB	RAF two-letter serial	WJ880	English Electric	Canberra T.4	United Kingdom
15321	GB	RAF two-letter serial	WH850	English Electric	Canberra T.4	United Kingdom
15622	GB	RAF two-letter serial	WH840	English Electric	Canberra T.4	United Kingdom
16079	GB	RAF two-letter serial	WE188	English Electric	Canberra T.4	United Kingdom
16106	GB	RAF two-letter serial	WJ992	English Electric	Canberra T.4	United Kingdom
16218	GB	RAF two-letter serial	XH584	English Electric	Canberra T.4	United Kingdom
16496	GB	RAF two-letter serial	WH846	English Electric	Canberra T.4	United Kingdom
17044	GB	RAF two-letter serial	WT480	English Electric	Canberra T.4	Germany
17748	GB	RAF two-letter serial	WH849	English Electric	Canberra T.4	Germany
21968	AU	RAAF A-series serial	A84-502	English Electric	Canberra T.4	Australia
22311	GB	RAF two-letter serial	WD954	English Electric	Canberra T.4	Australia
14267	GB	RAF two-letter serial	WK118	English Electric	Canberra TT.18	United Kingdom
15227	GB	RAF two-letter serial	WK122	English Electric	Canberra TT.18	United Kingdom
15367	GB	RAF two-letter serial	WJ721	English Electric	Canberra TT.18	United Kingdom
15408	GB	RAF two-letter serial	WJ639	English Electric	Canberra TT.18	United Kingdom
16107	GB	RAF two-letter serial	WK126	English Electric	Canberra TT.18	United Kingdom
16195	GB	RAF two-letter serial	WH887	English Electric	Canberra TT.18	United Kingdom
16469	GB	RAF two-letter serial	WK127	English Electric	Canberra TT.18	United Kingdom
20187	GB	RAF two-letter serial	WJ574	English Electric	Canberra TT.18	United States
22344	GB	RAF two-letter serial	WJ680	English Electric	Canberra TT.18	Australia
14356	GB	RAF two-letter serial	WH876	English Electric	Canberra U.14	United Kingdom
20556	US	USAF/US Army fiscal-year serial	44-34094	Canadian Vickers	Canso A	Canada
14767	GB	G- registration	G-PBYA	Canadian Vickers	Canso A	United Kingdom
11041	BR	PP- registration	PP-TJR	CAP	CAP-4	Brazil
6623	US	US registration (maker is not a UK airframe builder)	N3730	McCombs	Cassutt IIIM	United States
7872	US	N-number	N12RG	MacFam	Cavalier SA102.5	United States
18245	FR	F- registration	F-PIHT	Chagnes	CB-10	France
11012	BR	PT- registration	PT-ZVE	Embraer	CBA-123	Brazil
11071	BR	PT- registration	PT-ZVB	Embraer/FMA	CBA-123	Brazil
25025	US	N-number	N17N	Burnelli	CBY-3	United States
20336	GB	RAF two-letter serial	KN451	Douglas	CC-129Dakota	Canada
24100	US	N-number	N5855V	Custer	CCW-5	United States
25857	US	USAF/US Army fiscal-year serial	45-5276	Weaver Aircraft Company	CG-15A	United States
6415	US	N-number	N178V	Cessna	CG-2	United States
5192	US	USAF/US Army fiscal-year serial	45-27948	Waco	CG-4A	United States
7183	US	USAF/US Army fiscal-year serial	45-15691	Waco	CG-4A	United States
18271	US	USAF/US Army fiscal-year serial	45-17241	Waco	CG-4A	France
24316	US	USAF/US Army fiscal-year serial	45-15574	Waco	CG-4A	United States
25400	US	USAF/US Army fiscal-year serial	45-15009	Waco	CG-4A	United States
25792	US	USAF/US Army fiscal-year serial	45-15073	Waco	CG-4A	United States
26122	US	USAF/US Army fiscal-year serial	45-14908	Waco	CG-4A	United States
27321	US	USAF/US Army fiscal-year serial	53-4362	Piasecki	CH-21B	United States
5193	US	USAF/US Army fiscal-year serial	51-15857	Vertol	CH-21B	United States
8275	US	USAF/US Army fiscal-year serial	52-8676	Piasecki	CH-21B	United States
24929	US	USAF/US Army fiscal-year serial	52-8685	Piasecki	CH-21B	United States
5229	US	USAF/US Army fiscal-year serial	56-2159	Piasecki	CH-21C	United States
6359	US	USAF/US Army fiscal-year serial	55-4218	Piasecki	CH-21C	United States
9748	US	USAF/US Army fiscal-year serial	56-2040	Piasecki	CH-21C	United States
23895	US	USAF/US Army fiscal-year serial	55-4140	Piasecki	CH-21C	United States
6558	US	USAF/US Army fiscal-year serial	56-2142	Piasecki	CH-21C	United States
9905	US	USAF/US Army fiscal-year serial	51-5859	Piasecki	CH-21D	United States
723	US	USAF/US Army fiscal-year serial	65-5690	Sikorsky	CH-3E	United States
5164	US	USAF/US Army fiscal-year serial	63-9676	Sikorsky	CH-3E	United States
6566	US	USAF/US Army fiscal-year serial	65-12790	Sikorsky	CH-3E	United States
25692	US	USAF/US Army fiscal-year serial	65-12797	Sikorsky	CH-3E	United States
26635	US	USAF/US Army fiscal-year serial	65-12789	Sikorsky	CH-3E	United States
21058	CA	CF- registration	CF-ATN	Bellanca	CH-300Pacemaker	Canada
21162	CA	C-F/G registration	C-GOVK	Zenair	CH-300Tri-Z	Canada
920	US	USAF/US Army fiscal-year serial	57-1708	Sikorsky	CH-34C	United States
25691	US	USAF/US Army fiscal-year serial	55-4496	Sikorsky	CH-34C	United States
26638	US	USAF/US Army fiscal-year serial	54-0914	Sikorsky	CH-34C	United States
5262	US	USAF/US Army fiscal-year serial	58-1005	Sikorsky	CH-37B	United States
9749	US	USAF/US Army fiscal-year serial	55-0644	Sikorsky	CH-37B	United States
10284	US	USAF/US Army fiscal-year serial	57-1651	Sikorsky	CH-37B	United States
26632	US	N-number	N952AW	Boeing Vertol	CH-46E	United States
9750	US	USAF/US Army fiscal-year serial	60-3451	Boeing Vertol	CH-47A	United States
26133	US	USAF/US Army fiscal-year serial	61-2408	Boeing Vertol	CH-47A	United States
345	US	USAF/US Army fiscal-year serial	89-0153	Boeing	CH-47D	United States
6405	US	USAF/US Army fiscal-year serial	91-00261	Boeing	CH-47D	United States
7715	US	USAF/US Army fiscal-year serial	85-24346	Boeing	CH-47D	United States
9849	US	USAF/US Army fiscal-year serial	87-0108	Boeing	CH-47D	United States
15802	US	USAF/US Army fiscal-year serial	83-24104	Boeing	CH-47D	United Kingdom
21617	AU	RAAF A-series serial	A15-105	Boeing	CH-47D	Australia
22272	AU	RAAF A-series serial	A15-106	Boeing	CH-47D	Australia
22390	AU	RAAF A-series serial	A15-202	Boeing	CH-47D	Australia
26630	US	USAF/US Army fiscal-year serial	85-24365	Boeing Vertol	CH-47D	United States
26631	US	USAF/US Army fiscal-year serial	82-23766	Boeing Vertol	CH-47D	United States
26905	US	USAF/US Army fiscal-year serial	92-00293	Boeing Vertol	CH-47D	United States
15702	US	USAF/US Army fiscal-year serial	03-08003	Boeing	CH-47F	United Kingdom
26634	US	USAF/US Army fiscal-year serial	67-30044	Sikorsky	CH-53A	United States
16664	DE	Bundeswehr NN+NN	84+11	Sikorsky	CH-53G	Germany
17645	DE	Bundeswehr NN+NN	84+06	Sikorsky	CH-53G	Germany
18118	DE	Bundeswehr NN+NN	84+12	Sikorsky	CH-53G	Germany
16916	DE	Bundeswehr NN+NN	84+36	Sikorsky	CH-53G	Germany
17711	DE	Bundeswehr NN+NN	84+04	Sikorsky	CH-53G	Germany
5263	US	USAF/US Army fiscal-year serial	68-18437	Sikorsky	CH-54A	United States
7711	US	USAF/US Army fiscal-year serial	67-18424	Sikorsky	CH-54A	United States
7897	US	USAF/US Army fiscal-year serial	68-18439	Sikorsky	CH-54A	United States
9732	US	USAF/US Army fiscal-year serial	68-18438	Sikorsky	CH-54A	United States
26163	US	USAF/US Army fiscal-year serial	66-18412	Sikorsky	CH-54A	United States
9668	US	USAF/US Army fiscal-year serial	69-18464	Sikorsky	CH-54B	United States
9669	US	USAF/US Army fiscal-year serial	69-18479	Sikorsky	CH-54B	United States
25057	US	USAF/US Army fiscal-year serial	69-18465	Sikorsky	CH-54B	United States
26633	US	USAF/US Army fiscal-year serial	70-18486	Sikorsky	CH-54B	United States
27296	US	USAF/US Army fiscal-year serial	70-18488	Sikorsky	CH-54B	United States
22104	AU	VH- registration	VH-BRO	Chrislea Aircraft	CH.3	Australia
25554	US	N-number	N10054	Kreider-Reisner	Challenger C-2	United States
21642	AU	VH- registration	VH-GVO	Hall	Cherokee II	Australia
22529	NZ	ZK- registration	ZK-GBT	Hall	Cherokee II	New Zealand
6703	US	US registration (maker is not a UK airframe builder)	N3034	Hall	Cherokee II	United States
6798	US	N-number	N1510U	Hall	Cherokee II	United States
22316	AU	VH- registration	VH-GPR	Hall	Cherokee II	Australia
24502	US	US registration (maker is not a UK airframe builder)	N1658	Hall	Cherokee II RM	United States
15454	GB	RAF two-letter serial	ZA717	Boeing Vertol	Chinook HC.1	United Kingdom
15915	GB	RAF two-letter serial	ZA718	Boeing Vertol	Chinook HC.4	United Kingdom
16020	GB	G- registration	G-BNZC	de Havilland Canada	Chipmunk-22	United Kingdom
14151	GB	RAF two-letter serial	WD370	de Havilland Canada	Chipmunk T.10	United Kingdom
14188	GB	RAF two-letter serial	WP784	de Havilland Canada	Chipmunk T.10	United Kingdom
14240	GB	RAF two-letter serial	WG432	de Havilland Canada	Chipmunk T.10	United Kingdom
14290	GB	RAF two-letter serial	WG486	de Havilland Canada	Chipmunk T.10	United Kingdom
14291	GB	RAF two-letter serial	WK518	de Havilland Canada	Chipmunk T.10	United Kingdom
14353	GB	RAF two-letter serial	WD321	de Havilland Canada	Chipmunk T.10	United Kingdom
14481	GB	RAF two-letter serial	WP921	de Havilland Canada	Chipmunk T.10	United Kingdom
14755	GB	RAF two-letter serial	WD386	de Havilland Canada	Chipmunk T.10	United Kingdom
14816	GB	RAF two-letter serial	WB763	de Havilland Canada	Chipmunk T.10	United Kingdom
14817	GB	RAF two-letter serial	WK522	de Havilland Canada	Chipmunk T.10	United Kingdom
14818	GB	RAF two-letter serial	WP929	de Havilland Canada	Chipmunk T.10	United Kingdom
15157	GB	RAF two-letter serial	WB730	de Havilland Canada	Chipmunk T.10	United Kingdom
15159	GB	RAF two-letter serial	WG477	de Havilland Canada	Chipmunk T.10	United Kingdom
15161	GB	RAF two-letter serial	WP978	de Havilland Canada	Chipmunk T.10	United Kingdom
15330	GB	RAF two-letter serial	WP863	de Havilland Canada	Chipmunk T.10	United Kingdom
15392	GB	RAF two-letter serial	WK608	de Havilland Canada	Chipmunk T.10	United Kingdom
15393	GB	RAF two-letter serial	WB657	de Havilland Canada	Chipmunk T.10	United Kingdom
15398	GB	RAF two-letter serial	WK520	de Havilland Canada	Chipmunk T.10	United Kingdom
15406	GB	RAF two-letter serial	WB685	de Havilland Canada	Chipmunk T.10	United Kingdom
15459	GB	RAF two-letter serial	WB624	de Havilland Canada	Chipmunk T.10	United Kingdom
15584	GB	RAF two-letter serial	WB584	de Havilland Canada	Chipmunk T.10	United Kingdom
15680	GB	RAF two-letter serial	WP772	de Havilland Canada	Chipmunk T.10	United Kingdom
15747	GB	RAF two-letter serial	WP962	de Havilland Canada	Chipmunk T.10	United Kingdom
15784	GB	RAF two-letter serial	WP912	de Havilland Canada	Chipmunk T.10	United Kingdom
15932	GB	RAF two-letter serial	WK584	de Havilland Canada	Chipmunk T.10	United Kingdom
16068	GB	RAF two-letter serial	WK570	de Havilland Canada	Chipmunk T.10	United Kingdom
16078	GB	RAF two-letter serial	WB670	de Havilland Canada	Chipmunk T.10	United Kingdom
16080	GB	RAF two-letter serial	WG303	de Havilland Canada	Chipmunk T.10	United Kingdom
16114	GB	RAF two-letter serial	WZ869	de Havilland Canada	Chipmunk T.10	United Kingdom
16190	GB	RAF two-letter serial	WB733	de Havilland Canada	Chipmunk T.10	United Kingdom
16200	GB	RAF two-letter serial	WK626	de Havilland Canada	Chipmunk T.10	United Kingdom
16288	GB	RAF two-letter serial	WG418	de Havilland Canada	Chipmunk T.10	United Kingdom
16295	GB	RAF two-letter serial	WG419	de Havilland Canada	Chipmunk T.10	United Kingdom
16309	GB	RAF two-letter serial	WZ876	de Havilland Canada	Chipmunk T.10	United Kingdom
16320	GB	RAF two-letter serial	WK576	de Havilland Canada	Chipmunk T.10	United Kingdom
16339	GB	RAF two-letter serial	WB626	de Havilland Canada	Chipmunk T.10	United Kingdom
16468	GB	RAF two-letter serial	WD377	de Havilland Canada	Chipmunk T.10	United Kingdom
16516	GB	RAF two-letter serial	WK640	de Havilland Canada	Chipmunk T.10	United Kingdom
14713	GB	RAF two-letter serial	WP790	de Havilland Canada	Chipmunk T.10	United Kingdom
15618	GB	RAF two-letter serial	WB627	de Havilland Canada	Chipmunk T.10	United Kingdom
16021	GB	RAF two-letter serial	WG319	de Havilland Canada	Chipmunk T.10	United Kingdom
16022	GB	RAF two-letter serial	WP905	de Havilland Canada	Chipmunk T.10	United Kingdom
14575	GB	RAF two-letter serial	XW999	Northrop	Chukar D.1	United Kingdom
14940	GB	RAF two-letter serial	XW994	Northrop	Chukar D.1	United Kingdom
14577	GB	RAF two-letter serial	ZG347	Northrop	Chukar D.2	United Kingdom
14849	GB	RAF two-letter serial	ZG631	Northrop	Chukar D.2	United Kingdom
21951	AU	VH- registration	VH-CJS	Corby	CJ-1	Australia
7654	US	N-number	N5199Y	Nanchang	CJ-6	United States
21756	AU	VH- registration	VH-LNM	Nanchang	CJ-6A	Australia
22361	AU	VH- registration	VH-XXB	Nanchang	CJ-6A	Australia
7538	US	N-number	N92FS	Canadair	CL-13A	United States
16941	DE	Bundeswehr NN+NN	01+06	Canadair	CL-13B Sabre 6	Germany
17153	DE	Bundeswehr NN+NN	01+01	Canadair	CL-13B Sabre Mk 6	Germany
27366	FR	F- registration	F-AYSB	Canadair	CL-13Sabre Mk.6	Austria
17865	FR	F- registration	F-ZBBH	Canadair	CL-215	Germany
17927	FR	F- registration	F-ZBAR	Canadair	CL-215	Germany
18493	FR	F- registration	F-ZBBW	Canadair	CL-215	France
19151	FR	F- registration	F-ZBBV	Canadair	CL-215	France
20615	FR	F- registration	F-ZBBT	Canadair	CL-215	Canada
17090	DE	Bundeswehr NN+NN	96+89	Canadair	CL-289	Germany
9815	US	N-number	N6940C	Lockheed	CL-475	United States
21117	CA	C-F/G registration	C-GCGT	Canadair	CL-604Challenger 604	Canada
17105	DE	D- registration	D-IBAO	Halberstadt	CL.IV	Germany
20237	US	N-number	N6175J	Halberstadt	CL.IV	United States
15896	GB	G- registration	G-ACGL	Comper	CLA.7Swift	United Kingdom
26960	US	N-number	N447CB	Europa	Classic	United States
16661	DE	D- registration	D-MNGV	Rotortec	Cloud Dancer I	Germany
18760	FR	F- registration	F-CABN	Castel-Mauboussin	CM-8-15	France
19777	US	N-number	N497F	Fouga	CM.170	Turkey
23361	DK	OY- registration	OY-FGA	Fouga	CM.170	Denmark
17742	DE	D- registration	D-IFCC	Fouga	CM.170Magister	Germany
19511	FR	F- registration	F-GMPK	Fouga	CM.170R	Israel
24017	US	N-number	N12282	Heath	CNA-40	United States
14700	FR	F- registration	F-BGNX	de Havilland	Comet-1A	United Kingdom
14701	GB	G- registration	G-ANAV	de Havilland	Comet-1A	United Kingdom
6198	GB	G- registration	G-APDB	de Havilland	Comet-4	United Kingdom
6422	US	N-number	N888WA	de Havilland	Comet-4C	United States
14497	GB	RAF two-letter serial	XS235	de Havilland	Comet-4C	United Kingdom
15427	GB	G- registration	G-BEEX	de Havilland	Comet-4C	United Kingdom
15545	GB	G- registration	G-BDIX	de Havilland	Comet-4C	United Kingdom
14368	GB	RAF two-letter serial	XK699	de Havilland	Comet C.2	United Kingdom
14702	GB	RAF two-letter serial	XK695	de Havilland	Comet C.2	United Kingdom
16122	GB	RAF two-letter serial	XM823	de Havilland	Comet Srs.1XB	United Kingdom
24485	US	N-number	N6BM	Berkshire	Concept 70	United States
70	GB	G- registration	G-BOAA	Concorde	Concorde	United Kingdom
5306	FR	F- registration	F-BTSD	Aérospatiale	Concorde	France
5775	FR	F- registration	F-BVFA	Aerospatiale	Concorde	United States
6418	GB	G- registration	G-BOAG	Aerospatiale	Concorde	United States
17859	FR	F- registration	F-BVFB	Aérospatiale/BAC	Concorde	Germany
18156	FR	F- registration	F-WTSB	Aérospatiale	Concorde	France
18157	FR	F- registration	F-BVFC	Aérospatiale	Concorde	France
5305	FR	F- registration	F-WTSS	Aérospatiale	Concorde-001	France
14898	GB	G- registration	G-BSST	British Aircraft Corporation	Concorde-002	United Kingdom
6176	GB	G- registration	G-AXDN	BAC	Concorde-101	United Kingdom
18680	FR	F- registration	F-BVFF	Aérospatiale-BAC	Concorde-101	France
14204	GB	G- registration	G-BOAF	BAC-Aerospatiale	Concorde-102	United Kingdom
15960	GB	G- registration	G-BOAC	BAC/Aerospatiale	Concorde-102	United Kingdom
19173	FR	F- registration	F-WTSA	Aérospatiale-BAC	Concorde-102	France
24443	GB	G- registration	G-BOAD	BAC-Aerospatiale	Concorde-102	United States
14464	GB	G- registration	G-BBDG	BAC-Aerospatiale	Concorde-202	United Kingdom
10530	US	N-number	N51HD	Dittmar	Condor IV	United States
21655	AU	VH- registration	VH-GFP	Proctor	Coogee	Australia
5915	US	N-number	N99CW	LeVier	Cosmic Wind W-5	United States
15040	GB	G- registration	G-BAPS	Campbell	Cougar	United Kingdom
26953	US	N-number	N10721	Sioux	Coupe-90-B	United States
17401	DE	D- registration	D-EMOZ	Binder Aviatik	CP-301S Smaragd	Germany
26926	US	N-number	N18743	Porterfield	CP-40	United States
10587	US	N-number	N21973	Porterfield	CP-50	United States
7854	US	N-number	N32431	Porterfield	CP-65	United States
24660	US	N-number	N37709	Porterfield	CP-65	United States
23150	NO	LN- registration	LN-FAD	Piel	CP.301C	Norway
18836	FR	F- registration	F-BJFR	Piel	CP.301C-1	France
18837	FR	F- registration	F-PRAK	Piel	CP.402	France
18838	FR	F- registration	F-PYFY	Piel	CP.80TR	France
15750	GB	RAF two-letter serial	BT474	Fiat	CR.42Falco	United Kingdom
15037	GB	G- registration	G-BYMP	Campbell	Cricket	United Kingdom
15038	GB	G- registration	G-AXRA	Campbell	Cricket	United Kingdom
15039	GB	G- registration	G-AXVM	Campbell	Cricket	United Kingdom
19633	GB	G- registration	G-AXVL	Campbell	Cricket	Syria
15559	GB	G- registration	G-ACYK	Spartan	Cruiser III	United Kingdom
6789	US	N-number	N112CC	Campbell	CSG-1	United States
24565	US	N-number	N618N	Waco	CSO	United States
7539	US	N-number	N301FS	Canadair	CT-133	United States
19062	US	USAF/US Army fiscal-year serial	52-1113	Canadair	CT-33	France
164	US	USAF/US Army fiscal-year serial	62-4465	North American	CT-39A	United States
853	US	USAF/US Army fiscal-year serial	60-3505	North American	CT-39A	United States
1052	US	USAF/US Army fiscal-year serial	62-4452	North American	CT-39A	United States
5204	US	USAF/US Army fiscal-year serial	62-4449	North American	CT-39A	United States
25981	US	USAF/US Army fiscal-year serial	61-0651	North American	CT-39A	United States
25982	US	USAF/US Army fiscal-year serial	62-4462	North American	CT-39A	United States
26257	US	USAF/US Army fiscal-year serial	61-0671	North American	CT-39A	United States
22694	NZ	ZK- registration	ZK-DGY	New Zealand Aerospace	CT/4	New Zealand
21587	AU	RAAF A-series serial	A19-036	New Zealand Aerospace	CT/4A	Australia
22242	AU	RAAF A-series serial	A19-027	New Zealand Aerospace	CT/4A	Australia
22243	AU	RAAF A-series serial	A19-077	New Zealand Aerospace	CT/4A	Australia
21746	AU	RAAF A-series serial	A19-095	New Zealand Aerospace	CT/4B	Australia
22457	NZ	RNZAF serial	NZ1948	Pacific Aerospace	CT/4B	New Zealand
22520	NZ	ZK- registration	ZK-JMV	New Zealand Aerospace	CT/4B	New Zealand
10345	US	N-number	N1911D	Crites	Curtiss Pusher E8-90	United States
4200	US	USAF/US Army fiscal-year serial	99-0021	Bell-Boeing	CV-22B	United States
11159	BR	PP- registration	PP-VDG	Convair	CV-240	Brazil
16600	US	N-number	N87982	Convair	CV-240	Germany
23609	FI	OH- registration	OH-LRB	Convair	CV-440Metropolitan	Finland
3960	US	N-number	N580HH	Convair	CV-580	United States
26208	US	N-number	N880EP	Convair	CV-880-22-2	United States
7846	US	N-number	N10973	Curtiss-Wright	CW-1	United States
8333	US	N-number	N4644T	Curtiss-Wright	CW-1	United States
10521	US	N-number	N671V	Curtiss-Wright	CW-1	United States
23935	US	N-number	N10939	Curtiss-Wright	CW-1	United States
24012	US	N-number	N665V	Curtiss-Wright	CW-1	United States
24621	US	N-number	N605EB	Curtiss-Wright	CW-1Junior	United States
24013	US	N-number	N1098T	Curtiss-Wright	CW-1S	United States
10338	US	N-number	N439W	Curtiss-Wright	CW-12Q	United States
10524	US	N-number	N496W	Curtiss-Wright	CW-12Q	United States
10525	US	N-number	N11715	Curtiss-Wright	CW-12W	United States
6299	US	N-number	N12314	Curtiss-Wright	CW-15D	United States
18763	FR	F- registration	F-CRRD	Chapeau-Durand	CXD-18	France
15897	GB	G- registration	G-EBMB	Hawker	Cygnet	United Kingdom
16028	GB	G- registration	G-CAMM	Hawker	Cygnet	United Kingdom
15560	GB	G- registration	G-AGBN	General Aircraft	Cygnet II	United Kingdom
24603	US	N-number	N12156	Albatros	D Va	United States
24633	US	N-number	N70814	Fokker	D VII	United States
10528	US	N-number	N151Y	Davis Aircraft	D-1K	United States
5963	US	N-number	N13688	Wittman	D-12	United States
7864	US	N-number	N3797G	Temco	D-16	United States
24088	US	N-number	N4487K	Temco	D-16	United States
5251	US	N-number	N5128K	Ryan	D-16A	United States
6451	US	USAF/US Army fiscal-year serial	90-0510	Lockheed	D-21B	United States
10566	US	N-number	N930V	New Standard	D-25	United States
24649	US	N-number	N176H	New Standard	D-25	United States
24650	US	N-number	N19157	New Standard	D-25	United States
7126	US	US registration (maker is not a UK airframe builder)	N7286	New Standard	D-25A	United States
25193	US	N-number	N477N	Travel Air	D-4000	United States
24248	US	N-number	N4028E	Beechcraft	D-45	United States
23421	DK	OY- registration	OY-CMH	Jodel	D.112	Denmark
18786	FR	F- registration	F-PTXA	Jodel	D.113	France
18787	FR	F- registration	F-BHFP	Jodel	D.120	France
18770	FR	F- registration	F-PCZT	Druine	D.31	France
23370	DK	OY- registration	OY-AMG	Druine	D.31	Denmark
15563	GB	G- registration	G-AVPC	Druine	D.31Turbulent	United Kingdom
5372	FR	F- registration	F-AJTE	Dewoitine	D.530	France
21281	CA	CF- registration	CF-RFK	Jodel	D.9Bebe	Canada
21501	CA	CF- registration	CF-PFB	Jodel	D.9Bebe	Canada
18785	FR	F- registration	F-PAXU	Jodel	D.92	France
26370	US	N-number	N257RJ	Jodel	D.92	United States
21105	GB	RAF two-letter serial	TG372	de Havilland	D.H.100Vampire Mk I	Canada
20919	AU	RAAF A-series serial	A79-657	de Havilland	D.H.115Vampire T.35	Canada
21070	CA	G-C Canadian Empire-era mark	G-CAUA	de Havilland	D.H.60X Moth	Canada
21071	CA	CF- registration	CF-PEI	de Havilland	D.H.80A Puss Moth	Canada
21074	CA	CF- registration	CF-FGL	de Havilland	D.H.82C Tiger Moth	Canada
20620	CA	C-F/G registration	C-FBNI	de Havilland	D.H.83C Fox Moth	Canada
21072	CA	CF- registration	CF-DJB	de Havilland	D.H.83C Fox Moth	Canada
20621	CA	C-F/G registration	C-FAYE	de Havilland	D.H.89Dragon Rapide	Canada
7693	US	N-number	N921SS	Siemens-Schuckert	D.I	United States
22727	NZ	ZK- registration	ZK-JPI	Pfalz	D.III	New Zealand
22721	NZ	ZK- registration	ZK-JOW	Halberstadt	D.IV	New Zealand
22730	US	N-number	N2160F	Siemens-Schuckert	D.IV	New Zealand
20216	US	N-number	N482UT	Albatros	D.Va	United States
20229	US	N-number	N29WR	Fokker	D.VI	United States
6429	US	N-number	N38038	Fokker	D.VII	United States
8142	US	N-number	N18852	Fokker	D.VII	United States
9685	US	N-number	N904AC	Fokker	D.VII	United States
20861	CA	C-F/G registration	C-GWWI	Fokker	D.VII	Canada
22710	NZ	ZK- registration	ZK-FOD	Fokker	D.VII	New Zealand
20230	US	N-number	N1918F	Fokker	D.VII	United States
20231	US	N-number	N1918P	Fokker	D.VII F	United States
7134	US	N-number	N1180V	Beechcraft	D17S	United States
14826	GB	G- registration	G-BRVE	Beech	D17S	United Kingdom
5750	US	N-number	N522B	Beechcraft	D18S	United States
7133	US	N-number	N90502	Beechcraft	D18S	United States
10693	FR	F- registration	F-BEHI	Beech	D18S	Djibouti
19350	IR	EP- registration	EP-HIH	Beech	D18S	Iran
20410	CA	C-F/G registration	C-FDSV	Beechcraft	D18S	Canada
20533	CA	CF- registration	CF-ZOI	Beechcraft	D18S Expeditor	Canada
21519	CA	CF- registration	CF-MPH	Beechcraft	D18S Expeditor Mk 3N	Canada
624	US	N-number	N3131G	Aichi	D3A-2	United States
21208	CA	CF- registration	CF-JLW	Travel Air	D4D Speedwing	Canada
23740	IS	TF- registration	TF-ESD	Beechcraft	D50B	Iceland
14289	GB	RAF two-letter serial	ZA947	Douglas	Dakota C.3	United Kingdom
15333	GB	RAF two-letter serial	KG651	Douglas	Dakota C.3	United Kingdom
14453	GB	RAF two-letter serial	KN274	Douglas	Dakota C.4	United Kingdom
15331	GB	RAF two-letter serial	KP208	Douglas	Dakota IV	United Kingdom
16505	GB	RAF two-letter serial	XF747	Douglas	Dakota IV	United Kingdom
15663	GB	RAF two-letter serial	KN566	Douglas	Dakota Mk III	United Kingdom
10527	US	N-number	N20993	Culver	Dart G	United States
7070	US	N-number	N4HM	Culver	Dart GC	United States
14543	GB	G- registration	G-ASKK	Handley Page	Dart Herald	United Kingdom
9716	US	N-number	N1517C	Rochester	Davis DA-2A	United States
4418	US	N-number	N220AU	McDonnell Douglas	DC-10-10	United States
15963	GB	G- registration	G-DMCA	McDonnell Douglas	DC-10-30	United Kingdom
6425	US	N-number	N1934D	Douglas	DC-2	United States
21571	AU	RAAF A-series serial	A30-9	Douglas	DC-2	Australia
21966	AU	VH- registration	VH-CDZ	Douglas	DC-2	Australia
2849	US	USAF/US Army fiscal-year serial	41-20107	Douglas	DC-3	United States
5910	US	US registration (maker is not a UK airframe builder)	N7772	Douglas	DC-3	United States
6426	US	N-number	N138D	Douglas	DC-3	United States
10415	US	N-number	N56V	Douglas	DC-3	United States
10844	BR	PP- registration	PP-VDM	Douglas	DC-3	Brazil
10871	BR	PT- registration	PT-KZF	Douglas	DC-3	Brazil
10927	BR	PP- registration	PP-ANU	Douglas	DC-3	Brazil
11061	BR	PP- registration	PP-AVJ	Douglas	DC-3	Brazil
11154	BR	PT- registration	PT-KUB	Douglas	DC-3	Brazil
11161	BR	PP- registration	PP-VBK	Douglas	DC-3	Brazil
11212	BR	PP- registration	PP-VBT	Douglas	DC-3	Brazil
11227	BR	PT- registration	PT-KVA	Douglas	DC-3	Brazil
11260	BR	PP- registration	PP-YPU	Douglas	DC-3	Brazil
20892	CA	CF- registration	CF-BZI	Douglas	DC-3	Canada
21300	CA	CF- registration	CF-IAE	Douglas	DC-3	Canada
21533	CA	CF- registration	CF-CPY	Douglas	DC-3	Canada
21572	AU	VH- registration	VH-ANH	Douglas	DC-3	Australia
21796	AU	VH- registration	VH-EWE	Douglas Aircraft	DC-3	Australia
21967	AU	VH- registration	VH-AES	Douglas	DC-3	Australia
22068	AU	VH- registration	VH-EAP	Douglas Aircraft	DC-3	Australia
23779	IS	TF- registration	TF-ISB	Douglas	DC-3	Iceland
25060	US	N-number	N165LG	Douglas	DC-3	United States
25697	US	N-number	N44V	Douglas	DC-3	United States
13282	UY	CX- registration	CX-BDB	Douglas	DC-3	Uruguay
13596	IN	VT- registration	VT-DTS	Douglas	DC-3	India
13944	IN	VT- registration	VT-AUM	Douglas	DC-3	India
23130	NO	LN- registration	LN-WND	Douglas	DC-3	Norway
28332	IT	I- registration	I-LICE	Douglas	DC-3	Italy
20970	US	USAF/US Army fiscal-year serial	42-92451	Douglas	DC-3	Canada
22119	AU	VH- registration	VH-ANR	Douglas Aircraft	DC-3-194B	Australia
26459	US	N-number	N21728	Douglas	DC-3-201B	United States
20658	CA	CF- registration	CF-PWH	Douglas	DC-3-277B	Canada
7071	US	N-number	N25673	Douglas	DC-3A	United States
7106	US	N-number	N41HQ	Douglas	DC-3A	United States
10321	US	N-number	N33632	Douglas	DC-3A	United States
23593	FI	OH- registration	OH-VKB	Douglas	DC-3A	Finland
27317	US	N-number	N101Z	Douglas	DC-3A	United States
19778	US	US registration (maker is not a UK airframe builder)	N3291	Douglas	DC-3A	Turkey
25559	US	N-number	N18111	Douglas	DC-3A-197	United States
7107	US	N-number	N5106X	Douglas	DC-3C	United States
12880	CL	CC- registration	CC-CBX	Douglas	DC-3C	Chile
12941	US	N-number	N75T	Douglas	DC-3C	Colombia
22019	AU	VH- registration	VH-ANW	Douglas	DC-3C	Australia
22356	ID	PK- registration	PK-GDC	Douglas	DC-3C	Australia
23594	FI	OH- registration	OH-LCD	Douglas	DC-3C	Finland
23648	FI	OH- registration	OH-LCF	Douglas	DC-3C	Finland
21135	CA	C-F/G registration	C-FTDJ	Douglas	DC-3C Dakota	Canada
13026	CO	HK- registration	HK-136	Douglas	DC-4	Colombia
38374	ZA	ZS- registration	ZS-BMH	Douglas	DC-4-1009	South Africa
38375	ZA	ZS- registration	ZS-AUB	Douglas	DC-4-1009	South Africa
22120	AU	VH- registration	VH-BPG	Douglas Aircraft	DC-6	Australia
11162	BR	PP- registration	PP-LFB	Douglas	DC-6A	Brazil
16163	GB	G- registration	G-APSA	Douglas	DC-6A	United Kingdom
23738	IS	TF- registration	TF-IUB	Douglas	DC-6A	Iceland
13230	EC	HC- registration	HC-AVI	Douglas	DC-6B	Ecuador
27313	US	N-number	N999SQ	Douglas	DC-6B	United States
23152	NO	LN- registration	LN-SUB	Douglas	DC-6B	Norway
23776	IS	TF- registration	TF-OAA	Douglas	DC-6B	Iceland
897	US	N-number	N444SQ	Douglas	DC-6BF	United States
3993	US	N-number	N51701	Douglas	DC-7B	United States
24809	US	N-number	N4887C	Douglas	DC-7B	United States
25698	US	N-number	N836D	Douglas	DC-7B	United States
23413	DK	OY- registration	OY-KNB	Douglas	DC-7C	Denmark
5376	FR	F- registration	F-RAFE	Douglas	DC-8	France
16603	LY	5A- registration	5A-DGK	Douglas	DC-8-21	Germany
26436	US	N-number	N865F	Douglas	DC-8-63CF	United States
23794	CR	TI- registration	TI-AZS	Douglas	DC-9	Costa Rica
28628	NG	5N- registration	5N-KAY	Douglas	DC-9	Italy
8815	ID	PK- registration	PK-GNT	McDonnell Douglas	DC-9-32	Indonesia
23781	US	N-number	N813TL	McDonnell Douglas	DC-9-15	El Salvador
10299	US	N-number	N803AT	McDonnell Douglas	DC-9-32	United States
21136	CA	CF- registration	CF-TLL	McDonnell Douglas	DC-9-32	Canada
24810	US	N-number	N675MC	Douglas	DC-9-50	United States
17803	DE	D- registration	D-EDMH	Müller	DDMH 22	Germany
15826	GB	British serial (maker is a UK airframe builder)	N1671	Boulton Paul	Defiant Mk I	United Kingdom
15918	GB	British serial (maker is a UK airframe builder)	N3378	Boulton Paul	Defiant Mk I	United Kingdom
22234	AU	RAAF A-series serial	A1-8	Hawker	Demon	Australia
15175	GB	RAF two-letter serial	ZK150	Lockheed Martin	Desert Hawk III	United Kingdom
15509	GB	RAF two-letter serial	VZ728	Reid and Sigrist	Desford Bobsleigh	United Kingdom
22051	AU	VH- registration	VH-UPR	Desoutter	Desoutter Mk II	Australia
22335	AU	VH- registration	VH-UEE	Desoutter	Desoutter Mk II	Australia
14963	GB	RAF two-letter serial	VP952	de Havilland	Devon C.2	United Kingdom
16513	GB	RAF two-letter serial	VP967	de Havilland	Devon C.2	United Kingdom
5964	US	US registration (maker is not a UK airframe builder)	N1292	Wittman	DFA	United States
23647	FI	OH- registration	OH-WAB	DFS	DFS Weihe	Finland
27221	US	N-number	N17Y	Howard	DGA-11	United States
7130	US	N-number	N18207	Howard	DGA-11	United States
6443	US	N-number	N52947	Howard	DGA-15P	United States
8028	US	N-number	N663H	Howard	DGA-15P	United States
21259	CA	CF- registration	CF-OJN	Howard	DGA-15P UC-70	Canada
20117	US	N-number	N39668	Howard	DGA-18K	United States
4135	GB	RAF two-letter serial	RS709	de Havilland	DH 98B.35	United States
8326	US	N-number	N3249H	Atlantic Aircraft	DH-4M-2A	United States
27227	US	N-number	N617V	de Havilland	DH-60GMW	United States
21433	GB	RAF two-letter serial	DE253	de Havilland	DH-82A Tiger Moth	Canada
20842	GB	RAF two-letter serial	NM201	de Havilland Canada	DH-82C Tiger Moth	Canada
24141	US	N-number	N74EC	de Havilland	DH-87B	United States
21857	AU	RAAF A-series serial	A79-89	de Havilland Australia	DH.100F Mk 30	Australia
22108	AU	RAAF A-series serial	A79-476	de Havilland Australia	DH.100F Mk 30	Australia
22227	AU	RAAF A-series serial	A79-375	de Havilland	DH.100F Mk 30	Australia
21776	AU	RAAF A-series serial	A79-14	de Havilland Australia	DH.100F.30	Australia
21809	AU	RAAF A-series serial	A79-529	de Havilland Australia	DH.100F.30	Australia
21868	AU	RAAF A-series serial	A79-1	de Havilland Australia	DH.100F.30	Australia
21923	AU	RAAF A-series serial	A79-109	de Havilland Australia	DH.100F.30	Australia
21956	AU	RAAF A-series serial	A79-160	de Havilland Australia	DH.100F.31	Australia
22194	AU	RAAF A-series serial	A79-440	de Havilland Australia	DH.100FB Mk 31	Australia
21763	AU	RAAF A-series serial	A79-321	de Havilland	DH.100FB Mk 52	Australia
22307	AU	RAAF A-series serial	A79-202	de Havilland	DH.100FB.31	Australia
22369	AU	RAAF A-series serial	A79-593	de Havilland Australia	DH.100FB.31	Australia
22440	NZ	RNZAF serial	NZ5757	de Havilland	DH.100FB.5	New Zealand
22471	NZ	RNZAF serial	NZ5769	de Havilland	DH.100FB.5	New Zealand
22513	NZ	RNZAF serial	NZ5767	de Havilland	DH.100FB.5	New Zealand
22514	NZ	RNZAF serial	NZ5751	de Havilland	DH.100FB.5	New Zealand
22570	NZ	RNZAF serial	NZ5775	de Havilland	DH.100FB.5	New Zealand
22743	NZ	RNZAF serial	NZ5772	de Havilland	DH.100FB.5	New Zealand
22754	NZ	RNZAF serial	NZ5770	de Havilland	DH.100FB.5	New Zealand
22610	GB	RAF two-letter serial	WR202	de Havilland	DH.100FB.9	New Zealand
20423	AU	RAAF A-series serial	A79-657	de Havilland Australia	DH.100T.35	Canada
20484	NZ	RNZAF serial	NZ5774	de Havilland	DH.100Vampire	Canada
10112	ZA	ZS- registration	ZS-BCC	de Havilland	DH.104	South Africa
21569	AU	VH- registration	VH-CLD	de Havilland	DH.104	Australia
21798	AU	VH- registration	VH-DHH	de Havilland	DH.104	Australia
23365	DK	OY- registration	OY-DHZ	de Havilland	DH.104	Denmark
11300	AR	LV- registration	LV-LES	de Havilland	DH.104-1	Argentina
11305	AR	LV- registration	LV-XZX	de Havilland	DH.104-1	Argentina
11473	AR	LV- registration	LV-LER	de Havilland	DH.104-1	Argentina
22643	NZ	ZK- registration	ZK-RNG	de Havilland	DH.104-1B	New Zealand
14114	GB	G- registration	G-ARDE	de Havilland	DH.104-6	United Arab Emirates
22442	NZ	RNZAF serial	NZ1803	de Havilland	DH.104C.1	New Zealand
22472	NZ	RNZAF serial	NZ1829	de Havilland	DH.104C.1	New Zealand
22509	NZ	ZK- registration	ZK-UCO	de Havilland	DH.104C.1	New Zealand
22510	NZ	ZK- registration	ZK-UFO	de Havilland	DH.104C.1	New Zealand
22745	NZ	RNZAF serial	NZ1813	de Havilland	DH.104C.1	New Zealand
24074	US	N-number	N557JC	de Havilland	DH.104Dove 5A	United States
17872	DE	D- registration	D-IKER	de Havilland	DH.104Dove 7	Germany
22105	AU	VH- registration	VH-MAL	de Havilland	DH.104Mk 1	Australia
17289	GB	RAF two-letter serial	XJ348	de Havilland	DH.104Sea Devon C.20	Germany
17288	GB	G- registration	G-BDIW	de Havilland	DH.106Comet 4C	Germany
14117	GB	RAF two-letter serial	XK655	de Havilland	DH.106R.2	United Arab Emirates
22111	GB	RAF two-letter serial	XJ490	de Havilland	DH.110FAW Mk 2	Australia
22112	GB	RAF two-letter serial	XJ607	de Havilland	DH.110FAW Mk 2	Australia
22110	GB	RAF two-letter serial	WZ898	de Havilland	DH.112FAW Mk 53	Australia
21777	GB	RAF two-letter serial	WZ897	de Havilland	DH.112FAW.53	Australia
21778	GB	RAF two-letter serial	WZ907	de Havilland	DH.112FAW.53	Australia
21890	GB	RAF two-letter serial	WZ935	de Havilland	DH.112FAW.53	Australia
21891	GB	RAF two-letter serial	WZ937	de Havilland	DH.112FAW.53	Australia
21957	GB	RAF two-letter serial	WZ895	de Havilland	DH.112FAW.53	Australia
22308	GB	RAF two-letter serial	WZ931	de Havilland	DH.112FAW.53	Australia
22511	NZ	ZK- registration	ZK-VNM	de Havilland	DH.112FB.4	New Zealand
14710	GB	G- registration	G-AOTI	de Havilland	DH.114	United Kingdom
21998	AU	VH- registration	VH-NJI	de Havilland	DH.114	Australia
22174	AU	VH- registration	VH-CLV	de Havilland	DH.114	Australia
22175	AU	VH- registration	VH-CLZ	de Havilland	DH.114	Australia
22512	NZ	ZK- registration	ZK-BBM	de Havilland	DH.114-1B	New Zealand
23163	NO	LN- registration	LN-BFY	de Havilland	DH.114-1B	Norway
14115	GB	RAF two-letter serial	XR443	de Havilland	DH.114-2	United Arab Emirates
21797	AU	VH- registration	VH-CLW	de Havilland	DH.114-2	Australia
22114	AU	VH- registration	VH-KAM	de Havilland	DH.114-2D/A1	Australia
22228	AU	RAAF A-series serial	A79-616	de Havilland	DH.115T Mk 35	Australia
22262	AU	RAAF A-series serial	A79-636	de Havilland	DH.115T Mk 35	Australia
22283	AU	RAAF A-series serial	A79-666	de Havilland Australia	DH.115T Mk 35	Australia
21752	AU	RAAF A-series serial	A79-819	de Havilland	DH.115T Mk 35A	Australia
21753	AU	RAAF A-series serial	A79-835	de Havilland	DH.115T Mk 35A	Australia
22109	AU	RAAF A-series serial	A79-828	de Havilland Australia	DH.115T Mk 35A	Australia
22193	AU	RAAF A-series serial	A79-822	de Havilland Australia	DH.115T Mk 35A	Australia
22282	AU	RAAF A-series serial	A79-804	de Havilland Australia	DH.115T Mk 35A	Australia
22441	NZ	RNZAF serial	NZ5710	de Havilland	DH.115T.11	New Zealand
22473	NZ	RNZAF serial	NZ5707	de Havilland	DH.115T.11	New Zealand
21779	GB	RAF two-letter serial	XA101	de Havilland	DH.115T.22	Australia
21892	GB	RAF two-letter serial	XG770	de Havilland	DH.115T.22	Australia
21758	AU	RAAF A-series serial	A79-638	de Havilland	DH.115T.35	Australia
21759	AU	RAAF A-series serial	A79-651	de Havilland	DH.115T.35	Australia
21760	AU	RAAF A-series serial	A79-663	de Havilland	DH.115T.35	Australia
21954	AU	RAAF A-series serial	A79-637	de Havilland	DH.115T.35	Australia
21955	AU	RAAF A-series serial	A79-665	de Havilland	DH.115T.35	Australia
22022	AU	RAAF A-series serial	A79-602	de Havilland	DH.115T.35	Australia
22342	AU	RAAF A-series serial	A79-617	de Havilland	DH.115T.35	Australia
22355	AU	RAAF A-series serial	A79-642	de Havilland	DH.115T.35	Australia
22357	AU	RAAF A-series serial	A79-612	de Havilland	DH.115T.35	Australia
21702	AU	RAAF A-series serial	A79-821	de Havilland	DH.115T.35A	Australia
14711	GB	G- registration	G-ARYC	de Havilland	DH.125Series 1	United Kingdom
14712	GB	G- registration	G-ARYA	de Havilland	DH.125Series 1	United Kingdom
7684	US	N-number	N123DH	Airco	DH.2	United States
22698	NZ	ZK- registration	ZK-JOJ	Airco	DH.2	New Zealand
22699	NZ	ZK- registration	ZK-JOQ	Airco	DH.5	New Zealand
16014	GB	G- registration	G-EBIR	de Havilland	DH.51	United Kingdom
14684	GB	RAF pre-war single-letter serial	J7326	de Havilland	DH.53	United Kingdom
16015	GB	G- registration	G-EBHX	de Havilland	DH.53	United Kingdom
21495	CA	CF- registration	CF-OVE	de Havilland	DH.53Hummingbird	Canada
16016	GB	G- registration	G-EBLV	de Havilland	DH.60	United Kingdom
21567	AU	VH- registration	VH-UKV	de Havilland	DH.60	Australia
23238	NO	LN- registration	LN-KFM	de Havilland	DH.60	Norway
21772	AU	RAAF A-series serial	A7-75	de Havilland	DH.60G	Australia
15968	GB	G- registration	G-AAAH	de Havilland	DH.60G Gipsy Moth	United Kingdom
20678	CA	CF- registration	CF-APA	de Havilland	DH.60GM Gipsy Moth	Canada
21211	CA	CF- registration	CF-AGX	de Havilland	DH.60M Gipsy Moth	Canada
21387	CA	CF- registration	CF-AAU	de Havilland	DH.60M Gipsy Moth	Canada
21496	CA	CF- registration	CF-ADI	de Havilland	DH.60M Gipsy Moth	Canada
23699	FI	OH- registration	OH-ILA	de Havilland	DH.60Moth	Finland
22059	AU	VH- registration	VH-UAU	de Havilland	DH.60X	Australia
20420	CA	G-C Canadian Empire-era mark	G-CYYG	de Havilland	DH.60X Moth	Canada
23679	FI	OH- registration	OH-EJA	de Havilland	DH.60X Moth	Finland
16017	GB	G- registration	G-EBWD	de Havilland	DH.60X	United Kingdom
22013	CA	CF- registration	CF-APK	de Havilland	DH.80A	Australia
22541	NZ	ZK- registration	ZK-ACX	de Havilland	DH.80A	New Zealand
16059	GB	G- registration	G-AEOA	de Havilland	DH.80A	United Kingdom
7008	GB	RAF two-letter serial	DE664	de Havilland	DH.82A	United States
8870	GB	RAF pre-war single-letter serial	T7245	de Havilland	DH.82A	Malaysia
12810	GB	RAF two-letter serial	DF130	de Havilland	DH.82A	Chile
13949	IN	VT- registration	VT-CUI	de Havilland	DH.82A	India
19516	IL	4X- registration	4X-AAT	de Havilland	DH.82A	Israel
19770	DE	D- registration	D-ESYS	de Havilland	DH.82A	Turkey
20173	GB	RAF two-letter serial	PG680	de Havilland	DH.82A	United States
21568	AU	RAAF A-series serial	A17-377	de Havilland Australia	DH.82A	Australia
21703	AU	RAAF A-series serial	A17-161	de Havilland Australia	DH.82A	Australia
21749	AU	RAAF A-series serial	A17-104	de Havilland Australia	DH.82A	Australia
21750	AU	RAAF A-series serial	A17-242	de Havilland Australia	DH.82A	Australia
21773	AU	RAAF A-series serial	A17-680	de Havilland	DH.82A	Australia
21812	AU	VH- registration	VH-AMP	de Havilland Australia	DH.82A	Australia
21820	AU	RAAF A-series serial	A17-4	de Havilland	DH.82A	Australia
21842	AU	VH- registration	VH-HPH	de Havilland Australia	DH.82A	Australia
21953	AU	RAAF A-series serial	A17-394	de Havilland	DH.82A	Australia
22034	GB	RAF pre-war single-letter serial	T5458	de Havilland	DH.82A	Australia
22050	AU	RAAF A-series serial	A17-588	de Havilland Australia	DH.82A	Australia
22113	AU	VH- registration	VH-BKS	de Havilland	DH.82A	Australia
22224	AU	RAAF A-series serial	A17-692	de Havilland Australia	DH.82A	Australia
22225	AU	RAAF A-series serial	A17-711	de Havilland Australia	DH.82A	Australia
22338	AU	RAAF A-series serial	A17-691	de Havilland	DH.82A	Australia
22420	AU	RAAF A-series serial	A17-704	de Havilland	DH.82A	Australia
22443	NZ	RNZAF serial	NZ1481	de Havilland	DH.82A	New Zealand
22475	NZ	ZK- registration	ZK-CDU	de Havilland	DH.82A	New Zealand
22508	NZ	ZK- registration	ZK-AVJ	de Havilland	DH.82A	New Zealand
22542	NZ	ZK- registration	ZK-ALK	de Havilland	DH.82A	New Zealand
22543	NZ	ZK- registration	ZK-ARZ	de Havilland	DH.82A	New Zealand
22544	NZ	ZK- registration	ZK-ASV	de Havilland	DH.82A	New Zealand
22545	NZ	ZK- registration	ZK-BFH	de Havilland	DH.82A	New Zealand
22546	NZ	ZK- registration	ZK-BAH	de Havilland	DH.82A	New Zealand
22547	NZ	ZK- registration	ZK-AIB	de Havilland	DH.82A	New Zealand
22548	NZ	ZK- registration	ZK-BRC	de Havilland	DH.82A	New Zealand
22591	NZ	ZK- registration	ZK-BLM	de Havilland	DH.82A	New Zealand
22605	NZ	ZK- registration	ZK-AIN	de Havilland	DH.82A	New Zealand
22606	NZ	ZK- registration	ZK-BAD	de Havilland	DH.82A	New Zealand
22659	NZ	ZK- registration	ZK-TTM	de Havilland	DH.82A	New Zealand
22740	NZ	ZK- registration	ZK-BQB	de Havilland	DH.82A	New Zealand
22746	NZ	ZK- registration	ZK-TGR	de Havilland	DH.82A	New Zealand
22753	NZ	ZK- registration	ZK-AOX	de Havilland	DH.82A	New Zealand
22764	NZ	ZK- registration	ZK-AJO	de Havilland	DH.82A	New Zealand
23263	GB	British serial (maker is a UK airframe builder)	N6972	de Havilland	DH.82A	Norway
23363	DK	OY- registration	OY-ECH	de Havilland	DH.82A	Denmark
23415	SE	SE- registration	SE-GXO	de Havilland	DH.82A	Denmark
23433	DK	OY- registration	OY-BAK	de Havilland	DH.82A	Denmark
25586	US	N-number	N82AZ	de Havilland	DH.82A	United States
16901	DE	D- registration	D-EFTN	de Havilland	DH.82A Tiger Moth	Germany
17240	DE	D- registration	D-EDAH	de Havilland	DH.82A Tiger Moth	Germany
17619	GB	RAF pre-war single-letter serial	T6390	de Havilland	DH.82A Tiger Moth	Germany
17808	DE	D- registration	D-EHHT	de Havilland	DH.82A Tiger Moth	Germany
5909	US	N-number	N667EA	de Havilland	DH.82C	United States
20421	CA	C-F/G registration	C-GDWI	de Havilland	DH.82C	Canada
21388	CA	C-F/G registration	C-FBSP	de Havilland	DH.82C	Canada
21389	CA	C-F/G registration	C-FCOF	de Havilland	DH.82C	Canada
21390	CA	CF- registration	CF-FYW	de Havilland	DH.82C	Canada
25584	US	N-number	N82CZ	de Havilland	DH.82C	United States
25585	US	N-number	N3104B	de Havilland	DH.82C	United States
19195	FR	F- registration	F-AZDH	de Havilland	DH.82C Tiger Moth	France
13343	IN	VT- registration	VT-DBK	de Havilland	DH.82Tiger Moth	India
22549	NZ	ZK- registration	ZK-ADI	de Havilland	DH.83	New Zealand
22550	NZ	ZK- registration	ZK-AQB	de Havilland	DH.83C	New Zealand
22607	NZ	ZK- registration	ZK-APT	de Havilland	DH.83C	New Zealand
17620	GB	G- registration	G-ACEJ	de Havilland	DH.83Fox Moth	Germany
21363	CA	CF- registration	CF-BNP	de Havilland	DH.83Fox Moth	Canada
21518	CA	CF- registration	CF-BNI	de Havilland	DH.83Fox Moth	Canada
22226	AU	RAAF A-series serial	A34-92	de Havilland	DH.84	Australia
13342	IN	VT- registration	VT-AKH	de Havilland	DH.85	India
22551	NZ	ZK- registration	ZK-ARG	de Havilland	DH.85	New Zealand
21228	CA	CF- registration	CF-AYG	de Havilland	DH.87A Hornet Moth	Canada
14687	GB	G- registration	G-ADOT	de Havilland	DH.87B	United Kingdom
22552	NZ	ZK- registration	ZK-AHR	de Havilland	DH.87B	New Zealand
23364	DK	OY- registration	OY-DEZ	de Havilland	DH.87B	Denmark
14688	GB	G- registration	G-ACSR	de Havilland	DH.88	United Kingdom
16019	GB	G- registration	G-ACSS	de Havilland	DH.88	United Kingdom
8335	US	N-number	N2290B	de Havilland	DH.89A	United States
11054	BR	PP- registration	PP-VAN	de Havilland	DH.89A	Brazil
19661	TR	TC- registration	TC-HAD	de Havilland	DH.89A	Turkey
20249	US	N-number	N1934D	de Havilland	DH.89A	United States
22608	NZ	ZK- registration	ZK-AHS	de Havilland	DH.89A	New Zealand
23414	DK	OY- registration	OY-AAO	de Havilland	DH.89A	Denmark
23761	IS	TF- registration	TF-ISM	de Havilland	DH.89A	Iceland
16601	DE	D- registration	D-IGUN	de Havilland	DH.89A Dragon Rapide	Germany
16900	DE	D- registration	D-ILIT	de Havilland	DH.89A Dragon Rapide	Germany
21295	CA	CF- registration	CF-PTK	de Havilland	DH.89A Dragon Rapide	Canada
22554	NZ	ZK- registration	ZK-AKS	de Havilland	DH.89B	New Zealand
22555	NZ	ZK- registration	ZK-AKY	de Havilland	DH.89B	New Zealand
17621	DE	D- registration	D-IKFG	de Havilland	DH.89Dragon Rapide	Germany
16184	GB	RAF two-letter serial	RL962	de Havilland	DH.89II	United Kingdom
16299	GB	G- registration	G-AJHO	de Havilland	DH.89 Dragon Rapide DH.89A	United Kingdom
22397	GB	G- registration	G-EAQM	Airco	DH.9	Australia
22556	NZ	ZK- registration	ZK-AYR	de Havilland	DH.90	New Zealand
21715	AU	VH- registration	VH-THT	de Havilland	DH.94	Australia
21751	AU	RAAF A-series serial	A21-42	de Havilland	DH.94	Australia
21774	AU	VH- registration	VH-AGT	de Havilland	DH.94	Australia
22558	NZ	ZK- registration	ZK-AJX	de Havilland	DH.94	New Zealand
22559	NZ	ZK- registration	ZK-AJR	de Havilland	DH.94	New Zealand
5913	US	N-number	N35MK	de Havilland	DH.98B.35	United States
20422	GB	RAF two-letter serial	VP189	de Havilland	DH.98B.35	Canada
20262	US	N-number	N114KA	de Havilland Canada	DH.98FB Mk 26	United States
22024	AU	RAAF A-series serial	A52-28	de Havilland	DH.98FB.40	Australia
21775	GB	RAF two-letter serial	HR621	de Havilland	DH.98FB.VI	Australia
22569	NZ	RNZAF serial	NZ2328	de Havilland	DH.98FB.VI	New Zealand
22708	NZ	RNZAF serial	NZ2336	de Havilland	DH.98FB.VI	New Zealand
21510	GB	RAF two-letter serial	VR796	de Havilland	DH.98Mosquito B.35	Canada
22261	AU	RAAF A-series serial	A52-600	de Havilland	DH.98PR Mk XVI	Australia
20545	GB	RAF two-letter serial	RS700	de Havilland	DH.98PR.35	Canada
22388	AU	RAAF A-series serial	A52-319	de Havilland	DH.98PR.41	Australia
22609	NZ	RNZAF serial	NZ2305	de Havilland Australia	DH.98T.43	New Zealand
21958	AU	VH- registration	VH-DHM	de Havilland Australia	DHA-3	Australia
21799	AU	VH- registration	VH-FDC	de Havilland Australia	DHA-3Mk 3	Australia
22106	AU	VH- registration	VH-FDR	de Havilland Australia	DHA-3Mk 3	Australia
22107	AU	VH- registration	VH-FDS	de Havilland Australia	DHA-3Mk 3	Australia
5716	US	US registration (maker is not a UK airframe builder)	N1366	de Havilland Canada	DHC-1	United States
13267	UY	CX- registration	CX-AVA	de Havilland Canada	DHC-1	Uruguay
18143	FR	F- registration	F-AZSM	de Havilland Canada	DHC-1	France
25588	US	N-number	N19547	de Havilland Canada	DHC-1	United States
22560	NZ	ZK- registration	ZK-CVR	de Havilland Canada	DHC-1-1A-2	New Zealand
13268	GB	G- registration	G-ANOW	de Havilland Canada	DHC-1-22	Uruguay
22363	AU	VH- registration	VH-BCA	de Havilland Canada	DHC-1-22	Australia
22747	NZ	ZK- registration	ZK-CHP	de Havilland Canada	DHC-1-22A	New Zealand
5787	US	N-number	N13Y	De Havilland Canada	DHC-1A	United States
7104	US	N-number	N824KM	de Havilland Canada	DHC-1B	United States
5917	US	N-number	N1114V	de Havilland Canada	DHC-1B-2	United States
6592	US	N-number	N11PB	de Havilland Canada	DHC-1B-2	United States
26937	US	N-number	N6311V	de Havilland Canada	DHC-1B-2	United States
25587	US	N-number	N18024	de Havilland Canada	DHC-1B-2-S3	United States
21006	GB	RAF two-letter serial	WB550	de Havilland Canada	DHC-1Chipmunk	Canada
17094	GB	RAF two-letter serial	WG466	de Havilland Canada	DHC-1Chipmunk T.10	Germany
23362	DK	OY- registration	OY-FLV	de Havilland Canada	DHC-1Mk.22	Denmark
22115	AU	VH- registration	VH-RVV	de Havilland Canada	DHC-1T Mk 10	Australia
19306	IR	EP- registration	EP-AFN	de Havilland Canada	DHC-1T.10	Iran
20282	US	N-number	N559WK	de Havilland Canada	DHC-1T.10	United States
38406	GB	RAF two-letter serial	WG354	de Havilland Canada	DHC-1T.10	South Africa
22688	NZ	ZK- registration	ZK-UAS	de Havilland Canada	DHC-1T.22	New Zealand
5669	US	N-number	N682AF	de Havilland Canada	DHC-2	United States
6199	GB	G- registration	G-DHCZ	de Havilland Canada	DHC-2	United Kingdom
22439	NZ	ZK- registration	ZK-CMW	de Havilland Canada	DHC-2	New Zealand
22689	NZ	ZK- registration	ZK-CKH	de Havilland Canada	DHC-2	New Zealand
23768	US	N-number	N610LC	de Havilland Canada	DHC-2	Iceland
14032	GB	RAF two-letter serial	XP824	de Havilland Canada	DHC-2AL.1	Oman
20617	CA	CF- registration	CF-OBS	de Havilland Canada	DHC-2Beaver	Canada
21393	CA	C-F/G registration	C-FZCO	de Havilland Canada	DHC-2Beaver	Canada
23551	FI	OH- registration	OH-MVM	de Havilland Canada	DHC-2Beaver	Finland
23595	FI	OH- registration	OH-MVL	de Havilland Canada	DHC-2Beaver	Finland
21129	CA	CF- registration	CF-FHB	de Havilland Canada	DHC-2Beaver I	Canada
21351	CA	C-F/G registration	C-FMAA	de Havilland Canada	DHC-2Beaver Mk I	Canada
23246	CA	C-F/G registration	C-FIKT	de Havilland Canada	DHC-3	Norway
20619	CA	CF- registration	CF-ODU	de Havilland Canada	DHC-3Otter	Canada
21520	CA	CF- registration	CF-MPW	de Havilland Canada	DHC-3Otter	Canada
21616	AU	RAAF A-series serial	A4-195	de Havilland Canada	DHC-4	Australia
21626	AU	RAAF A-series serial	A4-228	de Havilland Canada	DHC-4	Australia
21959	AU	RAAF A-series serial	A4-179	de Havilland Canada	DHC-4	Australia
21960	AU	RAAF A-series serial	A4-210	de Havilland Canada	DHC-4	Australia
21961	AU	RAAF A-series serial	A4-234	de Havilland Canada	DHC-4	Australia
21999	AU	RAAF A-series serial	A4-275	de Havilland Canada	DHC-4	Australia
22040	AU	RAAF A-series serial	A4-204	de Havilland Canada	DHC-4	Australia
22041	AU	RAAF A-series serial	A4-231	de Havilland Canada	DHC-4	Australia
22116	AU	RAAF A-series serial	A4-173	de Havilland Canada	DHC-4	Australia
22117	AU	RAAF A-series serial	A4-159	de Havilland Canada	DHC-4	Australia
22184	AU	RAAF A-series serial	A4-236	de Havilland Canada	DHC-4	Australia
22206	AU	RAAF A-series serial	A4-199	de Havilland Canada	DHC-4	Australia
22229	AU	RAAF A-series serial	A4-152	de Havilland Canada	DHC-4	Australia
22277	AU	RAAF A-series serial	A4-285	de Havilland Canada	DHC-4	Australia
22305	AU	RAAF A-series serial	A4-225	de Havilland Canada	DHC-4	Australia
22413	AU	RAAF A-series serial	A4-140	de Havilland Canada	DHC-4	Australia
6610	US	US registration (maker is not a UK airframe builder)	N6080	de Havilland Canada	DHC-4A	United States
23264	NO	LN- registration	LN-LMN	de Havilland Canada	DHC-6-200	Norway
20891	CA	CF- registration	CF-PAT	de Havilland Canada	DHC-6Twin Otter	Canada
3976	US	N-number	N765MC	de Havilland Canada	DHC-7-102	United States
21133	CA	C-F/G registration	C-GNBX	de Havilland Canada	DHC-7Dash 7	Canada
17825	DE	D- registration	D-IBUF	Dornier	Do 128-6	Germany
16758	DE	D- registration	D-ICOS	Dornier	Do 228	Germany
16759	DE	D- registration	D-CAWI	Dornier	Do 228	Germany
16760	DE	D- registration	D-CICE	Dornier	Do 228	Germany
23763	IS	TF- registration	TF-ADD	Dornier	Do 228	Iceland
16761	DE	D- registration	D-ICDO	Dornier	Do 228-200	Germany
17636	DE	Bundeswehr NN+NN	57+01	Dornier	Do 228-212	Germany
16746	DE	D- registration	D-CIDO	Dornier	Do 24ATT	Germany
16955	DE	Bundeswehr NN+NN	56+13	Dornier	Do 27A-1	Germany
16704	DE	Bundeswehr NN+NN	56+66	Dornier	Do 27A-4	Germany
16747	DE	Bundeswehr NN+NN	57+45	Dornier	Do 27A-4	Germany
16748	DE	D- registration	D-EFSU	Dornier	Do 27A-4	Germany
16749	DE	D- registration	D-EKUI	Dornier	Do 27A-4	Germany
16751	DE	Bundeswehr NN+NN	55+75	Dornier	Do 27A-4	Germany
16849	DE	D- registration	D-ENTE	Dornier	Do 27A-4	Germany
17159	DE	Bundeswehr NN+NN	57+38	Dornier	Do 27A-4	Germany
17292	DE	D- registration	D-EFSV	Dornier	Do 27A-4	Germany
17622	DE	D- registration	D-EOAK	Dornier	Do 27A-4	Germany
17741	DE	D- registration	D-EQXG	Dornier	Do 27A-4	Germany
18086	DE	D- registration	D-EITE	Dornier	Do 27A-4	Germany
26061	US	US registration (maker is not a UK airframe builder)	N5667	Dornier	Do 27B-1	United States
17406	DE	D- registration	D-EFFA	Dornier	Do 27B-2	Germany
17407	DE	D- registration	D-ELTT	Dornier	Do 27B-3	Germany
16752	DE	D- registration	D-ILPB	Dornier	Do 28	Germany
16754	DE	D- registration	D-IFNT	Dornier	Do 28	Germany
23762	IS	TF- registration	TF-LOW	Dornier	Do 28B	Iceland
19818	TR	TC- registration	TC-TRO	Dornier	Do 28D-1	Turkey
16965	DE	D- registration	D-IFZO	Dornier	Do 28D-1 Skyservant	Germany
14140	NE	5U- registration	5U-MBA	Dornier	Do 28D-2	Niger
16753	DE	Bundeswehr NN+NN	58+85	Dornier	Do 28D-2	Germany
17293	DE	D- registration	D-IFMP	Dornier	Do 28D-2	Germany
17487	DE	Bundeswehr NN+NN	58+68	Dornier	Do 28D-2	Germany
18087	DE	D- registration	D-IBSW	Dornier	Do 28D-2	Germany
19800	TR	TC- registration	TC-TRN	Dornier	Do 28D-2	Turkey
19986	TR	TC- registration	TC-TRL	Dornier	Do 28D-2	Turkey
16546	DE	Bundeswehr NN+NN	59+14	Dornier	Do 28D-2 Skyservant	Germany
16547	DE	Bundeswehr NN+NN	59+19	Dornier	Do 28D-2 Skyservant	Germany
16548	DE	Bundeswehr NN+NN	59+22	Dornier	Do 28D-2 Skyservant	Germany
16919	DE	Bundeswehr NN+NN	58+34	Dornier	Do 28D-2 Skyservant	Germany
16948	DE	Bundeswehr NN+NN	58+90	Dornier	Do 28D-2 Skyservant	Germany
17472	DE	Bundeswehr NN+NN	58+95	Dornier	Do 28D-2 Skyservant	Germany
16711	DE	D- registration	D-HOPA	Dornier	Do 32K Kiebitz	Germany
16762	DE	D- registration	D-BEJR	Dornier	Do 32K Kiebitz	Germany
24668	US	N-number	N47166	Sopwith	Dolphin	United States
14674	GB	RAF two-letter serial	XS727	Hawker Siddeley	Dominie T.1	United Kingdom
15487	GB	RAF two-letter serial	XS726	Hawker Siddeley	Dominie T.1	United Kingdom
15812	GB	RAF two-letter serial	XS709	Hawker Siddeley	Dominie T.1	United Kingdom
16236	GB	RAF two-letter serial	XS735	Hawker Siddeley	Dominie T.1	United Kingdom
23392	DK	OY- registration	OY-XIT	Raab	Doppelraab IV	Denmark
17416	CH	HB- registration	HB-MSK	Hirth	Doppelraab V	Germany
23304	NO	LN- registration	LN-GAT	Raab-Flugzeugbau	Doppelraab V	Norway
24123	US	N-number	N749AA	American Aerolights	Double Eagle	United States
16048	GB	G- registration	G-EAGA	Sopwith	Dove	United Kingdom
6197	GB	G- registration	G-ALFU	de Havilland	Dove	United Kingdom
14200	GB	G- registration	G-ANUW	de Havilland	Dove	United Kingdom
15256	GB	G- registration	G-ALCU	de Havilland	Dove	United Kingdom
15466	GB	G- registration	G-AHRI	de Havilland	Dove	United Kingdom
15558	GB	G- registration	G-ANOV	de Havilland	Dove-6	United Kingdom
14699	GB	G- registration	G-AREA	de Havilland	Dove-8	United Kingdom
3000	US	N-number	N113PC	Fokker	Dr.I	United States
5936	US	N-number	N105RF	Fokker	Dr.I	United States
7685	US	N-number	N232DL	Fokker	Dr.I	United States
8143	US	N-number	N152RB	Fokker	Dr.I	United States
12819	CL	CC- registration	CC-DMB	Fokker	Dr.I	Chile
16902	DE	D- registration	D-EFTJ	Fokker	Dr.I	Germany
20166	US	N-number	N6404Q	Fokker	Dr.I	United States
20232	US	N-number	N917RB	Fokker	Dr.I	United States
20233	US	N-number	N14TJ	Fokker	Dr.I	United States
20234	US	N-number	N900TP	Fokker	Dr.I	United States
20235	US	N-number	N35PH	Fokker	Dr.I	United States
20859	CA	C-F/G registration	C-GFJK	Fokker	Dr.I	Canada
20860	CA	C-F/G registration	C-GDRI	Fokker	Dr.I	Canada
22712	NZ	ZK- registration	ZK-FOC	Fokker	Dr.I	New Zealand
22713	NZ	ZK- registration	ZK-FOK	Fokker	Dr.I	New Zealand
22714	NZ	ZK- registration	ZK-FOT	Fokker	Dr.I	New Zealand
22715	NZ	ZK- registration	ZK-JOB	Fokker	Dr.I	New Zealand
22716	NZ	ZK- registration	ZK-JOC	Fokker	Dr.I	New Zealand
22717	NZ	ZK- registration	ZK-JOG	Fokker	Dr.I	New Zealand
22718	NZ	ZK- registration	ZK-JOK	Fokker	Dr.I	New Zealand
24634	US	N-number	N220TP	Fokker	Dr.I	United States
25198	US	N-number	N425FK	Fokker	Dr.I	United States
25768	US	N-number	N94TG	Fokker	Dr.I	United States
22122	AU	VH- registration	VH-ALU	Fokker	Dr.I	Australia
15555	AU	VH- registration	VH-SNB	de Havilland	Dragon DH.84	United Kingdom
14802	GB	G- registration	G-AKIF	de Havilland	Dragon Rapide	United Kingdom
14803	GB	G- registration	G-AIDL	de Havilland	Dragon Rapide	United Kingdom
14714	GB	G- registration	G-AKDW	de Havilland	Dragon Rapide	United Kingdom
16052	GB	G- registration	G-AGSH	de Havilland	Dragon Rapide	United Kingdom
7873	US	N-number	N202RG	Viking	Dragonfly	United States
20666	CA	CF- registration	CF-IDB	Nelson	Dragonfly BB-1	Canada
15360	GB	RAF two-letter serial	WP495	Westland	Dragonfly HR.3	United Kingdom
21915	GB	RAF two-letter serial	WG725	Westland	Dragonfly HR.3	Australia
14860	GB	RAF two-letter serial	VX595	Westland	Dragonfly HR.5	United Kingdom
14879	GB	RAF two-letter serial	WN493	Westland	Dragonfly HR.5	United Kingdom
15079	GB	RAF two-letter serial	WG719	Westland	Dragonfly HR.5	United Kingdom
15135	GB	RAF two-letter serial	WG751	Westland	Dragonfly HR.5	United Kingdom
15407	GB	RAF two-letter serial	WG724	Westland	Dragonfly HR.5	United Kingdom
16202	GB	RAF two-letter serial	WN499	Westland	Dragonfly HR.5	United Kingdom
16518	GB	RAF two-letter serial	WH991	Westland	Dragonfly HR.5	United Kingdom
18126	DE	D- registration	D-EJUL	Viking	Dragonfly Mk.I	Germany
5962	US	N-number	N4453H	Stits	DS-1	United States
21536	CA	CF- registration	CF-RKN	Smith	DSA-1Miniplane	Canada
10636	US	US registration (maker is not a UK airframe builder)	N8599	Waco	DSO	United States
7132	US	N-number	N14757	Taylor	E-2	United States
10621	US	N-number	N12610	Taylor	E-2	United States
25773	US	N-number	N12664	Taylor	E-2	United States
21069	CA	C-F/G registration	C-GCGE	Taylor	E-2Cub	Canada
20503	CA	CF- registration	CF-ASY	Eastman	E-2Sea Rover	Canada
6432	US	N-number	N3363G	Fokker	E.III	United States
7506	US	N-number	N13FE	Fokker	E.III	United States
20227	US	N-number	N915E	Fokker	E.III	United States
20228	US	N-number	N8105D	Fokker	E.V	United States
8048	US	N-number	N404T	Beechcraft	E18S	United States
12746	CL	CC- registration	CC-CAK	Beechcraft	E18S	Chile
10958	BO	CP- registration	CP-3130	Embraer	E190	Brazil
17923	DE	D- registration	D-ITMS	Beechcraft	E50Twin Bonanza	Germany
9902	US	N-number	N43320	Boeing	E75	United States
6638	US	N-number	N199X	Extra	EA 300L	United States
5926	US	N-number	N41ET	Christen	Eagle I-F	United States
5925	US	N-number	N2FC	Christen	Eagle II	United States
6293	US	N-number	N4221H	Christen	Eagle II	United States
8173	US	N-number	N6LA	Christen	Eagle II	United States
6388	US	US registration (maker is not a UK airframe builder)	N4648	Alexander	Eaglerock	United States
10497	US	US registration (maker is not a UK airframe builder)	N5075	Alexander Aircraft	Eaglerock	United States
26934	US	US registration (maker is not a UK airframe builder)	N2568	Alexander	Eaglerock	United States
9678	US	US registration (maker is not a UK airframe builder)	N5914	Alexander	Eaglerock	United States
10333	US	N-number	N475V	American Eaglecraft	Eaglet-230K	United States
10332	US	N-number	N487V	American Eaglecraft	Eaglet-231	United States
10499	US	N-number	N595Y	American Eagle	Eaglet B-31	United States
26924	US	N-number	N17007	American Eagle	Eaglet B-31	United States
15828	GB	RAF two-letter serial	ZF534	British Aerospace	EAP	United Kingdom
20578	CA	C-F/G registration	C-IBYE	UFM	Easy Riser	Canada
3927	US	USAF/US Army fiscal-year serial	53-2135	Boeing	EB-47E	United States
389	US	USAF/US Army fiscal-year serial	55-4253	Martin	EB-57A	United States
151	US	USAF/US Army fiscal-year serial	52-1519	Martin	EB-57B	United States
7896	US	USAF/US Army fiscal-year serial	52-1526	Martin	EB-57B	United States
10139	US	USAF/US Army fiscal-year serial	52-1516	Martin	EB-57B	United States
25280	US	USAF/US Army fiscal-year serial	52-1500	Martin	EB-57B	United States
8061	US	USAF/US Army fiscal-year serial	55-4279	Martin	EB-57E	United States
8188	US	USAF/US Army fiscal-year serial	55-4293	Martin	EB-57E	United States
7405	US	USAF/US Army fiscal-year serial	54-0155	Lockheed	EC-121S	United States
383	US	USAF/US Army fiscal-year serial	52-3417	Lockheed	EC-121T	United States
4497	US	USAF/US Army fiscal-year serial	53-0554	Lockheed	EC-121T	United States
7716	US	USAF/US Army fiscal-year serial	52-3418	Lockheed	EC-121T	United States
8062	US	USAF/US Army fiscal-year serial	52-3425	Lockheed	EC-121T	United States
24143	US	USAF/US Army fiscal-year serial	63-7773	Lockheed	EC-130E	United States
25699	US	USAF/US Army fiscal-year serial	62-1857	Lockheed	EC-130E	United States
8297	US	USAF/US Army fiscal-year serial	61-0287	Boeing	EC-135A	United States
27067	US	USAF/US Army fiscal-year serial	61-0262	Boeing	EC-135A	United States
8249	US	USAF/US Army fiscal-year serial	63-8049	Boeing	EC-135C	United States
3928	US	USAF/US Army fiscal-year serial	63-8057	Boeing	EC-135J	United States
26510	US	USAF/US Army fiscal-year serial	61-0269	Boeing	EC-135L	United States
24958	US	USAF/US Army fiscal-year serial	61-0327	Boeing	EC-135N	United States
12915	CL	CC- registration	CC-PZC	ENAER	ECH-02	Chile
20958	CA	C-F/G registration	C-GIWY	Amateur-built	Edelweiss	Canada
17098	DE	Bundeswehr NN+NN	30+39	Eurofighter	EF 2000	Germany
17160	DE	Bundeswehr NN+NN	20+12	Eurofighter	EF 2000	Germany
17840	DE	Bundeswehr NN+NN	98+29	Eurofighter	EF 2000DA1	Germany
6712	US	USAF/US Army fiscal-year serial	66-0016	General Dynamics	EF-111A	United States
6622	US	N-number	N17749	Waco	EGC-7	United States
25418	US	USAF/US Army fiscal-year serial	69-15905	Bell	EH-1X	United States
9851	US	USAF/US Army fiscal-year serial	85-24474	Sikorsky	EH-60A	United States
15045	GB	RAF two-letter serial	ZJ116	EH Industries	EH101Heliliner	United Kingdom
15044	GB	RAF two-letter serial	ZH647	EH Industries	EH101PP3	United Kingdom
17415	DE	D- registration	D-EHCI	Grade	Eindecker	Germany
16038	GB	G- registration	G-AAIN	Parnall	Elf II	United Kingdom
16970	DE	Bundeswehr NN+NN	97+07	Putzer	Elster B	Germany
11009	BR	PP- registration	PP-SBI	Embraer	EMB-110	Brazil
11210	BR	PP- registration	PP-ZDF	Embraer	EMB-110	Brazil
11218	BR	PP- registration	PP-SCD	Embraer	EMB-110	Brazil
11273	BR	PT- registration	PT-WBR	Embraer	EMB-110	Brazil
11276	BR	PT- registration	PT-WBG	Embraer	EMB-110	Brazil
11267	BR	PT- registration	PT-LGB	Embraer	EMB-110C	Brazil
14126	GA	TR- registration	TR-KNC	Embraer	EMB-110P	Gabon
15320	GB	G- registration	G-BGYT	Embraer	EMB-110P1 Bandeirante	Isle of Man
10874	BR	PP- registration	PP-ISF	Embraer	EMB-120	Brazil
11010	BR	PT- registration	PT-ZBA	Embraer	EMB-120	Brazil
11019	BR	PR- registration	PR-AOA	Embraer	EMB-120	Brazil
11220	BR	PR- registration	PR-OAN	Embraer	EMB-120	Brazil
11011	BR	PP- registration	PP-ZXI	Embraer	EMB-121	Brazil
16362	GB	G- registration	G-BTUC	Embraer	EMB-312Tucano	United Kingdom
11013	BR	PT- registration	PT-ZTW	Embraer	EMB-314	Brazil
10975	BR	PP- registration	PP-XOH	Embraer	EMB-500	Brazil
11245	PY	ZP- registration	ZP-BLY	Embraer	EMB-721	Brazil
27030	US	N-number	N142V	Piel	Emeraude	United States
9712	US	N-number	N54144	Piel	Emeraude CP-30	United States
21654	AU	VH- registration	VH-GHE	Pascoe	EP-1	Australia
21276	CA	CF- registration	CF-NWI	Edgar Percival	EP.9Prospector	Canada
24482	US	N-number	N19C	Backstrom	EPB-1C	United States
20904	CA	CF- registration	CF-AZM	Waco	EQC-6	Canada
132	US	N-number	N2640H	ERCO	Ercoupe	United States
27029	US	N-number	N99208	Engineering and Research	Ercoupe-415-C	United States
18146	FR	F- registration	F-AZOV	Erco	Ercoupe-415-C	France
21270	CA	CF- registration	CF-GLZ	Erco	Ercoupe-415-G	Canada
22516	NZ	ZK- registration	ZK-EXC	Erco	Ercoupe-415D	New Zealand
11070	BR	PT- registration	PT-ZJA	Embraer	ERJ 140	Brazil
21726	AU	VH- registration	VH-GRE	Schneider	ES-57	Australia
21667	AU	VH- registration	VH-GFO	Edmund Schneider	ES.49	Australia
21668	AU	VH- registration	VH-GFL	Edmund Schneider	ES.49B	Australia
21669	AU	VH- registration	VH-GHP	Edmund Schneider	ES.50	Australia
21670	AU	VH- registration	VH-GFF	Edmund Schneider	ES.52	Australia
21803	AU	VH- registration	VH-GNM	Schneider	ES.52	Australia
21671	AU	VH- registration	VH-GHI	Edmund Schneider	ES.54	Australia
21672	AU	VH- registration	VH-GDH	Edmund Schneider	ES.57	Australia
21673	AU	VH- registration	VH-GNH	Edmund Schneider	ES.59	Australia
21663	AU	VH- registration	VH-GLW	Edmund Schneider	ESG 31IA	Australia
21664	AU	VH- registration	VH-GLC	Edmund Schneider	ESG 31IIA	Australia
14986	GB	RAF two-letter serial	WP270	Elliotts of Newbury	Eton TX.1	United Kingdom
5961	US	N-number	N3WN	RotorWay	Exec	United States
734	US	N-number	N917MT	RotorWay	Exec-162F	United States
26387	US	N-number	N4307L	Rotorway	Exec-90	United States
27033	US	N-number	N145LC	RotorWay	Executive	United States
2998	US	N-number	N62936	Beechcraft	Expeditor-3N	United States
21306	CA	CF- registration	CF-OME	Beechcraft	Expeditor C-45H	Canada
20972	GB	RAF two-letter serial	HB109	Beechcraft	Expeditor Mk 3T	Canada
26925	US	N-number	N18000	Arrow	F	United States
21362	CA	CF- registration	CF-ALX	Junkers	F 13	Canada
9687	US	N-number	N7574C	Forney	F-1	United States
1056	US	USAF/US Army fiscal-year serial	52-5770	North American	F-100	United States
854	US	USAF/US Army fiscal-year serial	52-5760	North American	F-100A	United States
857	US	USAF/US Army fiscal-year serial	52-5755	North American	F-100A	United States
6550	US	USAF/US Army fiscal-year serial	52-5777	North American	F-100A	United States
6739	US	USAF/US Army fiscal-year serial	53-1532	North American	F-100A	United States
6781	US	USAF/US Army fiscal-year serial	53-1600	North American	F-100A	United States
7050	US	USAF/US Army fiscal-year serial	53-1684	North American	F-100A	United States
7410	US	USAF/US Army fiscal-year serial	52-5759	North American	F-100A	United States
8003	US	USAF/US Army fiscal-year serial	53-1578	North American	F-100A	United States
8637	US	USAF/US Army fiscal-year serial	53-1559	North American	F-100A	United States
18522	US	USAF/US Army fiscal-year serial	53-1580	North American	F-100A	France
20097	US	USAF/US Army fiscal-year serial	53-1629	North American	F-100A	United States
25032	US	USAF/US Army fiscal-year serial	52-5761	North American	F-100A	United States
25888	US	USAF/US Army fiscal-year serial	53-1573	North American	F-100A	United States
26802	US	USAF/US Army fiscal-year serial	52-5762	North American	F-100A	United States
27071	US	USAF/US Army fiscal-year serial	53-1553	North American	F-100A	United States
168	US	USAF/US Army fiscal-year serial	54-1786	North American	F-100C	United States
404	US	USAF/US Army fiscal-year serial	53-1709	North American	F-100C	United States
531	US	USAF/US Army fiscal-year serial	54-2091	North American	F-100C	United States
5205	US	USAF/US Army fiscal-year serial	54-1823	North American	F-100C	United States
7302	US	USAF/US Army fiscal-year serial	54-1752	North American	F-100C	United States
7921	US	USAF/US Army fiscal-year serial	54-1993	North American	F-100C	United States
9643	US	USAF/US Army fiscal-year serial	54-1753	North American	F-100C	United States
10146	US	USAF/US Army fiscal-year serial	54-1986	North American	F-100C	United States
10382	US	USAF/US Army fiscal-year serial	54-2106	North American	F-100C	United States
19282	US	USAF/US Army fiscal-year serial	54-1903	North American	F-100C	Cyprus
19678	US	USAF/US Army fiscal-year serial	54-2089	North American	F-100C	Turkey
19724	US	USAF/US Army fiscal-year serial	54-1766	North American	F-100C	Turkey
19725	US	USAF/US Army fiscal-year serial	54-1877	North American	F-100C	Turkey
19746	US	USAF/US Army fiscal-year serial	53-1732	North American	F-100C	Turkey
19877	US	USAF/US Army fiscal-year serial	53-1727	North American	F-100C	Turkey
19901	US	USAF/US Army fiscal-year serial	54-1756	North American	F-100C	Turkey
19931	US	USAF/US Army fiscal-year serial	54-2059	North American	F-100C	Turkey
20028	US	USAF/US Army fiscal-year serial	55-2724	North American	F-100C	Turkey
25265	US	USAF/US Army fiscal-year serial	54-1851	North American	F-100C	United States
26444	US	USAF/US Army fiscal-year serial	54-1785	North American	F-100C	United States
26516	US	USAF/US Army fiscal-year serial	53-1712	North American	F-100C	United States
26559	US	USAF/US Army fiscal-year serial	54-1784	North American	F-100C	United States
26988	US	USAF/US Army fiscal-year serial	54-2005	North American	F-100C	United States
714	US	USAF/US Army fiscal-year serial	56-3288	North American	F-100D	United States
1890	US	USAF/US Army fiscal-year serial	54-2299	North American	F-100D	United States
5850	US	USAF/US Army fiscal-year serial	56-3440	North American	F-100D	United States
6696	US	USAF/US Army fiscal-year serial	55-3595	North American	F-100D	United States
6709	US	USAF/US Army fiscal-year serial	56-2940	North American	F-100D	United States
6726	US	USAF/US Army fiscal-year serial	56-3220	North American	F-100D	United States
7342	US	USAF/US Army fiscal-year serial	56-3000	North American	F-100D	United States
7376	US	USAF/US Army fiscal-year serial	54-2151	North American	F-100D	United States
7467	US	USAF/US Army fiscal-year serial	56-3046	North American	F-100D	United States
7600	US	USAF/US Army fiscal-year serial	55-3650	North American	F-100D	United States
8005	US	USAF/US Army fiscal-year serial	56-3299	North American	F-100D	United States
8104	US	USAF/US Army fiscal-year serial	55-3503	North American	F-100D	United States
8158	US	USAF/US Army fiscal-year serial	56-3417	North American	F-100D	United States
8435	US	USAF/US Army fiscal-year serial	55-3667	North American	F-100D	United States
8504	US	USAF/US Army fiscal-year serial	56-3081	North American	F-100D	United States
8562	US	USAF/US Army fiscal-year serial	56-3022	North American	F-100D	United States
8631	US	USAF/US Army fiscal-year serial	55-2884	North American	F-100D	United States
8639	US	USAF/US Army fiscal-year serial	55-2855	North American	F-100D	United States
8656	US	USAF/US Army fiscal-year serial	54-2281	North American	F-100D	United States
10209	US	USAF/US Army fiscal-year serial	54-2145	North American	F-100D	United States
14741	US	USAF/US Army fiscal-year serial	54-2163	North American	F-100D	United Kingdom
15291	US	USAF/US Army fiscal-year serial	54-2174	North American	F-100D	United Kingdom
15503	US	USAF/US Army fiscal-year serial	54-2223	North American	F-100D	United Kingdom
15607	US	USAF/US Army fiscal-year serial	54-2196	North American	F-100D	United Kingdom
15668	US	USAF/US Army fiscal-year serial	54-2269	North American	F-100D	United Kingdom
18218	US	USAF/US Army fiscal-year serial	54-2239	North American	F-100D	France
19886	US	USAF/US Army fiscal-year serial	55-2763	North American	F-100D	Turkey
19911	US	USAF/US Army fiscal-year serial	55-2775	North American	F-100D	Turkey
19954	US	USAF/US Army fiscal-year serial	54-2172	North American	F-100D	Turkey
20015	US	USAF/US Army fiscal-year serial	55-2748	North American	F-100D	Turkey
20017	US	USAF/US Army fiscal-year serial	55-2910	North American	F-100D	Turkey
20038	US	USAF/US Army fiscal-year serial	55-2782	North American	F-100D	Turkey
20192	US	USAF/US Army fiscal-year serial	56-3434	North American	F-100D	United States
23346	US	USAF/US Army fiscal-year serial	55-2739	North American	F-100D	Denmark
24479	US	USAF/US Army fiscal-year serial	56-2993	North American	F-100D	United States
24893	US	USAF/US Army fiscal-year serial	56-2995	North American	F-100D	United States
24979	US	USAF/US Army fiscal-year serial	56-2928	North American	F-100D	United States
25240	US	USAF/US Army fiscal-year serial	55-3805	North American	F-100D	United States
25258	US	USAF/US Army fiscal-year serial	56-3008	North American	F-100D	United States
25966	US	USAF/US Army fiscal-year serial	56-2967	North American	F-100D	United States
26035	US	USAF/US Army fiscal-year serial	56-3020	North American	F-100D	United States
26392	US	USAF/US Army fiscal-year serial	56-3025	North American	F-100D	United States
26738	US	USAF/US Army fiscal-year serial	56-3210	North American	F-100D	United States
26743	US	USAF/US Army fiscal-year serial	56-3320	North American	F-100D	United States
26777	US	USAF/US Army fiscal-year serial	56-3265	North American	F-100D	United States
26985	US	USAF/US Army fiscal-year serial	56-3426	North American	F-100D	United States
27096	US	USAF/US Army fiscal-year serial	56-3187	North American	F-100D	United States
27170	US	USAF/US Army fiscal-year serial	56-3208	North American	F-100D	United States
5135	US	USAF/US Army fiscal-year serial	56-3837	North American	F-100F	United States
6347	US	USAF/US Army fiscal-year serial	56-3832	North American	F-100F	United States
6348	US	USAF/US Army fiscal-year serial	56-3861	North American	F-100F	United States
6932	US	USAF/US Army fiscal-year serial	56-3990	North American	F-100F	United States
6980	US	USAF/US Army fiscal-year serial	56-3996	North American	F-100F	United States
7040	US	USAF/US Army fiscal-year serial	56-3982	North American	F-100F	United States
7925	US	USAF/US Army fiscal-year serial	56-3813	North American	F-100F	United States
7970	US	USAF/US Army fiscal-year serial	58-1232	North American	F-100F	United States
8136	US	USAF/US Army fiscal-year serial	56-3730	North American	F-100F	United States
8680	US	USAF/US Army fiscal-year serial	56-3812	North American	F-100F	United States
17351	US	USAF/US Army fiscal-year serial	56-3944	North American	F-100F	Germany
19679	US	USAF/US Army fiscal-year serial	56-3788	North American	F-100F	Turkey
19967	US	USAF/US Army fiscal-year serial	56-3921	North American	F-100F	Turkey
20135	US	USAF/US Army fiscal-year serial	56-3904	North American	F-100F	United States
25171	US	USAF/US Army fiscal-year serial	56-3844	North American	F-100F	United States
25466	US	USAF/US Army fiscal-year serial	56-3905	North American	F-100F	United States
25616	US	USAF/US Army fiscal-year serial	56-3897	North American	F-100F	United States
25644	US	USAF/US Army fiscal-year serial	56-3899	North American	F-100F	United States
26393	US	USAF/US Army fiscal-year serial	56-3894	North American	F-100F	United States
27181	US	USAF/US Army fiscal-year serial	56-3855	North American	F-100F	United States
6334	US	USAF/US Army fiscal-year serial	53-2418	McDonnell	F-101A	United States
152	US	USAF/US Army fiscal-year serial	59-0418	McDonnell	F-101B	United States
394	US	USAF/US Army fiscal-year serial	57-0412	McDonnell	F-101B	United States
1055	US	USAF/US Army fiscal-year serial	58-0285	McDonnell	F-101B	United States
4429	US	USAF/US Army fiscal-year serial	57-0282	McDonnell	F-101B	United States
6539	US	USAF/US Army fiscal-year serial	57-0252	McDonnell	F-101B	United States
6699	US	USAF/US Army fiscal-year serial	59-0483	McDonnell Douglas	F-101B	United States
7055	US	USAF/US Army fiscal-year serial	59-0471	McDonnell	F-101B	United States
7205	US	USAF/US Army fiscal-year serial	59-0429	McDonnell	F-101B	United States
7225	US	USAF/US Army fiscal-year serial	59-0421	McDonnell	F-101B	United States
7706	US	USAF/US Army fiscal-year serial	57-0410	McDonnell	F-101B	United States
8075	US	USAF/US Army fiscal-year serial	58-0274	McDonnell	F-101B	United States
8186	US	USAF/US Army fiscal-year serial	58-0271	McDonnell	F-101B	United States
8266	US	USAF/US Army fiscal-year serial	59-0462	McDonnell	F-101B	United States
8314	US	USAF/US Army fiscal-year serial	58-0281	McDonnell	F-101B	United States
8653	US	USAF/US Army fiscal-year serial	57-0308	McDonnell	F-101B	United States
9636	US	USAF/US Army fiscal-year serial	56-0273	McDonnell	F-101B	United States
10141	US	USAF/US Army fiscal-year serial	56-0250	McDonnell	F-101B	United States
10451	US	USAF/US Army fiscal-year serial	58-0301	McDonnell	F-101B	United States
17955	US	USAF/US Army fiscal-year serial	74-0109	McDonnell	F-101B	Germany
18219	US	USAF/US Army fiscal-year serial	58-0282	McDonnell	F-101B	France
20161	US	USAF/US Army fiscal-year serial	58-0329	McDonnell	F-101B	United States
25286	US	USAF/US Army fiscal-year serial	57-0374	McDonnell	F-101B	United States
25392	US	USAF/US Army fiscal-year serial	59-0428	McDonnell	F-101B	United States
25468	US	USAF/US Army fiscal-year serial	58-0303	McDonnell	F-101B	United States
26187	US	USAF/US Army fiscal-year serial	59-0412	McDonnell	F-101B	United States
26440	US	USAF/US Army fiscal-year serial	56-0235	McDonnell	F-101B	United States
26468	US	USAF/US Army fiscal-year serial	58-0291	McDonnell	F-101B	United States
26517	US	USAF/US Army fiscal-year serial	58-0321	McDonnell	F-101B	United States
26816	US	USAF/US Army fiscal-year serial	57-0430	McDonnell	F-101B	United States
27044	US	USAF/US Army fiscal-year serial	58-0341	McDonnell	F-101B	United States
27058	US	USAF/US Army fiscal-year serial	58-0315	McDonnell	F-101B	United States
27069	US	USAF/US Army fiscal-year serial	59-0426	McDonnell	F-101B	United States
27252	US	USAF/US Army fiscal-year serial	58-0312	McDonnell	F-101B	United States
6708	US	USAF/US Army fiscal-year serial	56-0187	McDonnell	F-101C	United States
7373	US	USAF/US Army fiscal-year serial	56-0009	McDonnell	F-101C	United States
1889	US	USAF/US Army fiscal-year serial	58-0324	McDonnell	F-101F	United States
7298	US	USAF/US Army fiscal-year serial	57-0287	McDonnell	F-101F	United States
7348	US	USAF/US Army fiscal-year serial	58-0290	McDonnell	F-101F	United States
7352	US	USAF/US Army fiscal-year serial	56-0241	McDonnell	F-101F	United States
8391	US	USAF/US Army fiscal-year serial	58-0269	McDonnell	F-101F	United States
8503	US	USAF/US Army fiscal-year serial	57-0342	McDonnell	F-101F	United States
10212	US	USAF/US Army fiscal-year serial	56-0246	McDonnell	F-101F	United States
24285	US	USAF/US Army fiscal-year serial	58-0338	McDonnell	F-101F	United States
24356	US	USAF/US Army fiscal-year serial	59-0413	McDonnell	F-101F	United States
24955	US	USAF/US Army fiscal-year serial	58-0276	McDonnell	F-101F	United States
27130	US	USAF/US Army fiscal-year serial	59-0407	McDonnell	F-101F	United States
27168	US	USAF/US Army fiscal-year serial	58-0311	McDonnell	F-101F	United States
27199	US	USAF/US Army fiscal-year serial	59-0419	McDonnell	F-101F	United States
15289	US	USAF/US Army fiscal-year serial	57-0270	McDonnell	F-101F-101B	United Kingdom
15288	US	USAF/US Army fiscal-year serial	56-0312	McDonnell	F-101TF-101B	United Kingdom
125	US	USAF/US Army fiscal-year serial	56-1114	Convair	F-102A	United States
197	US	USAF/US Army fiscal-year serial	56-1432	Convair	F-102A	United States
357	US	USAF/US Army fiscal-year serial	56-1413	Convair	F-102A	United States
712	US	USAF/US Army fiscal-year serial	56-1140	Convair	F-102A	United States
810	US	USAF/US Army fiscal-year serial	54-1353	Convair	F-102A	United States
1057	US	USAF/US Army fiscal-year serial	56-1247	Convair	F-102A	United States
3961	US	USAF/US Army fiscal-year serial	56-1393	Convair	F-102A	United States
4187	US	USAF/US Army fiscal-year serial	56-1416	Convair	F-102A	United States
5692	US	USAF/US Army fiscal-year serial	56-1515	Convair	F-102A	United States
6295	US	USAF/US Army fiscal-year serial	56-1368	Convair	F-102A	United States
6508	US	USAF/US Army fiscal-year serial	57-0833	Convair	F-102A	United States
6658	US	USAF/US Army fiscal-year serial	53-1816	Convair	F-102A	United States
6977	US	USAF/US Army fiscal-year serial	56-2337	Convair	F-102A	United States
7315	US	USAF/US Army fiscal-year serial	56-1252	Convair	F-102A	United States
7372	US	USAF/US Army fiscal-year serial	57-0826	Convair	F-102A	United States
7933	US	USAF/US Army fiscal-year serial	54-1373	Convair	F-102A	United States
7955	US	USAF/US Army fiscal-year serial	55-3366	Convair	F-102A	United States
8074	US	USAF/US Army fiscal-year serial	56-1109	Convair	F-102A	United States
8189	US	USAF/US Army fiscal-year serial	56-0984	Convair	F-102A	United States
8252	US	USAF/US Army fiscal-year serial	54-1405	Convair	F-102A	United States
8482	US	USAF/US Army fiscal-year serial	56-0986	Convair	F-102A	United States
10130	US	USAF/US Army fiscal-year serial	56-1264	Convair	F-102A	United States
10380	US	USAF/US Army fiscal-year serial	56-1273	Convair	F-102A	United States
17284	US	USAF/US Army fiscal-year serial	56-1125	Convair	F-102A	Germany
21428	US	USAF/US Army fiscal-year serial	56-1266	Convair	F-102A	Canada
24355	US	USAF/US Army fiscal-year serial	56-1219	Convair	F-102A	United States
24903	US	USAF/US Army fiscal-year serial	56-1151	Convair	F-102A	United States
25085	US	USAF/US Army fiscal-year serial	56-1221	Convair	F-102A	United States
25086	US	USAF/US Army fiscal-year serial	55-3450	Convair	F-102A	United States
25282	US	USAF/US Army fiscal-year serial	55-3462	Convair	F-102A	United States
25283	US	USAF/US Army fiscal-year serial	57-0858	Convair	F-102A	United States
25940	US	USAF/US Army fiscal-year serial	56-0985	Convair	F-102A	United States
26396	US	USAF/US Army fiscal-year serial	54-1351	Convair	F-102A	United States
26519	US	USAF/US Army fiscal-year serial	56-2317	Convair	F-102A	United States
27045	US	USAF/US Army fiscal-year serial	56-1502	Convair	F-102A	United States
27050	US	USAF/US Army fiscal-year serial	56-1505	Convair	F-102A	United States
27070	US	USAF/US Army fiscal-year serial	56-1017	Convair	F-102A	United States
27097	US	USAF/US Army fiscal-year serial	53-1801	Convair	F-102A	United States
27213	US	USAF/US Army fiscal-year serial	56-1116	Convair	F-102A	United States
27215	US	USAF/US Army fiscal-year serial	56-1105	Convair	F-102A	United States
27283	US	USAF/US Army fiscal-year serial	56-1053	Convair	F-102A	United States
27315	US	USAF/US Army fiscal-year serial	56-1282	Convair	F-102A	United States
24144	US	USAF/US Army fiscal-year serial	56-2346	Convair	F-102TF-102A	United States
26036	US	USAF/US Army fiscal-year serial	53-1787	Convair	F-102YF-102A	United States
146	US	USAF/US Army fiscal-year serial	56-0755	Lockheed	F-104A	United States
6531	US	USAF/US Army fiscal-year serial	56-0753	Lockheed	F-104A	United States
6644	US	USAF/US Army fiscal-year serial	56-0778	Lockheed	F-104A	United States
7053	US	USAF/US Army fiscal-year serial	56-0826	Lockheed	F-104A	United States
7299	US	USAF/US Army fiscal-year serial	56-0748	Lockheed	F-104A	United States
7961	US	USAF/US Army fiscal-year serial	56-0817	Lockheed	F-104A	United States
8105	US	USAF/US Army fiscal-year serial	55-2967	Lockheed	F-104A	United States
711	US	USAF/US Army fiscal-year serial	57-1303	Lockheed	F-104B	United States
7350	US	USAF/US Army fiscal-year serial	57-1305	Lockheed	F-104B	United States
7721	US	USAF/US Army fiscal-year serial	57-1301	Lockheed	F-104B	United States
1891	US	USAF/US Army fiscal-year serial	57-0915	Lockheed	F-104C	United States
6727	US	USAF/US Army fiscal-year serial	56-0886	Lockheed	F-104C	United States
7382	US	USAF/US Army fiscal-year serial	56-0912	Lockheed	F-104C	United States
7534	US	USAF/US Army fiscal-year serial	56-0932	Lockheed	F-104C	United States
7814	US	USAF/US Army fiscal-year serial	56-0933	Lockheed	F-104C	United States
8073	US	USAF/US Army fiscal-year serial	56-0936	Lockheed	F-104C	United States
8157	US	USAF/US Army fiscal-year serial	56-0910	Lockheed	F-104C	United States
9634	US	USAF/US Army fiscal-year serial	56-0929	Lockheed	F-104C	United States
10296	US	USAF/US Army fiscal-year serial	57-0916	Lockheed	F-104C	United States
24824	US	USAF/US Army fiscal-year serial	56-0919	Lockheed	F-104C	United States
25040	US	USAF/US Army fiscal-year serial	56-0901	Lockheed	F-104C	United States
25935	US	USAF/US Army fiscal-year serial	57-0920	Lockheed	F-104C	United States
26206	US	USAF/US Army fiscal-year serial	56-0890	Lockheed	F-104C	United States
26255	US	USAF/US Army fiscal-year serial	56-0938	Lockheed	F-104C	United States
26331	US	USAF/US Army fiscal-year serial	56-0898	Lockheed	F-104C	United States
27112	US	USAF/US Army fiscal-year serial	56-0926	Lockheed	F-104C	United States
384	US	USAF/US Army fiscal-year serial	57-1314	Lockheed	F-104D	United States
4499	US	USAF/US Army fiscal-year serial	57-1323	Lockheed	F-104D	United States
8497	US	USAF/US Army fiscal-year serial	57-1322	Lockheed	F-104D	United States
10137	US	USAF/US Army fiscal-year serial	57-1331	Lockheed	F-104D	United States
27217	US	USAF/US Army fiscal-year serial	57-1332	Lockheed	F-104D	United States
16922	DE	Bundeswehr NN+NN	29+09	Lockheed	F-104F	Germany
16931	DE	Bundeswehr NN+NN	29+19	Lockheed	F-104F	Germany
18047	DE	Bundeswehr NN+NN	29+14	Lockheed	F-104F	Germany
21183	DE	Bundeswehr NN+NN	29+17	Lockheed	F-104F	Canada
235	US	N-number	N826NA	Lockheed	F-104G	United States
14509	DE	Bundeswehr NN+NN	22+35	Lockheed	F-104G	United Kingdom
16541	DE	Bundeswehr NN+NN	20+64	Lockheed	F-104G	Germany
16542	DE	Bundeswehr NN+NN	22+98	Messerschmitt	F-104G	Germany
16571	DE	Bundeswehr NN+NN	21+12	Lockheed	F-104G	Germany
16677	DE	Bundeswehr NN+NN	24+38	Lockheed	F-104G	Germany
16680	DE	Bundeswehr NN+NN	24+63	Lockheed	F-104G	Germany
16687	DE	Bundeswehr NN+NN	25+74	SABCA	F-104G	Germany
16777	DE	Bundeswehr NN+NN	24+11	Lockheed	F-104G	Germany
16778	DE	Bundeswehr NN+NN	24+19	Lockheed	F-104G	Germany
16889	DE	Bundeswehr NN+NN	29+08	Lockheed	F-104G	Germany
16890	DE	Bundeswehr NN+NN	22+77	Lockheed	F-104G	Germany
16891	DE	Bundeswehr NN+NN	22+43	Lockheed	F-104G	Germany
16913	DE	Bundeswehr NN+NN	26+26	Lockheed	F-104G	Germany
16914	DE	Bundeswehr NN+NN	21+67	Lockheed	F-104G	Germany
16923	DE	Bundeswehr NN+NN	21+38	Lockheed	F-104G	Germany
16924	DE	Bundeswehr NN+NN	21+86	Lockheed	F-104G	Germany
16925	DE	Bundeswehr NN+NN	25+28	Lockheed	F-104G	Germany
16926	DE	Bundeswehr NN+NN	20+08	Lockheed	F-104G	Germany
16927	DE	Bundeswehr NN+NN	20+49	Lockheed	F-104G	Germany
16928	DE	Bundeswehr NN+NN	22+07	Lockheed	F-104G	Germany
16929	DE	Bundeswehr NN+NN	22+51	Lockheed	F-104G	Germany
16930	DE	Bundeswehr NN+NN	26+60	Lockheed	F-104G	Germany
16933	DE	Bundeswehr NN+NN	24+81	Fokker	F-104G	Germany
16934	DE	Bundeswehr NN+NN	24+27	Lockheed	F-104G	Germany
16935	DE	Bundeswehr NN+NN	23+36	Lockheed	F-104G	Germany
16938	DE	Bundeswehr NN+NN	20+81	Lockheed	F-104G	Germany
16942	DE	Bundeswehr NN+NN	24+85	Fokker	F-104G	Germany
16957	DE	Bundeswehr NN+NN	21+52	Lockheed	F-104G	Germany
16958	DE	Bundeswehr NN+NN	21+83	Lockheed	F-104G	Germany
17003	DE	Bundeswehr NN+NN	21+56	Lockheed	F-104G	Germany
17004	DE	Bundeswehr NN+NN	25+12	Lockheed	F-104G	Germany
17171	DE	Bundeswehr NN+NN	26+43	Lockheed	F-104G	Germany
17172	DE	Bundeswehr NN+NN	27+90	Lockheed	F-104G	Germany
17173	DE	Bundeswehr NN+NN	28+01	Lockheed	F-104G	Germany
17226	DE	Bundeswehr NN+NN	22+30	Lockheed	F-104G	Germany
17227	DE	Bundeswehr NN+NN	23+73	Lockheed	F-104G	Germany
17228	DE	Bundeswehr NN+NN	25+05	Lockheed	F-104G	Germany
17229	DE	Bundeswehr NN+NN	25+21	Lockheed	F-104G	Germany
17230	DE	Bundeswehr NN+NN	26+53	Lockheed	F-104G	Germany
17320	DE	Bundeswehr NN+NN	20+43	Lockheed	F-104G	Germany
17321	DE	Bundeswehr NN+NN	26+61	Lockheed	F-104G	Germany
17322	DE	Bundeswehr NN+NN	24+91	Lockheed	F-104G	Germany
17420	DE	Bundeswehr NN+NN	20+47	Lockheed	F-104G	Germany
17479	DE	Bundeswehr NN+NN	23+98	Fokker	F-104G	Germany
17501	DE	Bundeswehr NN+NN	20+45	Lockheed	F-104G	Germany
17525	DE	Bundeswehr NN+NN	20+06	Lockheed	F-104G	Germany
17526	DE	Bundeswehr NN+NN	26+25	Lockheed	F-104G	Germany
17594	DE	Bundeswehr NN+NN	26+51	Lockheed	F-104G	Germany
17641	DE	Bundeswehr NN+NN	22+92	Lockheed	F-104G	Germany
17642	DE	Bundeswehr NN+NN	22+06	Lockheed	F-104G	Germany
17650	DE	Bundeswehr NN+NN	21+36	Lockheed	F-104G	Germany
17655	DE	Bundeswehr NN+NN	25+99	Lockheed	F-104G	Germany
17656	DE	Bundeswehr NN+NN	25+86	Messerschmitt	F-104G	Germany
17657	DE	Bundeswehr NN+NN	22+59	Messerschmitt	F-104G	Germany
17683	DE	Bundeswehr NN+NN	22+58	Lockheed	F-104G	Germany
17684	DE	Bundeswehr NN+NN	27+28	Lockheed	F-104G	Germany
17709	DE	Bundeswehr NN+NN	23+47	Lockheed	F-104G	Germany
17730	DE	Bundeswehr NN+NN	20+46	Lockheed	F-104G	Germany
17834	DE	Bundeswehr NN+NN	21+53	Lockheed	F-104G	Germany
17890	DE	Bundeswehr NN+NN	22+49	Lockheed	F-104G	Germany
17950	DE	Bundeswehr NN+NN	26+63	Lockheed	F-104G	Germany
17951	DE	Bundeswehr NN+NN	28+27	Lockheed	F-104G	Germany
17996	DE	Bundeswehr NN+NN	23+30	Lockheed	F-104G	Germany
17997	DE	Bundeswehr NN+NN	21+55	Lockheed	F-104G	Germany
17998	DE	Bundeswehr NN+NN	23+57	Lockheed	F-104G	Germany
17999	DE	Bundeswehr NN+NN	23+24	Lockheed	F-104G	Germany
18036	DE	Bundeswehr NN+NN	20+98	Lockheed	F-104G	Germany
18050	DE	Bundeswehr NN+NN	20+59	Lockheed	F-104G	Germany
18054	DE	Bundeswehr NN+NN	29+05	Lockheed	F-104G	Germany
18059	DE	Bundeswehr NN+NN	98+36	Lockheed	F-104G	Germany
18101	DE	Bundeswehr NN+NN	22+45	Lockheed	F-104G	Germany
18102	DE	Bundeswehr NN+NN	23+09	Lockheed	F-104G	Germany
18103	DE	Bundeswehr NN+NN	25+29	Lockheed	F-104G	Germany
18104	DE	Bundeswehr NN+NN	25+40	Lockheed	F-104G	Germany
18298	DE	Bundeswehr NN+NN	21+96	Lockheed	F-104G	France
18925	DE	Bundeswehr NN+NN	22+40	Lockheed	F-104G	France
19683	US	USAF/US Army fiscal-year serial	62-12344	Lockheed	F-104G	Turkey
19851	US	USAF/US Army fiscal-year serial	63-12718	Lockheed	F-104G	Turkey
19866	US	USAF/US Army fiscal-year serial	62-12336	Lockheed	F-104G	Turkey
19916	US	USAF/US Army fiscal-year serial	62-12331	Lockheed	F-104G	Turkey
19937	US	USAF/US Army fiscal-year serial	63-12733	Lockheed	F-104G	Turkey
19953	US	USAF/US Army fiscal-year serial	61-2633	Lockheed	F-104G	Turkey
19964	US	USAF/US Army fiscal-year serial	62-12316	Lockheed	F-104G	Turkey
19965	US	USAF/US Army fiscal-year serial	61-2620	Lockheed	F-104G	Turkey
16936	DE	Bundeswehr NN+NN	25+07	Lockheed	F-104RF-104G	Germany
17231	DE	Bundeswehr NN+NN	24+49	Lockheed	F-104RF-104G	Germany
17612	DE	Bundeswehr NN+NN	23+92	Lockheed	F-104RF-104G	Germany
17654	DE	Bundeswehr NN+NN	24+68	Lockheed	F-104RF-104G	Germany
17993	DE	Bundeswehr NN+NN	24+17	Lockheed	F-104RF-104G	Germany
17994	DE	Bundeswehr NN+NN	25+03	Lockheed	F-104RF-104G	Germany
17995	DE	Bundeswehr NN+NN	21+00	Lockheed	F-104RF-104G	Germany
18130	DE	Bundeswehr NN+NN	24+73	Lockheed	F-104RF-104G	Germany
11097	IT	Matricola Militare	MM6890	Lockheed	F-104S	Brazil
19684	US	USAF/US Army fiscal-year serial	75-6868	Aeritalia	F-104S	Turkey
19761	US	USAF/US Army fiscal-year serial	75-6895	Aeritalia	F-104S	Turkey
19833	US	USAF/US Army fiscal-year serial	74-6859	Lockheed	F-104S	Turkey
19882	US	USAF/US Army fiscal-year serial	74-6862	Lockheed	F-104S	Turkey
17232	DE	Bundeswehr NN+NN	27+08	Lockheed	F-104TF-104G	Germany
17643	DE	Bundeswehr NN+NN	27+26	Lockheed	F-104TF-104G	Germany
17689	DE	Bundeswehr NN+NN	28+13	Lockheed	F-104TF-104G	Germany
179	US	USAF/US Army fiscal-year serial	57-5803	Republic	F-105B	United States
412	US	USAF/US Army fiscal-year serial	57-5837	Republic	F-105B	United States
8321	US	USAF/US Army fiscal-year serial	57-5817	Republic	F-105B	United States
8515	US	USAF/US Army fiscal-year serial	57-5820	Republic	F-105B	United States
8549	US	USAF/US Army fiscal-year serial	57-5792	Republic	F-105B	United States
9910	US	USAF/US Army fiscal-year serial	54-0102	Republic	F-105B	United States
10383	US	USAF/US Army fiscal-year serial	57-5838	Republic	F-105B	United States
24310	US	USAF/US Army fiscal-year serial	57-5783	Republic	F-105B	United States
25076	US	USAF/US Army fiscal-year serial	57-5778	Republic	F-105B	United States
25598	US	USAF/US Army fiscal-year serial	57-5776	Republic	F-105B	United States
25724	US	USAF/US Army fiscal-year serial	54-0107	Republic	F-105B	United States
27068	US	USAF/US Army fiscal-year serial	57-5839	Republic	F-105B	United States
180	US	USAF/US Army fiscal-year serial	62-4383	Republic	F-105D	United States
537	US	USAF/US Army fiscal-year serial	59-1759	Republic	F-105D	United States
724	US	USAF/US Army fiscal-year serial	62-4301	Republic	F-105D	United States
5239	US	USAF/US Army fiscal-year serial	61-0086	Republic	F-105D	United States
5736	US	USAF/US Army fiscal-year serial	62-4299	Republic	F-105D	United States
6561	US	USAF/US Army fiscal-year serial	59-1743	Republic	F-105D	United States
6723	US	USAF/US Army fiscal-year serial	61-0110	Republic	F-105D	United States
6728	US	USAF/US Army fiscal-year serial	61-0145	Republic	F-105D	United States
6746	US	USAF/US Army fiscal-year serial	61-0107	Republic	F-105D	United States
6978	US	USAF/US Army fiscal-year serial	60-5385	Republic	F-105D	United States
6994	US	USAF/US Army fiscal-year serial	62-4353	Republic	F-105D	United States
7023	US	USAF/US Army fiscal-year serial	62-4346	Republic	F-105D	United States
7049	US	USAF/US Army fiscal-year serial	60-0500	Republic	F-105D	United States
7154	US	USAF/US Army fiscal-year serial	59-1739	Republic	F-105D	United States
7206	US	USAF/US Army fiscal-year serial	61-0093	Republic	F-105D	United States
7297	US	USAF/US Army fiscal-year serial	59-1738	Republic	F-105D	United States
7341	US	USAF/US Army fiscal-year serial	62-4279	Republic	F-105D	United States
7375	US	USAF/US Army fiscal-year serial	61-0175	Republic	F-105D	United States
7407	US	USAF/US Army fiscal-year serial	62-4387	Republic	F-105D	United States
7575	US	USAF/US Army fiscal-year serial	62-4360	Republic	F-105D	United States
7591	US	USAF/US Army fiscal-year serial	62-4242	Republic	F-105D	United States
7710	US	USAF/US Army fiscal-year serial	62-4375	Republic	F-105D	United States
7894	US	USAF/US Army fiscal-year serial	61-0106	Republic	F-105D	United States
7914	US	USAF/US Army fiscal-year serial	62-4253	Republic	F-105D	United States
8134	US	USAF/US Army fiscal-year serial	60-0482	Republic	F-105D	United States
8185	US	USAF/US Army fiscal-year serial	60-0508	Republic	F-105D	United States
8277	US	USAF/US Army fiscal-year serial	61-0069	Republic	F-105D	United States
8552	US	USAF/US Army fiscal-year serial	59-1771	Republic	F-105D	United States
10150	US	USAF/US Army fiscal-year serial	58-1155	Republic	F-105D	United States
10213	US	USAF/US Army fiscal-year serial	61-0073	Republic	F-105D	United States
10239	US	USAF/US Army fiscal-year serial	61-0188	Republic	F-105D	United States
10652	US	USAF/US Army fiscal-year serial	62-4347	Republic	F-105D	United States
20198	US	USAF/US Army fiscal-year serial	60-0492	Republic	F-105D	United States
24236	US	USAF/US Army fiscal-year serial	62-4361	Republic	F-105D	United States
24844	US	USAF/US Army fiscal-year serial	61-0115	Republic	F-105D	United States
24845	US	USAF/US Army fiscal-year serial	62-4228	Republic	F-105D	United States
24848	US	USAF/US Army fiscal-year serial	61-0164	Republic	F-105D	United States
24861	US	USAF/US Army fiscal-year serial	61-0165	Republic	F-105D	United States
24894	US	USAF/US Army fiscal-year serial	62-4259	Republic	F-105D	United States
25635	US	USAF/US Army fiscal-year serial	61-0041	Republic	F-105D	United States
25680	US	USAF/US Army fiscal-year serial	61-0138	Republic	F-105D	United States
25885	US	USAF/US Army fiscal-year serial	61-0056	Republic	F-105D	United States
26185	US	USAF/US Army fiscal-year serial	62-4328	Republic	F-105D	United States
26253	US	USAF/US Army fiscal-year serial	60-0535	Republic	F-105D	United States
26284	US	USAF/US Army fiscal-year serial	61-0199	Republic	F-105D	United States
26514	US	USAF/US Army fiscal-year serial	61-0088	Republic	F-105D	United States
26566	US	USAF/US Army fiscal-year serial	61-0099	Republic	F-105D	United States
26688	US	USAF/US Army fiscal-year serial	62-4318	Republic	F-105D	United States
26694	US	USAF/US Army fiscal-year serial	60-0455	Republic	F-105D	United States
9646	US	USAF/US Army fiscal-year serial	63-8365	Republic	F-105F	United States
17362	US	USAF/US Army fiscal-year serial	62-4417	Republic	F-105F	Germany
20143	US	USAF/US Army fiscal-year serial	63-8261	Republic	F-105F	United States
1892	US	USAF/US Army fiscal-year serial	62-4416	Republic	F-105G	United States
5154	US	USAF/US Army fiscal-year serial	63-8320	Republic	F-105G	United States
5240	US	USAF/US Army fiscal-year serial	62-4427	Republic	F-105G	United States
6364	US	USAF/US Army fiscal-year serial	62-4432	Republic	F-105G	United States
6562	US	USAF/US Army fiscal-year serial	62-4440	Republic	F-105G	United States
6698	US	USAF/US Army fiscal-year serial	63-8276	Republic	F-105G	United States
7819	US	USAF/US Army fiscal-year serial	63-8266	Republic	F-105G	United States
7973	US	USAF/US Army fiscal-year serial	62-4438	Republic	F-105G	United States
18926	US	USAF/US Army fiscal-year serial	63-8300	Republic	F-105G	France
20133	US	USAF/US Army fiscal-year serial	63-8306	Republic	F-105G	United States
20134	US	USAF/US Army fiscal-year serial	62-4422	Republic	F-105G	United States
24359	US	USAF/US Army fiscal-year serial	62-4444	Republic	F-105G	United States
24731	US	USAF/US Army fiscal-year serial	63-8345	Republic	F-105G	United States
25135	US	USAF/US Army fiscal-year serial	63-8336	Republic	F-105G	United States
25464	US	USAF/US Army fiscal-year serial	63-8274	Republic	F-105G	United States
26028	US	USAF/US Army fiscal-year serial	63-8296	Republic	F-105G	United States
26792	US	USAF/US Army fiscal-year serial	62-4425	Republic	F-105G	United States
358	US	USAF/US Army fiscal-year serial	58-0793	Convair	F-106A	United States
710	US	USAF/US Army fiscal-year serial	59-0010	Convair	F-106A	United States
2007	US	USAF/US Army fiscal-year serial	58-0786	Convair	F-106A	United States
3962	US	USAF/US Army fiscal-year serial	59-0003	Convair	F-106A	United States
4188	US	USAF/US Army fiscal-year serial	58-0787	Convair	F-106A	United States
5693	US	USAF/US Army fiscal-year serial	56-0459	Convair	F-106A	United States
6296	US	USAF/US Army fiscal-year serial	59-0137	Convair	F-106A	United States
6509	US	USAF/US Army fiscal-year serial	58-0774	Convair	F-106A	United States
6729	US	USAF/US Army fiscal-year serial	56-0454	Convair	F-106A	United States
8067	US	USAF/US Army fiscal-year serial	59-0134	Convair	F-106A	United States
10156	US	USAF/US Army fiscal-year serial	59-0105	Convair	F-106A	United States
24902	US	USAF/US Army fiscal-year serial	59-0123	Convair	F-106A	United States
25393	US	USAF/US Army fiscal-year serial	59-0023	Convair	F-106A	United States
26397	US	USAF/US Army fiscal-year serial	56-0451	Convair	F-106A	United States
26467	US	USAF/US Army fiscal-year serial	56-0461	Convair	F-106A	United States
27051	US	USAF/US Army fiscal-year serial	56-0460	Convair	F-106A	United States
27209	US	USAF/US Army fiscal-year serial	59-0069	Convair	F-106A	United States
198	US	USAF/US Army fiscal-year serial	57-2509	Convair	F-106B	United States
809	US	USAF/US Army fiscal-year serial	59-0158	Convair	F-106B	United States
7340	US	USAF/US Army fiscal-year serial	57-2533	Convair	F-106B	United States
25615	US	USAF/US Army fiscal-year serial	57-2523	Convair	F-106B	United States
5206	US	USAF/US Army fiscal-year serial	55-5118	North American	F-107A	United States
20622	CA	CF- registration	CF-EIR	Fairchild	F-11Husky	Canada
819	US	USAF/US Army fiscal-year serial	63-9766	General Dynamics	F-111A	United States
824	US	USAF/US Army fiscal-year serial	63-9778	General Dynamics	F-111A	United States
6600	US	USAF/US Army fiscal-year serial	67-0058	General Dynamics	F-111A	United States
6692	US	USAF/US Army fiscal-year serial	67-0100	General Dynamics	F-111A	United States
6711	US	USAF/US Army fiscal-year serial	63-9771	General Dynamics	F-111A	United States
7048	US	USAF/US Army fiscal-year serial	67-0051	General Dynamics	F-111A	United States
7295	US	USAF/US Army fiscal-year serial	67-0057	General Dynamics	F-111A	United States
7377	US	USAF/US Army fiscal-year serial	63-9773	General Dynamics	F-111A	United States
7447	US	USAF/US Army fiscal-year serial	66-0012	General Dynamics	F-111A	United States
7453	US	USAF/US Army fiscal-year serial	67-0046	General Dynamics	F-111A	United States
9631	US	USAF/US Army fiscal-year serial	67-0069	General Dynamics	F-111A	United States
24235	US	USAF/US Army fiscal-year serial	67-0047	General Dynamics	F-111A	United States
26472	US	USAF/US Army fiscal-year serial	68-0239	General Dynamics	F-111A	United States
26727	US	USAF/US Army fiscal-year serial	63-9767	General Dynamics	F-111A	United States
7958	AU	RAAF A-series serial	A8-130	General Dynamics	F-111C	United States
21581	AU	RAAF A-series serial	A8-131	General Dynamics	F-111C	Australia
21708	AU	RAAF A-series serial	A8-140	General Dynamics	F-111C	Australia
21822	AU	RAAF A-series serial	A8-113	General Dynamics	F-111C	Australia
21869	AU	RAAF A-series serial	A8-148	General Dynamics	F-111C	Australia
21973	AU	RAAF A-series serial	A8-109	General Dynamics	F-111C	Australia
22129	AU	RAAF A-series serial	A8-129	General Dynamics	F-111C	Australia
22179	AU	RAAF A-series serial	A8-126	General Dynamics	F-111C	Australia
22180	AU	RAAF A-series serial	A8-138	General Dynamics	F-111C	Australia
22181	AU	RAAF A-series serial	A8-136	General Dynamics	F-111C	Australia
22182	AU	RAAF A-series serial	A8-137	General Dynamics	F-111C	Australia
22183	AU	RAAF A-series serial	A8-141	General Dynamics	F-111C	Australia
22264	AU	RAAF A-series serial	A8-125	General Dynamics	F-111C	Australia
22288	AU	RAAF A-series serial	A8-142	General Dynamics	F-111C	Australia
22314	AU	RAAF A-series serial	A8-132	General Dynamics	F-111C	Australia
6719	US	USAF/US Army fiscal-year serial	68-0140	General Dynamics	F-111D	United States
6207	US	USAF/US Army fiscal-year serial	67-0120	General Dynamics	F-111E	United Kingdom
6525	US	USAF/US Army fiscal-year serial	68-0020	General Dynamics	F-111E	United States
6979	US	USAF/US Army fiscal-year serial	68-0009	General Dynamics	F-111E	United States
10134	US	USAF/US Army fiscal-year serial	68-0058	General Dynamics	F-111E	United States
14733	US	USAF/US Army fiscal-year serial	68-0060	General Dynamics	F-111E	United Kingdom
15670	US	USAF/US Army fiscal-year serial	68-0011	General Dynamics	F-111E	United Kingdom
24898	US	USAF/US Army fiscal-year serial	68-0055	General Dynamics	F-111E	United States
25926	US	USAF/US Army fiscal-year serial	68-0039	General Dynamics	F-111E	United States
25995	US	USAF/US Army fiscal-year serial	68-0019	General Dynamics	F-111E	United States
4192	US	USAF/US Army fiscal-year serial	70-2390	General Dynamics	F-111F	United States
6779	US	USAF/US Army fiscal-year serial	70-2364	General Dynamics	F-111F	United States
6780	US	USAF/US Army fiscal-year serial	70-2408	General Dynamics	F-111F	United States
15868	US	USAF/US Army fiscal-year serial	74-0177	General Dynamics	F-111F	United Kingdom
26152	US	USAF/US Army fiscal-year serial	74-0178	General Dynamics	F-111F	United States
21843	AU	RAAF A-series serial	A8-147	General Dynamics	F-111G	Australia
22233	AU	RAAF A-series serial	A8-272	General Dynamics	F-111G	Australia
25996	US	USAF/US Army fiscal-year serial	68-0284	General Dynamics	F-111G	United States
54	US	USAF/US Army fiscal-year serial	79-10781	Lockheed	F-117A	United States
215	US	USAF/US Army fiscal-year serial	85-0833	Lockheed	F-117A	United States
423	US	USAF/US Army fiscal-year serial	85-0813	Lockheed	F-117A	United States
838	US	USAF/US Army fiscal-year serial	79-10783	Lockheed	F-117A	United States
6532	US	USAF/US Army fiscal-year serial	82-0799	Lockheed	F-117A	United States
6693	US	USAF/US Army fiscal-year serial	79-10780	Lockheed	F-117A	United States
6733	US	USAF/US Army fiscal-year serial	79-10782	Lockheed	F-117A	United States
7529	US	USAF/US Army fiscal-year serial	85-0819	Lockheed	F-117A	United States
8261	US	USAF/US Army fiscal-year serial	85-0831	Lockheed	F-117A	United States
26316	US	USAF/US Army fiscal-year serial	85-0817	Lockheed	F-117A	United States
19480	US	USAF/US Army fiscal-year serial	73-0098	McDonnell Douglas	F-15A	Israel
49	US	USAF/US Army fiscal-year serial	76-0008	McDonnell Douglas	F-15A	United States
392	US	USAF/US Army fiscal-year serial	74-0119	McDonnell Douglas	F-15A	United States
845	US	USAF/US Army fiscal-year serial	71-0287	McDonnell Douglas	F-15A	United States
4424	US	USAF/US Army fiscal-year serial	74-0118	McDonnell Douglas	F-15A	United States
5689	US	USAF/US Army fiscal-year serial	76-0048	McDonnell Douglas	F-15A	United States
6267	US	USAF/US Army fiscal-year serial	76-0020	McDonnell Douglas	F-15A	United Kingdom
6337	US	USAF/US Army fiscal-year serial	73-0089	McDonnell Douglas	F-15A	United States
6338	US	USAF/US Army fiscal-year serial	76-0014	McDonnell Douglas	F-15A	United States
6544	US	USAF/US Army fiscal-year serial	77-0090	McDonnell Douglas	F-15A	United States
6732	US	USAF/US Army fiscal-year serial	76-0037	McDonnell Douglas	F-15A	United States
7296	US	USAF/US Army fiscal-year serial	76-0067	McDonnell Douglas	F-15A	United States
7343	US	USAF/US Army fiscal-year serial	76-0108	McDonnell Douglas	F-15A	United States
7403	US	USAF/US Army fiscal-year serial	71-0280	McDonnell Douglas	F-15A	United States
7530	US	USAF/US Army fiscal-year serial	76-0027	McDonnell Douglas	F-15A	United States
7717	US	USAF/US Army fiscal-year serial	71-0286	McDonnell Douglas	F-15A	United States
7931	US	USAF/US Army fiscal-year serial	76-0018	McDonnell Douglas	F-15A	United States
7964	US	USAF/US Army fiscal-year serial	76-0063	McDonnell Douglas	F-15A	United States
8066	US	USAF/US Army fiscal-year serial	76-0024	McDonnell Douglas	F-15A	United States
8132	US	USAF/US Army fiscal-year serial	76-0042	McDonnell Douglas	F-15A	United States
8402	US	USAF/US Army fiscal-year serial	76-0094	McDonnell Douglas	F-15A	United States
8436	US	USAF/US Army fiscal-year serial	76-0088	McDonnell Douglas	F-15A	United States
9917	US	USAF/US Army fiscal-year serial	75-0045	McDonnell Douglas	F-15A	United States
10143	US	USAF/US Army fiscal-year serial	74-0124	McDonnell Douglas	F-15A	United States
10238	US	USAF/US Army fiscal-year serial	75-0055	McDonnell Douglas	F-15A	United States
10435	US	USAF/US Army fiscal-year serial	76-0009	McDonnell Douglas	F-15A	United States
10453	US	USAF/US Army fiscal-year serial	76-0066	McDonnell Douglas	F-15A	United States
15671	US	USAF/US Army fiscal-year serial	74-0131	McDonnell Douglas	F-15A	United Kingdom
23868	US	USAF/US Army fiscal-year serial	76-0012	McDonnell Douglas	F-15A	United States
24725	US	USAF/US Army fiscal-year serial	75-0026	McDonnell Douglas	F-15A	United States
24869	US	USAF/US Army fiscal-year serial	73-0085	McDonnell Douglas	F-15A	United States
24916	US	USAF/US Army fiscal-year serial	77-0084	McDonnell Douglas	F-15A	United States
24946	US	USAF/US Army fiscal-year serial	73-0099	McDonnell Douglas	F-15A	United States
25019	US	USAF/US Army fiscal-year serial	75-0043	McDonnell Douglas	F-15A	United States
25261	US	USAF/US Army fiscal-year serial	77-0104	McDonnell Douglas	F-15A	United States
25264	US	USAF/US Army fiscal-year serial	76-0040	McDonnell Douglas	F-15A	United States
26034	US	USAF/US Army fiscal-year serial	73-0086	McDonnell Douglas	F-15A	United States
26184	US	USAF/US Army fiscal-year serial	77-0068	McDonnell Douglas	F-15A	United States
26286	US	USAF/US Army fiscal-year serial	77-0067	McDonnell Douglas	F-15A	United States
26298	US	USAF/US Army fiscal-year serial	73-0100	McDonnell Douglas	F-15A	United States
26615	US	USAF/US Army fiscal-year serial	75-0084	McDonnell Douglas	F-15A	United States
27016	US	USAF/US Army fiscal-year serial	75-0065	McDonnell Douglas	F-15A	United States
27212	US	USAF/US Army fiscal-year serial	74-0112	McDonnell Douglas	F-15A	United States
27257	US	USAF/US Army fiscal-year serial	74-0084	McDonnell Douglas	F-15A	United States
27285	US	USAF/US Army fiscal-year serial	74-0081	McDonnell Douglas	F-15A	United States
843	US	USAF/US Army fiscal-year serial	73-0114	McDonnell Douglas	F-15B	United States
7381	US	USAF/US Army fiscal-year serial	77-0154	McDonnell Douglas	F-15B	United States
10387	US	USAF/US Army fiscal-year serial	77-0159	McDonnell Douglas	F-15B	United States
14077	US	USAF/US Army fiscal-year serial	71-0291	McDonnell Douglas	F-15B	Saudi Arabia
25886	US	USAF/US Army fiscal-year serial	77-0161	McDonnell Douglas	F-15B	United States
1879	US	USAF/US Army fiscal-year serial	80-0014	McDonnell Douglas	F-15C	United States
5842	US	USAF/US Army fiscal-year serial	85-0114	McDonnell Douglas	F-15C	United States
8097	US	USAF/US Army fiscal-year serial	79-0022	McDonnell Douglas	F-15C	United States
24971	US	USAF/US Army fiscal-year serial	78-0479	McDonnell Douglas	F-15C	United States
10144	US	USAF/US Army fiscal-year serial	86-0184	McDonnell Douglas	F-15E	United States
1894	US	USAF/US Army fiscal-year serial	78-0105	General Dynamics	F-16	United States
374	US	USAF/US Army fiscal-year serial	80-0543	General Dynamics	F-16A	United States
4445	US	USAF/US Army fiscal-year serial	80-0509	General Dynamics	F-16A	United States
4446	US	USAF/US Army fiscal-year serial	80-0527	General Dynamics	F-16A	United States
6522	US	USAF/US Army fiscal-year serial	79-0388	General Dynamics	F-16A	United States
6523	US	USAF/US Army fiscal-year serial	79-0402	General Dynamics	F-16A	United States
6524	US	USAF/US Army fiscal-year serial	81-0678	General Dynamics	F-16A	United States
6718	US	USAF/US Army fiscal-year serial	79-0307	General Dynamics	F-16A	United States
6747	US	USAF/US Army fiscal-year serial	78-0050	General Dynamics	F-16A	United States
7380	US	USAF/US Army fiscal-year serial	80-0481	General Dynamics	F-16A	United States
7446	US	USAF/US Army fiscal-year serial	81-0789	General Dynamics	F-16A	United States
7598	US	USAF/US Army fiscal-year serial	80-0505	General Dynamics	F-16A	United States
7913	US	USAF/US Army fiscal-year serial	78-0066	General Dynamics	F-16A	United States
7959	US	USAF/US Army fiscal-year serial	80-0498	General Dynamics	F-16A	United States
8001	US	USAF/US Army fiscal-year serial	79-0373	General Dynamics	F-16A	United States
8098	US	USAF/US Army fiscal-year serial	80-0499	General Dynamics	F-16A	United States
8133	US	USAF/US Army fiscal-year serial	75-0748	General Dynamics	F-16A	United States
8486	US	USAF/US Army fiscal-year serial	80-0513	General Dynamics	F-16A	United States
8577	US	USAF/US Army fiscal-year serial	81-0663	General Dynamics	F-16A	United States
8641	US	USAF/US Army fiscal-year serial	80-0519	General Dynamics	F-16A	United States
8679	US	USAF/US Army fiscal-year serial	79-0312	General Dynamics	F-16A	United States
9916	US	USAF/US Army fiscal-year serial	79-0334	General Dynamics	F-16A	United States
10133	US	USAF/US Army fiscal-year serial	80-0573	General Dynamics	F-16A	United States
10240	US	USAF/US Army fiscal-year serial	78-0001	General Dynamics	F-16A	United States
10348	US	USAF/US Army fiscal-year serial	78-0058	General Dynamics	F-16A	United States
10353	US	USAF/US Army fiscal-year serial	79-0368	General Dynamics	F-16A	United States
10434	US	USAF/US Army fiscal-year serial	82-0910	General Dynamics	F-16A	United States
10454	US	USAF/US Army fiscal-year serial	81-0759	General Dynamics	F-16A	United States
10653	US	USAF/US Army fiscal-year serial	78-0065	General Dynamics	F-16A	United States
20100	US	USAF/US Army fiscal-year serial	82-0970	General Dynamics	F-16A	United States
20211	US	USAF/US Army fiscal-year serial	78-0025	General Dynamics	F-16A	United States
24420	US	USAF/US Army fiscal-year serial	79-0337	General Dynamics	F-16A	United States
24458	US	USAF/US Army fiscal-year serial	79-0403	General Dynamics	F-16A	United States
24596	US	USAF/US Army fiscal-year serial	80-0504	General Dynamics	F-16A	United States
24821	US	USAF/US Army fiscal-year serial	79-0345	General Dynamics	F-16A	United States
24906	US	USAF/US Army fiscal-year serial	81-0676	General Dynamics	F-16A	United States
25276	US	USAF/US Army fiscal-year serial	79-0357	General Dynamics	F-16A	United States
25637	US	USAF/US Army fiscal-year serial	78-0008	General Dynamics	F-16A	United States
25929	US	USAF/US Army fiscal-year serial	79-0309	General Dynamics	F-16A	United States
25941	US	USAF/US Army fiscal-year serial	75-0746	General Dynamics	F-16A	United States
26182	US	USAF/US Army fiscal-year serial	79-0407	General Dynamics	F-16A	United States
26311	US	USAF/US Army fiscal-year serial	80-0524	General Dynamics	F-16A	United States
26402	US	USAF/US Army fiscal-year serial	78-0059	General Dynamics	F-16A	United States
26539	US	USAF/US Army fiscal-year serial	80-0507	General Dynamics	F-16A	United States
26681	US	USAF/US Army fiscal-year serial	79-0387	General Dynamics	F-16A	United States
26746	US	USAF/US Army fiscal-year serial	81-0686	General Dynamics	F-16A	United States
26834	US	USAF/US Army fiscal-year serial	81-0807	General Dynamics	F-16A	United States
26904	US	USAF/US Army fiscal-year serial	79-0364	General Dynamics	F-16A	United States
26986	US	USAF/US Army fiscal-year serial	80-0522	General Dynamics	F-16A	United States
26992	US	USAF/US Army fiscal-year serial	82-0928	General Dynamics	F-16A	United States
27043	US	USAF/US Army fiscal-year serial	82-0926	General Dynamics	F-16A	United States
27049	US	USAF/US Army fiscal-year serial	80-0605	General Dynamics	F-16A	United States
27211	US	USAF/US Army fiscal-year serial	79-0290	General Dynamics	F-16A	United States
27300	US	USAF/US Army fiscal-year serial	78-0052	General Dynamics	F-16A	United States
541	US	USAF/US Army fiscal-year serial	80-0633	General Dynamics	F-16B	United States
820	US	USAF/US Army fiscal-year serial	75-0751	General Dynamics	F-16B	United States
821	US	USAF/US Army fiscal-year serial	80-0634	General Dynamics	F-16B	United States
4447	US	USAF/US Army fiscal-year serial	78-0077	General Dynamics	F-16B	United States
7011	US	USAF/US Army fiscal-year serial	75-0752	General Dynamics	F-16B	United States
7414	US	USAF/US Army fiscal-year serial	78-0107	General Dynamics	F-16B	United States
7533	US	USAF/US Army fiscal-year serial	79-0430	General Dynamics	F-16B	United States
25405	US	USAF/US Army fiscal-year serial	78-0088	General Dynamics	F-16B	United States
25614	US	USAF/US Army fiscal-year serial	81-0816	General Dynamics	F-16B	United States
26616	US	USAF/US Army fiscal-year serial	81-0817	General Dynamics	F-16B	United States
26676	US	USAF/US Army fiscal-year serial	79-0420	General Dynamics	F-16B	United States
51	US	USAF/US Army fiscal-year serial	84-1301	Lockheed Martin	F-16C	United States
7389	US	USAF/US Army fiscal-year serial	84-1393	General Dynamics	F-16C	United States
10654	US	USAF/US Army fiscal-year serial	83-1126	General Dynamics	F-16C	United States
19669	US	USAF/US Army fiscal-year serial	89-0032	General Dynamics	F-16C	Turkey
26740	US	USAF/US Army fiscal-year serial	84-1264	General Dynamics	F-16C	United States
27095	US	USAF/US Army fiscal-year serial	85-1469	General Dynamics	F-16C	United States
822	US	USAF/US Army fiscal-year serial	75-0747	General Dynamics	F-16XL	United States
823	US	USAF/US Army fiscal-year serial	75-0749	General Dynamics	F-16XL	United States
1998	US	N-number	N44671	Northrop	F-20A	United States
839	US	USAF/US Army fiscal-year serial	87-0700	Lockheed	F-22	United States
53	US	USAF/US Army fiscal-year serial	91-4003	Lockheed Martin	F-22A	United States
6537	US	USAF/US Army fiscal-year serial	91-4002	Lockheed Martin	F-22A	United States
10241	US	USAF/US Army fiscal-year serial	91-4005	Lockheed Martin	F-22A	United States
16370	GB	RAF two-letter serial	HB612	Fairchild	F-24Argus	United Kingdom
27307	US	N-number	N20617	Fairchild	F-24J	United States
38408	GB	RAF two-letter serial	KK476	Fairchild	F-24R Argus Mk III	South Africa
23735	IS	TF- registration	TF-SYN	Fokker	F-27-200	Iceland
11451	AR	LV- registration	LV-RLB	Fairchild	F-27J	Argentina
12881	CL	CC- registration	CC-CBS	Fairchild	F-27J	Chile
23373	SE	SE- registration	SE-HFX	Enstrom	F-28A	Denmark
18775	FR	F- registration	F-PYJF	Fère	F-3	France
153	US	USAF/US Army fiscal-year serial	63-7693	McDonnell Douglas	F-4C	United States
849	US	USAF/US Army fiscal-year serial	63-7407	McDonnell	F-4C	United States
3218	US	USAF/US Army fiscal-year serial	64-0912	McDonnell	F-4C	United States
4420	US	USAF/US Army fiscal-year serial	64-0673	McDonnell Douglas	F-4C	United States
6336	US	USAF/US Army fiscal-year serial	63-7647	McDonnell	F-4C	United States
6472	US	USAF/US Army fiscal-year serial	64-0776	McDonnell	F-4C	United States
6541	US	USAF/US Army fiscal-year serial	63-7424	McDonnell Douglas	F-4C	United States
6657	US	USAF/US Army fiscal-year serial	68-0594	McDonnell Douglas	F-4C	United States
6694	US	USAF/US Army fiscal-year serial	64-0806	McDonnell Douglas	F-4C	United States
6700	US	USAF/US Army fiscal-year serial	65-0886	McDonnell Douglas	F-4C	United States
6730	US	USAF/US Army fiscal-year serial	63-7537	McDonnell	F-4C	United States
6971	US	USAF/US Army fiscal-year serial	64-0825	McDonnell Douglas	F-4C	United States
7224	US	USAF/US Army fiscal-year serial	63-7415	McDonnell	F-4C	United States
7324	US	USAF/US Army fiscal-year serial	69-0367	McDonnell Douglas	F-4C	United States
7344	US	USAF/US Army fiscal-year serial	63-7515	McDonnell	F-4C	United States
7347	US	USAF/US Army fiscal-year serial	63-7744	McDonnell	F-4C	United States
7390	US	USAF/US Army fiscal-year serial	64-0712	McDonnell	F-4C	United States
7458	US	USAF/US Army fiscal-year serial	64-0791	McDonnell Douglas	F-4C	United States
7532	US	USAF/US Army fiscal-year serial	63-7426	McDonnell	F-4C	United States
7595	US	USAF/US Army fiscal-year serial	63-7440	McDonnell	F-4C	United States
7909	US	USAF/US Army fiscal-year serial	63-7702	McDonnell	F-4C	United States
7932	US	USAF/US Army fiscal-year serial	63-7540	McDonnell	F-4C	United States
7963	US	USAF/US Army fiscal-year serial	64-0792	McDonnell	F-4C	United States
7998	US	USAF/US Army fiscal-year serial	63-7551	McDonnell	F-4C	United States
8068	US	USAF/US Army fiscal-year serial	64-0799	McDonnell	F-4C	United States
8470	US	USAF/US Army fiscal-year serial	64-0683	McDonnell	F-4C	United States
9909	US	USAF/US Army fiscal-year serial	63-7487	McDonnell	F-4C	United States
10140	US	USAF/US Army fiscal-year serial	64-0817	McDonnell	F-4C	United States
10234	US	USAF/US Army fiscal-year serial	64-0748	McDonnell	F-4C	United States
10324	US	USAF/US Army fiscal-year serial	63-7704	McDonnell	F-4C	United States
10384	US	USAF/US Army fiscal-year serial	63-7594	McDonnell	F-4C	United States
10433	US	USAF/US Army fiscal-year serial	63-7479	McDonnell	F-4C	United States
10452	US	USAF/US Army fiscal-year serial	63-7679	McDonnell	F-4C	United States
12871	US	USAF/US Army fiscal-year serial	63-7683	McDonnell Douglas	F-4C	Chile
15286	US	USAF/US Army fiscal-year serial	63-7699	McDonnell Douglas	F-4C	United Kingdom
15287	US	USAF/US Army fiscal-year serial	63-7414	McDonnell Douglas	F-4C	United Kingdom
15669	US	USAF/US Army fiscal-year serial	63-7419	McDonnell Douglas	F-4C	United Kingdom
17329	US	USAF/US Army fiscal-year serial	63-7421	McDonnell Douglas	F-4C	Germany
17330	US	USAF/US Army fiscal-year serial	63-7583	McDonnell Douglas	F-4C	Germany
17953	US	USAF/US Army fiscal-year serial	63-7446	McDonnell Douglas	F-4C	Germany
17954	US	USAF/US Army fiscal-year serial	58-0265	McDonnell Douglas	F-4C	Germany
20096	US	USAF/US Army fiscal-year serial	63-7411	McDonnell Douglas	F-4C	United States
20126	US	USAF/US Army fiscal-year serial	63-7463	McDonnell Douglas	F-4C	United States
24480	US	USAF/US Army fiscal-year serial	64-0660	McDonnell	F-4C	United States
24730	US	USAF/US Army fiscal-year serial	63-7559	McDonnell	F-4C	United States
24854	US	USAF/US Army fiscal-year serial	64-0815	McDonnell	F-4C	United States
24891	US	USAF/US Army fiscal-year serial	63-7477	McDonnell Douglas	F-4C	United States
25467	US	USAF/US Army fiscal-year serial	64-0919	McDonnell	F-4C	United States
25887	US	USAF/US Army fiscal-year serial	64-0770	McDonnell	F-4C	United States
25962	US	USAF/US Army fiscal-year serial	64-0816	McDonnell	F-4C	United States
25974	US	USAF/US Army fiscal-year serial	63-7622	McDonnell	F-4C	United States
26032	US	USAF/US Army fiscal-year serial	63-7556	McDonnell	F-4C	United States
26180	US	USAF/US Army fiscal-year serial	63-7644	McDonnell	F-4C	United States
26201	US	USAF/US Army fiscal-year serial	63-7654	McDonnell	F-4C	United States
26307	US	USAF/US Army fiscal-year serial	63-7532	McDonnell	F-4C	United States
26399	US	USAF/US Army fiscal-year serial	63-7534	McDonnell	F-4C	United States
26441	US	USAF/US Army fiscal-year serial	63-7555	McDonnell	F-4C	United States
26518	US	USAF/US Army fiscal-year serial	64-0783	McDonnell	F-4C	United States
26533	US	USAF/US Army fiscal-year serial	64-0889	McDonnell	F-4C	United States
26548	US	USAF/US Army fiscal-year serial	64-0844	McDonnell	F-4C	United States
26685	US	USAF/US Army fiscal-year serial	64-0754	McDonnell	F-4C	United States
26700	US	USAF/US Army fiscal-year serial	63-7491	McDonnell	F-4C	United States
26720	US	USAF/US Army fiscal-year serial	64-0911	McDonnell	F-4C	United States
26745	US	USAF/US Army fiscal-year serial	63-7565	McDonnell	F-4C	United States
26755	US	USAF/US Army fiscal-year serial	63-7623	McDonnell	F-4C	United States
26829	US	USAF/US Army fiscal-year serial	63-7482	McDonnell	F-4C	United States
27037	US	USAF/US Army fiscal-year serial	64-0665	McDonnell	F-4C	United States
27156	US	USAF/US Army fiscal-year serial	63-7507	McDonnell	F-4C	United States
27167	US	USAF/US Army fiscal-year serial	63-7417	McDonnell	F-4C	United States
27282	US	USAF/US Army fiscal-year serial	63-7628	McDonnell	F-4C	United States
27293	US	USAF/US Army fiscal-year serial	64-0890	McDonnell	F-4C	United States
27301	US	USAF/US Army fiscal-year serial	64-0905	McDonnell	F-4C	United States
1902	US	USAF/US Army fiscal-year serial	65-0696	McDonnell Douglas	F-4D	United States
2732	US	USAF/US Army fiscal-year serial	66-7716	McDonnell	F-4D	United States
6542	US	USAF/US Army fiscal-year serial	66-8711	McDonnell Douglas	F-4D	United States
7054	US	USAF/US Army fiscal-year serial	66-8812	McDonnell Douglas	F-4D	United States
7314	US	USAF/US Army fiscal-year serial	65-0796	McDonnell Douglas	F-4D	United States
7431	US	USAF/US Army fiscal-year serial	66-8788	McDonnell Douglas	F-4D	United States
7457	US	USAF/US Army fiscal-year serial	65-0777	McDonnell Douglas	F-4D	United States
7459	US	USAF/US Army fiscal-year serial	66-8768	McDonnell Douglas	F-4D	United States
7574	US	USAF/US Army fiscal-year serial	66-7518	McDonnell	F-4D	United States
7676	US	USAF/US Army fiscal-year serial	66-0268	McDonnell	F-4D	United States
7816	US	USAF/US Army fiscal-year serial	66-7746	McDonnell Douglas	F-4D	United States
7893	US	USAF/US Army fiscal-year serial	65-0801	McDonnell Douglas	F-4D	United States
7922	US	USAF/US Army fiscal-year serial	66-0271	McDonnell Douglas	F-4D	United States
8131	US	USAF/US Army fiscal-year serial	66-7463	McDonnell	F-4D	United States
8230	US	USAF/US Army fiscal-year serial	65-0735	McDonnell	F-4D	United States
10437	US	USAF/US Army fiscal-year serial	66-0266	McDonnell Douglas	F-4D	United States
24357	US	USAF/US Army fiscal-year serial	65-0626	McDonnell Douglas	F-4D	United States
24890	US	USAF/US Army fiscal-year serial	66-7554	McDonnell Douglas	F-4D	United States
25077	US	USAF/US Army fiscal-year serial	66-0269	McDonnell Douglas	F-4D	United States
25232	US	USAF/US Army fiscal-year serial	65-0712	McDonnell Douglas	F-4D	United States
25281	US	USAF/US Army fiscal-year serial	66-0240	McDonnell	F-4D	United States
25453	US	USAF/US Army fiscal-year serial	66-0259	McDonnell	F-4D	United States
25636	US	USAF/US Army fiscal-year serial	66-7661	McDonnell	F-4D	United States
25651	US	USAF/US Army fiscal-year serial	66-7455	McDonnell	F-4D	United States
26151	US	USAF/US Army fiscal-year serial	66-7550	McDonnell Douglas	F-4D	United States
26237	US	USAF/US Army fiscal-year serial	66-7500	McDonnell Douglas	F-4D	United States
26540	US	USAF/US Army fiscal-year serial	66-7626	McDonnell	F-4D	United States
26680	US	USAF/US Army fiscal-year serial	66-7468	McDonnell	F-4D	United States
26825	US	USAF/US Army fiscal-year serial	66-8755	McDonnell	F-4D	United States
26903	US	USAF/US Army fiscal-year serial	65-0608	McDonnell	F-4D	United States
26995	US	USAF/US Army fiscal-year serial	66-7693	McDonnell	F-4D	United States
27042	US	USAF/US Army fiscal-year serial	64-0972	McDonnell	F-4D	United States
154	US	USAF/US Army fiscal-year serial	68-0382	McDonnell Douglas	F-4E	United States
395	US	USAF/US Army fiscal-year serial	66-0289	McDonnell	F-4E	United States
846	US	USAF/US Army fiscal-year serial	65-0713	McDonnell Douglas	F-4E	United States
4421	US	USAF/US Army fiscal-year serial	66-0329	McDonnell Douglas	F-4E	United States
6722	US	USAF/US Army fiscal-year serial	74-0625	McDonnell Douglas	F-4E	United States
6996	US	USAF/US Army fiscal-year serial	67-0384	McDonnell Douglas	F-4E	United States
7454	US	USAF/US Army fiscal-year serial	67-0249	McDonnell Douglas	F-4E	United States
7465	US	USAF/US Army fiscal-year serial	66-0368	McDonnell	F-4E	United States
8156	US	USAF/US Army fiscal-year serial	66-0287	McDonnell Douglas	F-4E	United States
8397	US	USAF/US Army fiscal-year serial	66-0315	McDonnell Douglas	F-4E	United States
8401	US	USAF/US Army fiscal-year serial	68-0465	McDonnell Douglas	F-4E	United States
8437	US	USAF/US Army fiscal-year serial	68-0338	McDonnell	F-4E	United States
10297	US	USAF/US Army fiscal-year serial	67-0392	McDonnell Douglas	F-4E	United States
17176	US	USAF/US Army fiscal-year serial	75-0635	McDonnell Douglas	F-4E	Germany
17752	US	USAF/US Army fiscal-year serial	68-0554	McDonnell Douglas	F-4E	Germany
19662	US	USAF/US Army fiscal-year serial	67-0338	McDonnell Douglas	F-4E	Turkey
19663	US	USAF/US Army fiscal-year serial	67-0360	McDonnell Douglas	F-4E	Turkey
19713	US	USAF/US Army fiscal-year serial	67-0230	McDonnell Douglas	F-4E	Turkey
19812	US	USAF/US Army fiscal-year serial	68-0348	McDonnell Douglas	F-4E	Turkey
19829	US	USAF/US Army fiscal-year serial	67-0265	McDonnell Douglas	F-4E	Turkey
19836	US	USAF/US Army fiscal-year serial	67-0274	McDonnell Douglas	F-4E	Turkey
19848	US	USAF/US Army fiscal-year serial	67-0262	McDonnell Douglas	F-4E	Turkey
19849	US	USAF/US Army fiscal-year serial	68-0482	McDonnell Douglas	F-4E	Turkey
19853	US	USAF/US Army fiscal-year serial	68-0351	McDonnell Douglas	F-4E	Turkey
19875	US	USAF/US Army fiscal-year serial	67-0331	McDonnell Douglas	F-4E	Turkey
19880	US	USAF/US Army fiscal-year serial	67-0210	McDonnell Douglas	F-4E	Turkey
19892	US	USAF/US Army fiscal-year serial	67-0251	McDonnell Douglas	F-4E	Turkey
19898	US	USAF/US Army fiscal-year serial	67-0290	McDonnell Douglas	F-4E	Turkey
19913	US	USAF/US Army fiscal-year serial	67-0232	McDonnell Douglas	F-4E	Turkey
19915	US	USAF/US Army fiscal-year serial	67-0280	McDonnell Douglas	F-4E	Turkey
19917	US	USAF/US Army fiscal-year serial	67-0227	McDonnell Douglas	F-4E	Turkey
19918	US	USAF/US Army fiscal-year serial	68-0319	McDonnell Douglas	F-4E	Turkey
19923	US	USAF/US Army fiscal-year serial	67-0354	McDonnell Douglas	F-4E	Turkey
19947	US	USAF/US Army fiscal-year serial	67-0376	McDonnell Douglas	F-4E	Turkey
19957	US	USAF/US Army fiscal-year serial	67-0302	McDonnell Douglas	F-4E	Turkey
19981	US	USAF/US Army fiscal-year serial	67-0395	McDonnell Douglas	F-4E	Turkey
19987	US	USAF/US Army fiscal-year serial	67-0208	McDonnell Douglas	F-4E	Turkey
20011	US	USAF/US Army fiscal-year serial	68-0313	McDonnell Douglas	F-4E	Turkey
20016	US	USAF/US Army fiscal-year serial	67-0217	McDonnell Douglas	F-4E	Turkey
20021	US	USAF/US Army fiscal-year serial	66-0293	McDonnell Douglas	F-4E	Turkey
20036	US	USAF/US Army fiscal-year serial	73-1016	McDonnell Douglas	F-4E	Turkey
20047	US	USAF/US Army fiscal-year serial	66-0339	McDonnell Douglas	F-4E	Turkey
20048	US	USAF/US Army fiscal-year serial	68-0474	McDonnell Douglas	F-4E	Turkey
20049	US	USAF/US Army fiscal-year serial	66-0301	McDonnell Douglas	F-4E	Turkey
20053	US	USAF/US Army fiscal-year serial	67-0222	McDonnell Douglas	F-4E	Turkey
20060	US	USAF/US Army fiscal-year serial	68-0504	McDonnell Douglas	F-4E	Turkey
20062	US	USAF/US Army fiscal-year serial	66-0292	McDonnell Douglas	F-4E	Turkey
20066	US	USAF/US Army fiscal-year serial	66-0323	McDonnell Douglas	F-4E	Turkey
22241	US	USAF/US Army fiscal-year serial	67-0237	McDonnell Douglas	F-4E	Australia
23298	US	USAF/US Army fiscal-year serial	67-0333	McDonnell Douglas	F-4E	Norway
23773	US	USAF/US Army fiscal-year serial	72-1407	McDonnell Douglas	F-4E	Iceland
25599	US	USAF/US Army fiscal-year serial	67-0270	McDonnell	F-4E	United States
25625	US	USAF/US Army fiscal-year serial	66-0286	McDonnell	F-4E	United States
25893	US	USAF/US Army fiscal-year serial	74-0649	McDonnell Douglas	F-4E	United States
26186	US	USAF/US Army fiscal-year serial	66-0319	McDonnell Douglas	F-4E	United States
26328	US	USAF/US Army fiscal-year serial	74-0658	McDonnell Douglas	F-4E	United States
26739	US	USAF/US Army fiscal-year serial	67-0389	McDonnell	F-4E	United States
16945	US	USAF/US Army fiscal-year serial	75-0632	McDonnell Douglas	F-4E Phantom II	Germany
6869	US	USAF/US Army fiscal-year serial	72-1135	McDonnell Douglas	F-4F	United States
16960	DE	Bundeswehr NN+NN	38+74	McDonnell Douglas	F-4F	Germany
17112	DE	Bundeswehr NN+NN	38+34	McDonnell Douglas	F-4F	Germany
17177	DE	Bundeswehr NN+NN	38+04	McDonnell Douglas	F-4F	Germany
16572	DE	Bundeswehr NN+NN	38+49	McDonnell Douglas	F-4F Phantom II	Germany
16943	DE	Bundeswehr NN+NN	37+01	McDonnell Douglas	F-4F Phantom II	Germany
17452	DE	Bundeswehr NN+NN	37+58	McDonnell Douglas	F-4F Phantom II	Germany
17480	DE	Bundeswehr NN+NN	38+30	McDonnell Douglas	F-4F Phantom II	Germany
6659	US	USAF/US Army fiscal-year serial	69-7551	McDonnell Douglas	F-4G	United States
26033	US	USAF/US Army fiscal-year serial	63-7657	McDonnell	F-4GF-4C	United States
14665	GB	RAF two-letter serial	ZE360	McDonnell Douglas	F-4J(UK)	United Kingdom
6263	GB	RAF two-letter serial	XV474	McDonnell Douglas	F-4M	United Kingdom
17331	US	USAF/US Army fiscal-year serial	68-0587	McDonnell Douglas	F-4RF-4C	Germany
17113	DE	Bundeswehr NN+NN	35+62	McDonnell Douglas	F-4RF-4E	Germany
10531	US	N-number	N19131	Fairchild	F-46A	United States
7972	US	USAF/US Army fiscal-year serial	63-8393	Northrop	F-5A	United States
8929	US	USAF/US Army fiscal-year serial	65-10507	Northrop	F-5A	Philippines
8937	US	USAF/US Army fiscal-year serial	67-21177	Northrop	F-5A	Philippines
8947	US	USAF/US Army fiscal-year serial	65-10499	Northrop	F-5A	Philippines
8974	US	USAF/US Army fiscal-year serial	64-13326	Northrop	F-5A	Philippines
8994	US	USAF/US Army fiscal-year serial	63-8389	Northrop	F-5A	Philippines
9000	US	USAF/US Army fiscal-year serial	66-9143	Northrop	F-5A	Philippines
5220	US	USAF/US Army fiscal-year serial	72-0441	Northrop	F-5B	United States
6585	US	USAF/US Army fiscal-year serial	63-8440	Northrop	F-5B	United States
7416	US	USAF/US Army fiscal-year serial	73-1630	Northrop	F-5B	United States
532	US	USAF/US Army fiscal-year serial	76-1638	Northrop	F-5E	United States
1905	US	USAF/US Army fiscal-year serial	74-1529	Northrop	F-5E	United States
2997	US	N-number	N4845M	Northrop	F-5E	United States
6554	US	USAF/US Army fiscal-year serial	73-1640	Northrop	F-5E	United States
6697	US	USAF/US Army fiscal-year serial	74-1571	Northrop	F-5E	United States
6973	US	USAF/US Army fiscal-year serial	74-1558	Northrop	F-5E	United States
20136	US	USAF/US Army fiscal-year serial	74-1528	Northrop	F-5E	United States
20207	US	USAF/US Army fiscal-year serial	74-1519	Northrop	F-5E	United States
25726	US	USAF/US Army fiscal-year serial	74-1540	Northrop	F-5E	United States
5981	US	USAF/US Army fiscal-year serial	44-75007	North American	F-51D	United States
6608	US	USAF/US Army fiscal-year serial	67-22579	Cavalier	F-51D	United States
7094	US	N-number	N151MC	Cavalier	F-51D	United States
9816	US	USAF/US Army fiscal-year serial	44-72990	North American	F-51D	United States
10128	US	USAF/US Army fiscal-year serial	68-15796	Cavalier	F-51D	United States
26835	US	USAF/US Army fiscal-year serial	68-15795	North American	F-51D	United States
829	US	USAF/US Army fiscal-year serial	44-85123	Lockheed	F-80A	United States
25441	US	USAF/US Army fiscal-year serial	44-85391	Lockheed	F-80A	United States
385	US	USAF/US Army fiscal-year serial	45-8490	Lockheed	F-80B	United States
6738	US	USAF/US Army fiscal-year serial	45-8501	Lockheed	F-80B	United States
6724	US	USAF/US Army fiscal-year serial	45-8557	Lockheed	F-80C	United States
7808	US	USAF/US Army fiscal-year serial	49-0710	Lockheed	F-80C	United States
7918	US	USAF/US Army fiscal-year serial	47-0215	Lockheed	F-80C	United States
8100	US	USAF/US Army fiscal-year serial	49-1872	Lockheed	F-80C	United States
10136	US	USAF/US Army fiscal-year serial	49-0432	Lockheed	F-80C	United States
24925	US	USAF/US Army fiscal-year serial	45-8357	Lockheed	F-80C	United States
26292	US	USAF/US Army fiscal-year serial	45-8517	Lockheed	F-80C	United States
26332	US	USAF/US Army fiscal-year serial	44-85125	Lockheed	F-80C	United States
26974	US	USAF/US Army fiscal-year serial	47-0171	Lockheed	F-80C	United States
27289	US	USAF/US Army fiscal-year serial	49-1849	Lockheed	F-80C	United States
5126	US	USAF/US Army fiscal-year serial	44-65168	North American	F-82B	United States
7392	US	USAF/US Army fiscal-year serial	49-2285	Republic	F-84	United States
24308	US	USAF/US Army fiscal-year serial	45-59504	Republic	F-84B	United States
177	US	USAF/US Army fiscal-year serial	47-1595	Republic	F-84C	United States
413	US	USAF/US Army fiscal-year serial	47-1530	Republic	F-84C	United States
5241	US	USAF/US Army fiscal-year serial	47-1433	Republic	F-84C	United States
7919	US	USAF/US Army fiscal-year serial	47-1513	Republic	F-84C	United States
8102	US	USAF/US Army fiscal-year serial	47-1562	Republic	F-84C	United States
535	US	USAF/US Army fiscal-year serial	49-2155	Republic	F-84E	United States
5156	US	USAF/US Army fiscal-year serial	50-1143	Republic	F-84E	United States
24237	US	USAF/US Army fiscal-year serial	49-2348	Republic	F-84E	United States
24871	US	USAF/US Army fiscal-year serial	51-0604	Republic	F-84E	United States
24309	US	USAF/US Army fiscal-year serial	51-9480	Republic	F-84F	United States
24358	US	USAF/US Army fiscal-year serial	51-1620	Republic	F-84F	United States
178	US	USAF/US Army fiscal-year serial	51-9432	Republic	F-84F	United States
227	US	USAF/US Army fiscal-year serial	51-9531	Republic	F-84F	United States
414	US	USAF/US Army fiscal-year serial	51-9433	Republic	F-84F	United States
868	US	USAF/US Army fiscal-year serial	51-9350	Republic	F-84F	United States
1053	US	USAF/US Army fiscal-year serial	52-6359	Republic	F-84F	United States
5153	US	USAF/US Army fiscal-year serial	52-6526	Republic	F-84F	United States
5242	US	USAF/US Army fiscal-year serial	52-6563	Republic	F-84F	United States
6365	US	USAF/US Army fiscal-year serial	51-9522	Republic	F-84F	United States
6559	US	USAF/US Army fiscal-year serial	51-1640	Republic	F-84F	United States
6707	US	USAF/US Army fiscal-year serial	51-1810	Republic	F-84F	United States
6725	US	USAF/US Army fiscal-year serial	51-9396	Republic	F-84F	United States
6832	US	USAF/US Army fiscal-year serial	52-7343	Republic	F-84F	United States
7303	US	USAF/US Army fiscal-year serial	51-9364	Republic	F-84F	United States
7361	US	USAF/US Army fiscal-year serial	52-9060	Republic	F-84F	United States
7428	US	USAF/US Army fiscal-year serial	52-8889	Republic	F-84F	United States
7434	US	USAF/US Army fiscal-year serial	52-6553	Republic	F-84F	United States
7665	US	USAF/US Army fiscal-year serial	52-6675	Republic	F-84F	United States
7681	US	USAF/US Army fiscal-year serial	51-1659	Republic	F-84F	United States
7752	US	USAF/US Army fiscal-year serial	52-9089	Republic	F-84F	United States
8204	US	USAF/US Army fiscal-year serial	52-6642	Republic	F-84F	United States
8276	US	USAF/US Army fiscal-year serial	51-1714	Republic	F-84F	United States
8295	US	USAF/US Army fiscal-year serial	52-6385	Republic	F-84F	United States
8296	US	USAF/US Army fiscal-year serial	51-1935	Republic	F-84F	United States
8311	US	USAF/US Army fiscal-year serial	51-9422	Republic	F-84F	United States
8415	US	USAF/US Army fiscal-year serial	51-1639	Republic	F-84F	United States
8516	US	USAF/US Army fiscal-year serial	52-6524	Republic	F-84F	United States
8563	US	USAF/US Army fiscal-year serial	52-7021	Republic	F-84F	United States
8630	US	USAF/US Army fiscal-year serial	51-1346	Republic	F-84F	United States
8634	US	USAF/US Army fiscal-year serial	51-1797	Republic	F-84F	United States
8638	US	USAF/US Army fiscal-year serial	51-9525	General Motors	F-84F	United States
9644	US	USAF/US Army fiscal-year serial	51-9404	Republic	F-84F	United States
9647	US	USAF/US Army fiscal-year serial	51-1487	Republic	F-84F	United States
10149	US	USAF/US Army fiscal-year serial	51-9495	Republic	F-84F	United States
10300	US	USAF/US Army fiscal-year serial	51-1786	Republic	F-84F	United States
10343	US	USAF/US Army fiscal-year serial	51-9381	Republic	F-84F	United States
10379	US	USAF/US Army fiscal-year serial	51-9365	Republic	F-84F	United States
19063	US	USAF/US Army fiscal-year serial	52-7175	Republic	F-84F	France
19720	US	USAF/US Army fiscal-year serial	51-1924	Republic	F-84F	Turkey
19722	US	USAF/US Army fiscal-year serial	53-7186	Republic	F-84F	Turkey
19834	US	USAF/US Army fiscal-year serial	53-7180	Republic	F-84F	Turkey
19864	US	USAF/US Army fiscal-year serial	53-7040	Republic	F-84F	Turkey
20014	US	USAF/US Army fiscal-year serial	53-7026	Republic	F-84F	Turkey
20027	US	USAF/US Army fiscal-year serial	53-7185	Republic	F-84F	Turkey
20037	US	USAF/US Army fiscal-year serial	52-8808	Republic	F-84F	Turkey
20129	US	USAF/US Army fiscal-year serial	51-1817	Republic	F-84F	United States
24224	US	USAF/US Army fiscal-year serial	52-6555	Republic	F-84F	United States
24262	US	USAF/US Army fiscal-year serial	51-1748	Republic	F-84F	United States
24774	US	USAF/US Army fiscal-year serial	52-6476	Republic	F-84F	United States
24794	US	USAF/US Army fiscal-year serial	51-9382	Republic	F-84F	United States
24827	US	USAF/US Army fiscal-year serial	52-6438	Republic	F-84F	United States
24930	US	USAF/US Army fiscal-year serial	52-6701	Republic	F-84F	United States
24974	US	USAF/US Army fiscal-year serial	51-1386	Republic	F-84F	United States
24975	US	USAF/US Army fiscal-year serial	51-9507	Republic	F-84F	United States
25013	US	USAF/US Army fiscal-year serial	51-1653	Republic	F-84F	United States
25257	US	USAF/US Army fiscal-year serial	52-6458	Republic	F-84F	United States
25266	US	USAF/US Army fiscal-year serial	52-6382	Republic	F-84F	United States
25454	US	USAF/US Army fiscal-year serial	51-1658	Republic	F-84F	United States
25600	US	USAF/US Army fiscal-year serial	51-9430	Republic	F-84F	United States
25668	US	USAF/US Army fiscal-year serial	52-7066	Republic	F-84F	United States
26031	US	USAF/US Army fiscal-year serial	52-7080	Republic	F-84F	United States
26204	US	USAF/US Army fiscal-year serial	51-1350	Republic	F-84F	United States
26333	US	USAF/US Army fiscal-year serial	52-6486	Republic	F-84F	United States
26394	US	USAF/US Army fiscal-year serial	51-1664	Republic	F-84F	United States
26445	US	USAF/US Army fiscal-year serial	51-9501	Republic	F-84F	United States
26515	US	USAF/US Army fiscal-year serial	51-9456	Republic	F-84F	United States
26553	US	USAF/US Army fiscal-year serial	52-6993	Republic	F-84F	United States
26591	US	USAF/US Army fiscal-year serial	52-7051	Republic	F-84F	United States
26617	US	USAF/US Army fiscal-year serial	51-9524	Republic	F-84F	United States
26673	US	USAF/US Army fiscal-year serial	51-9313	Republic	F-84F	United States
26679	US	USAF/US Army fiscal-year serial	51-1822	Republic	F-84F	United States
26703	US	USAF/US Army fiscal-year serial	51-9451	Republic	F-84F	United States
26728	US	USAF/US Army fiscal-year serial	51-9419	Republic	F-84F	United States
26729	US	USAF/US Army fiscal-year serial	52-6456	Republic	F-84F	United States
26737	US	USAF/US Army fiscal-year serial	52-6629	Republic	F-84F	United States
26744	US	USAF/US Army fiscal-year serial	52-7027	Republic	F-84F	United States
26757	US	USAF/US Army fiscal-year serial	51-9514	Republic	F-84F	United States
26759	US	USAF/US Army fiscal-year serial	51-1763	Republic	F-84F	United States
26765	US	USAF/US Army fiscal-year serial	51-1631	Republic	F-84F	United States
26766	US	USAF/US Army fiscal-year serial	51-1747	Republic	F-84F	United States
26773	US	USAF/US Army fiscal-year serial	51-1739	Republic	F-84F	United States
26775	US	USAF/US Army fiscal-year serial	52-6617	Republic	F-84F	United States
26800	US	USAF/US Army fiscal-year serial	51-1713	Republic	F-84F	United States
26968	US	USAF/US Army fiscal-year serial	51-1655	Republic	F-84F	United States
26975	US	USAF/US Army fiscal-year serial	52-6497	Republic	F-84F	United States
26990	US	USAF/US Army fiscal-year serial	52-6461	Republic	F-84F	United States
26994	US	USAF/US Army fiscal-year serial	52-6418	Republic	F-84F	United States
27073	US	USAF/US Army fiscal-year serial	52-8886	Republic	F-84F	United States
27143	US	USAF/US Army fiscal-year serial	51-9444	Republic	F-84F	United States
27148	US	USAF/US Army fiscal-year serial	51-1735	Republic	F-84F	United States
27150	US	USAF/US Army fiscal-year serial	51-1818	Republic	F-84F	United States
27178	US	USAF/US Army fiscal-year serial	51-1662	Republic	F-84F	United States
27242	US	USAF/US Army fiscal-year serial	52-7019	Republic	F-84F	United States
27202	US	USAF/US Army fiscal-year serial	52-6969	Republic	F-84F-84F	United States
6560	US	USAF/US Army fiscal-year serial	52-3242	Republic	F-84G	United States
8635	US	USAF/US Army fiscal-year serial	51-0791	Republic	F-84G	United States
19721	US	USAF/US Army fiscal-year serial	52-3011	Republic	F-84G	Turkey
20013	US	USAF/US Army fiscal-year serial	51-10133	Republic	F-84G	Turkey
25703	US	USAF/US Army fiscal-year serial	53-3253	Republic	F-84G	United States
1931	US	USAF/US Army fiscal-year serial	55-3937	North American	F-86	United States
7366	US	USAF/US Army fiscal-year serial	53-1030	North American	F-86	United States
25472	US	USAF/US Army fiscal-year serial	53-1411	North American	F-86	United States
25682	US	USAF/US Army fiscal-year serial	53-0134	North American	F-86	United States
165	US	USAF/US Army fiscal-year serial	49-1324	North American	F-86A	United States
5100	US	USAF/US Army fiscal-year serial	49-1067	North American	F-86A	United States
7411	US	USAF/US Army fiscal-year serial	47-0605	North American	F-86A	United States
8505	US	USAF/US Army fiscal-year serial	48-0263	North American	F-86A	United States
15290	US	USAF/US Army fiscal-year serial	48-0242	North American	F-86A	United Kingdom
26401	US	USAF/US Army fiscal-year serial	49-1095	North American	F-86A	United States
26736	US	USAF/US Army fiscal-year serial	47-0615	North American	F-86A	United States
27207	US	USAF/US Army fiscal-year serial	47-0637	North American	F-86A	United States
27291	US	USAF/US Army fiscal-year serial	49-1195	North American	F-86A	United States
5690	US	USAF/US Army fiscal-year serial	52-3669	North American	F-86D	United States
7391	US	USAF/US Army fiscal-year serial	52-3770	North American	F-86D	United States
8103	US	USAF/US Army fiscal-year serial	52-3653	North American	F-86D	United States
8205	US	USAF/US Army fiscal-year serial	52-3735	North American	F-86D	United States
8237	US	USAF/US Army fiscal-year serial	53-0831	North American	F-86D	United States
8678	US	USAF/US Army fiscal-year serial	51-6261	North American	F-86D	United States
8688	US	USAF/US Army fiscal-year serial	51-5915	North American	F-86D	United States
8943	US	USAF/US Army fiscal-year serial	51-8436	North American	F-86D	Philippines
8972	US	USAF/US Army fiscal-year serial	52-4140	North American	F-86D	Philippines
9002	US	USAF/US Army fiscal-year serial	52-10015	North American	F-86D	Philippines
10355	US	USAF/US Army fiscal-year serial	51-8455	North American	F-86D	United States
26207	US	USAF/US Army fiscal-year serial	52-3679	North American	F-86D	United States
8507	US	USAF/US Army fiscal-year serial	52-3927	North American	F-86D	United States
9642	US	USAF/US Army fiscal-year serial	52-4243	North American	F-86D	United States
5207	US	USAF/US Army fiscal-year serial	50-0600	North American	F-86E	United States
6695	US	USAF/US Army fiscal-year serial	51-13010	North American	F-86E	United States
6737	US	USAF/US Army fiscal-year serial	51-13028	North American	F-86E	United States
7934	US	USAF/US Army fiscal-year serial	50-0625	North American	F-86E	United States
7968	US	USAF/US Army fiscal-year serial	51-2832	North American	F-86E	United States
26677	US	USAF/US Army fiscal-year serial	52-2844	North American	F-86E	United States
26762	US	USAF/US Army fiscal-year serial	50-0632	North American	F-86E	United States
584	US	USAF/US Army fiscal-year serial	52-5012	North American	F-86F	United States
715	US	USAF/US Army fiscal-year serial	51-13082	North American	F-86F	United States
855	US	USAF/US Army fiscal-year serial	52-5241	North American	F-86F	United States
6549	US	USAF/US Army fiscal-year serial	52-4978	North American	F-86F	United States
6603	US	USAF/US Army fiscal-year serial	51-2826	North American	F-86F	United States
6680	US	USAF/US Army fiscal-year serial	52-4584	North American	F-86F	United States
7270	US	USAF/US Army fiscal-year serial	52-4689	North American	F-86F	United States
8002	US	USAF/US Army fiscal-year serial	51-2884	North American	F-86F	United States
8944	US	USAF/US Army fiscal-year serial	52-4428	North American	F-86F	Philippines
8945	US	USAF/US Army fiscal-year serial	51-13468	North American	F-86F	Philippines
8946	US	USAF/US Army fiscal-year serial	52-5158	North American	F-86F	Philippines
8959	US	USAF/US Army fiscal-year serial	52-4835	North American	F-86F	Philippines
8973	US	USAF/US Army fiscal-year serial	52-4468	North American	F-86F	Philippines
10145	US	USAF/US Army fiscal-year serial	52-5513	North American	F-86F	United States
10449	US	USAF/US Army fiscal-year serial	52-4755	North American	F-86F	United States
14046	US	USAF/US Army fiscal-year serial	52-4537	North American	F-86F	Saudi Arabia
24066	US	N-number	N51RS	North American	F-86F	United States
25074	US	USAF/US Army fiscal-year serial	51-13371	North American	F-86F	United States
26334	US	USAF/US Army fiscal-year serial	52-5143	North American	F-86F	United States
26750	US	USAF/US Army fiscal-year serial	52-5434	North American	F-86F	United States
166	US	USAF/US Army fiscal-year serial	53-1304	North American	F-86H	United States
405	US	USAF/US Army fiscal-year serial	53-1230	North American	F-86H	United States
5123	US	USAF/US Army fiscal-year serial	53-1352	North American	F-86H	United States
5208	US	USAF/US Army fiscal-year serial	53-1525	North American	F-86H	United States
6350	US	USAF/US Army fiscal-year serial	53-1251	North American	F-86H	United States
7709	US	USAF/US Army fiscal-year serial	53-1300	North American	F-86H	United States
7809	US	USAF/US Army fiscal-year serial	53-1501	North American	F-86H	United States
8159	US	USAF/US Army fiscal-year serial	53-1308	North American	F-86H	United States
8236	US	USAF/US Army fiscal-year serial	53-1503	North American	F-86H	United States
8272	US	USAF/US Army fiscal-year serial	53-1375	North American	F-86H	United States
10233	US	USAF/US Army fiscal-year serial	52-2044	North American	F-86H	United States
10236	US	USAF/US Army fiscal-year serial	52-5747	North American	F-86H	United States
10308	US	USAF/US Army fiscal-year serial	53-1359	North American	F-86H	United States
10378	US	USAF/US Army fiscal-year serial	53-1358	North American	F-86H	United States
24260	US	USAF/US Army fiscal-year serial	53-1337	North American	F-86H	United States
24270	US	USAF/US Army fiscal-year serial	53-1306	North American	F-86H	United States
24422	US	USAF/US Army fiscal-year serial	53-1519	North American	F-86H	United States
24907	US	USAF/US Army fiscal-year serial	53-1511	North American	F-86H	United States
24945	US	USAF/US Army fiscal-year serial	52-5751	North American	F-86H	United States
25253	US	USAF/US Army fiscal-year serial	53-1353	North American	F-86H	United States
25260	US	USAF/US Army fiscal-year serial	53-1239	North American	F-86H	United States
25618	US	USAF/US Army fiscal-year serial	52-5737	North American	F-86H	United States
25659	US	USAF/US Army fiscal-year serial	52-2048	North American	F-86H	United States
25663	US	USAF/US Army fiscal-year serial	52-2058	North American	F-86H	United States
25673	US	USAF/US Army fiscal-year serial	53-1296	North American	F-86H	United States
25894	US	USAF/US Army fiscal-year serial	53-1370	North American	F-86H	United States
25936	US	USAF/US Army fiscal-year serial	53-1386	North American	F-86H	United States
26238	US	USAF/US Army fiscal-year serial	53-1361	North American	F-86H	United States
26692	US	USAF/US Army fiscal-year serial	52-1983	North American	F-86H	United States
26751	US	USAF/US Army fiscal-year serial	53-1298	North American	F-86H	United States
26996	US	USAF/US Army fiscal-year serial	53-1253	North American	F-86H	United States
27072	US	USAF/US Army fiscal-year serial	53-1302	North American	F-86H	United States
27124	US	USAF/US Army fiscal-year serial	53-1250	North American	F-86H	United States
27173	US	USAF/US Army fiscal-year serial	53-1372	North American	F-86H	United States
27184	US	USAF/US Army fiscal-year serial	53-1392	North American	F-86H	United States
167	US	USAF/US Army fiscal-year serial	50-0560	North American	F-86L	United States
1054	US	USAF/US Army fiscal-year serial	53-0704	North American	F-86L	United States
5209	US	USAF/US Army fiscal-year serial	53-0965	North American	F-86L	United States
6573	US	USAF/US Army fiscal-year serial	53-1045	North American	F-86L	United States
6701	US	USAF/US Army fiscal-year serial	53-0568	North American	F-86L	United States
7169	US	USAF/US Army fiscal-year serial	51-6144	North American	F-86L	United States
7301	US	USAF/US Army fiscal-year serial	53-4035	North American	F-86L	United States
7601	US	USAF/US Army fiscal-year serial	51-8409	North American	F-86L	United States
7621	US	USAF/US Army fiscal-year serial	53-0566	North American	F-86L	United States
7920	US	USAF/US Army fiscal-year serial	52-4256	North American	F-86L	United States
7969	US	USAF/US Army fiscal-year serial	52-4191	North American	F-86L	United States
8069	US	USAF/US Army fiscal-year serial	53-0782	North American	F-86L	United States
9904	US	USAF/US Army fiscal-year serial	51-2993	North American	F-86L	United States
10207	US	USAF/US Army fiscal-year serial	51-3064	North American	F-86L	United States
10487	US	USAF/US Army fiscal-year serial	53-0781	North American	F-86L	United States
24201	US	USAF/US Army fiscal-year serial	53-0665	North American	F-86L	United States
24344	US	USAF/US Army fiscal-year serial	52-10052	North American	F-86L	United States
24864	US	USAF/US Army fiscal-year serial	52-10057	North American	F-86L	United States
24972	US	USAF/US Army fiscal-year serial	51-5896	North American	F-86L	United States
24978	US	USAF/US Army fiscal-year serial	52-3651	North American	F-86L	United States
24995	US	USAF/US Army fiscal-year serial	51-5891	North American	F-86L	United States
25440	US	USAF/US Army fiscal-year serial	53-0635	North American	F-86L	United States
25672	US	USAF/US Army fiscal-year serial	51-6078	North American	F-86L	United States
25896	US	USAF/US Army fiscal-year serial	52-4142	North American	F-86L	United States
25937	US	USAF/US Army fiscal-year serial	53-1064	North American	F-86L	United States
26021	US	USAF/US Army fiscal-year serial	52-4168	North American	F-86L	United States
26240	US	USAF/US Army fiscal-year serial	53-0847	North American	F-86L	United States
26272	US	USAF/US Army fiscal-year serial	53-1061	North American	F-86L	United States
26443	US	USAF/US Army fiscal-year serial	53-1060	North American	F-86L	United States
26687	US	USAF/US Army fiscal-year serial	53-0700	North American	F-86L	United States
27135	US	USAF/US Army fiscal-year serial	53-0719	North American	F-86L	United States
27154	US	USAF/US Army fiscal-year serial	53-0750	North American	F-86L	United States
27216	US	USAF/US Army fiscal-year serial	53-0997	North American	F-86L	United States
27254	US	USAF/US Army fiscal-year serial	53-0806	North American	F-86L	United States
8506	US	USAF/US Army fiscal-year serial	53-0658	North American	F-86L	United States
25967	US	USAF/US Army fiscal-year serial	52-1976	North American	F-86YF-86H	United States
6356	US	USAF/US Army fiscal-year serial	53-26077	Northrop	F-89A	United States
6601	US	USAF/US Army fiscal-year serial	49-2457	Northrop	F-89B	United States
7223	US	USAF/US Army fiscal-year serial	49-2434	Northrop	F-89B	United States
859	US	USAF/US Army fiscal-year serial	52-1959	Northrop	F-89D	United States
10148	US	USAF/US Army fiscal-year serial	53-2610	Northrop	F-89D	United States
26400	US	USAF/US Army fiscal-year serial	52-1868	Northrop	F-89D	United States
27189	US	USAF/US Army fiscal-year serial	51-11443	Northrop	F-89D	United States
27284	US	USAF/US Army fiscal-year serial	52-1862	Northrop	F-89D	United States
6555	US	USAF/US Army fiscal-year serial	54-0322	Northrop	F-89H	United States
7300	US	USAF/US Army fiscal-year serial	54-0298	Northrop	F-89H	United States
173	US	USAF/US Army fiscal-year serial	52-1949	Northrop	F-89J	United States
408	US	USAF/US Army fiscal-year serial	52-1927	Northrop	F-89J	United States
5122	US	USAF/US Army fiscal-year serial	52-1911	Northrop	F-89J	United States
5222	US	USAF/US Army fiscal-year serial	53-2674	Northrop	F-89J	United States
5658	US	USAF/US Army fiscal-year serial	53-2453	Northrop	F-89J	United States
6357	US	USAF/US Army fiscal-year serial	53-2534	Northrop	F-89J	United States
8070	US	USAF/US Army fiscal-year serial	52-1941	Northrop	F-89J	United States
10208	US	USAF/US Army fiscal-year serial	52-2129	Northrop	F-89J	United States
24953	US	USAF/US Army fiscal-year serial	53-2463	Northrop	F-89J	United States
25041	US	USAF/US Army fiscal-year serial	52-1896	Northrop	F-89J	United States
25287	US	USAF/US Army fiscal-year serial	52-1856	Northrop	F-89J	United States
26833	US	USAF/US Army fiscal-year serial	53-2677	Northrop	F-89J	United States
27046	US	USAF/US Army fiscal-year serial	53-2465	Northrop	F-89J	United States
27208	US	USAF/US Army fiscal-year serial	53-2547	Northrop	F-89J	United States
386	US	USAF/US Army fiscal-year serial	49-2500	Lockheed	F-94A	United States
4153	US	USAF/US Army fiscal-year serial	49-2498	Lockheed	F-94A	United States
25278	US	USAF/US Army fiscal-year serial	49-2517	Lockheed	F-94A	United States
4498	US	USAF/US Army fiscal-year serial	51-5623	Lockheed	F-94C	United States
6332	US	USAF/US Army fiscal-year serial	51-13575	Lockheed	F-94C	United States
8071	US	USAF/US Army fiscal-year serial	50-1006	Lockheed	F-94C	United States
23956	US	USAF/US Army fiscal-year serial	51-5671	Lockheed	F-94C	United States
24423	US	USAF/US Army fiscal-year serial	50-0877	Lockheed	F-94C	United States
25903	US	USAF/US Army fiscal-year serial	51-5576	Lockheed	F-94C	United States
26832	US	USAF/US Army fiscal-year serial	51-13560	Lockheed	F-94C	United States
27047	US	USAF/US Army fiscal-year serial	51-13556	Lockheed	F-94C	United States
27114	US	USAF/US Army fiscal-year serial	51-13570	Lockheed	F-94C	United States
21719	GB	RAF pre-war single-letter serial	M6394	Sopwith	F.1	Australia
22731	NZ	ZK- registration	ZK-JMU	Sopwith	F.1	New Zealand
22751	NZ	ZK- registration	ZK-JKE	Sopwith	F.1	New Zealand
23417	DK	OY- registration	OY-EAZ	Fairchild	F.24R-46A	Denmark
22573	NZ	ZK- registration	ZK-BXG	Fokker	F.27-100	New Zealand
22645	NZ	ZK- registration	ZK-BXH	Fokker	F.27-100	New Zealand
22749	IN	VT- registration	VT-NED	Fokker	F.27-500	New Zealand
23160	NO	LN- registration	LN-SUF	Fokker	F.27-100	Norway
21970	AU	VH- registration	VH-EWH	Fokker	F.27-500	Australia
21971	AU	VH- registration	VH-TQN	Fokker	F.27-500	Australia
23275	NO	LN- registration	LN-SUC	Fokker	F.28-1000	Norway
6187	GB	RAF pre-war single-letter serial	E2581	Bristol	F.2B	United Kingdom
16011	GB	G- registration	G-AEPH	Bristol	F.2B	United Kingdom
22032	AU	VH- registration	VH-UDC	Bristol	F.2B	Australia
15729	GB	RAF pre-war single-letter serial	E2466	Bristol	F.2b Fighter	United Kingdom
21050	GB	RAF pre-war single-letter serial	D7889	Bristol	F.2B Fighter	Canada
15920	GB	RAF two-letter serial	DG202	Gloster	F.9/40Meteor	United Kingdom
24661	US	N-number	N17501	Royal Aircraft Factory	F.E.8	United States
22017	AU	VH- registration	VH-USU	Fokker	F.VIIb/3m	Australia
10298	US	N-number	N840NA	McDonnell Douglas	F/A-18A	United States
21872	AU	RAAF A-series serial	A21-23	McDonnell Douglas	F/A-18A	Australia
22204	AU	RAAF A-series serial	A21-29	McDonnell Douglas	F/A-18A	Australia
22250	AU	RAAF A-series serial	A21-43	McDonnell Douglas	F/A-18A	Australia
22318	AU	RAAF A-series serial	A21-32	McDonnell Douglas	F/A-18A	Australia
22391	AU	RAAF A-series serial	A21-22	McDonnell Douglas	F/A-18A	Australia
21709	AU	RAAF A-series serial	A21-101	McDonnell Douglas	F/A-18B	Australia
15989	GB	G- registration	G-AWAW	Cessna	F150F	United Kingdom
7789	US	N-number	N139KP	Beechcraft	F17D	United States
22312	AU	VH- registration	VH-CAT	Fokker	F27	Australia
13254	UY	CX- registration	CX-BHV	Fokker	F27-100	Uruguay
8992	US	USAF/US Army fiscal-year serial	59-0259	Fokker	F27-200	Philippines
14539	GB	G- registration	G-BCDN	Fokker	F27-200	United Kingdom
14540	GB	G- registration	G-BHMY	Fokker	F27-600	United Kingdom
19894	TR	TC- registration	TC-MBF	Fokker	F27-600	Turkey
22123	AU	VH- registration	VH-FNQ	Fokker	F27Mk 400	Australia
19351	IR	EP- registration	EP-PAZ	Fokker	F28-1000	Iran
19296	IR	EP- registration	EP-ASE	Fokker	F28-4000	Iran
22768	SE	SE- registration	SE-GMM	Reims-Cessna	F337	Sweden
8033	US	US registration (maker is not a UK airframe builder)	N4634	Brewster	F3A-1	United States
8032	US	N-number	N20FG	Grumman	F3F-2	United States
7114	US	N-number	N16793	Fleetwings	F401	United States
1986	US	N-number	N926R	Boeing	F4B-1	United States
14873	GB	RAF two-letter serial	AL246	Grumman	F4F	United Kingdom
16356	GB	RAF two-letter serial	JV482	Grumman	F4F Wildcat	United Kingdom
14874	GB	RAF two-letter serial	KD431	Vought	F4U	United Kingdom
10408	US	N-number	N1337A	Vought	F4U -7	United States
5984	US	US registration (maker is not a UK airframe builder)	N6667	Vought	F4U-4	United States
8034	US	N-number	N713JT	Vought	F4U-4	United States
27237	US	N-number	N65WF	Vought	F4U-5	United States
7085	US	N-number	N43RW	Vought	F4U-5N	United States
7806	US	N-number	N100CV	Vought	F4U-5N	United States
19260	FR	F- registration	F-AZEG	Vought	F4U-5N	France
6306	US	N-number	N708NA	Douglas	F5D-1	United States
10417	US	N-number	N4998V	Grumman	F6F -5	United States
14872	GB	RAF two-letter serial	KE209	Grumman	F6F -5	United Kingdom
1859	US	N-number	N1078Z	Grumman	F6F-5	United States
8036	US	N-number	N7629C	Grumman	F7F-3	United States
8037	US	N-number	N379AK	Grumman	F7F-3N	United States
10418	US	N-number	N800H	Grumman	F8F -2	United States
21164	US	N-number	N74154	Fulton	FA-3Airphibian	Canada
6783	US	N-number	N444VV	Advanced Soaring Concepts	Falcon	United States
5786	US	N-number	N8FE	Dassault	Falcon 20	United States
19050	FR	F- registration	F-ZACG	Dassault	Falcon 20C	France
23717	US	N-number	N569D	Dassault	Falcon 20F	Finland
3885	US	N-number	N3AV	Avian	Falcon II	United States
17426	DE	D- registration	D-MXOX	Nickel	Falter 1	Germany
24341	US	N-number	N614M	Fleet	Fawn II	United States
138	US	USAF/US Army fiscal-year serial	68-0245	General Dynamics	FB-111A	United States
375	US	USAF/US Army fiscal-year serial	69-6507	General Dynamics	FB-111A	United States
7339	US	USAF/US Army fiscal-year serial	68-0275	General Dynamics	FB-111A	United States
8152	US	USAF/US Army fiscal-year serial	68-0287	General Dynamics	FB-111A	United States
8259	US	USAF/US Army fiscal-year serial	68-0267	General Dynamics	FB-111A	United States
8431	US	USAF/US Army fiscal-year serial	69-6509	General Dynamics	FB-111A	United States
21899	US	USAF/US Army fiscal-year serial	68-0246	General Dynamics	FB-111A	Australia
24685	US	USAF/US Army fiscal-year serial	68-0286	General Dynamics	FB-111A	United States
26469	US	USAF/US Army fiscal-year serial	68-0239	General Dynamics	FB-111A	United States
27066	US	USAF/US Army fiscal-year serial	68-0248	General Dynamics	FB-111A	United States
21155	CA	CF- registration	CF-OZV	Found	FBA-2C	Canada
20961	CA	G-C Canadian Empire-era mark	G-CAIH	Fairchild	FC-2W2	Canada
21059	CA	G-C Canadian Empire-era mark	G-CART	Fairchild	FC-2W2	Canada
20426	CA	CF- registration	CF-ATZ	Fairchild	FC-71C	Canada
21348	CA	CF- registration	CF-AKT	Fairchild	FC-71C	Canada
21534	CA	CF- registration	CF-BXF	Fairchild	FC-71C	Canada
15829	GB	RAF two-letter serial	WG777	Fairey	FD.2	United Kingdom
14827	GB	G- registration	G-FGID	Goodyear	FG-1D	United Kingdom
20258	US	N-number	N46RL	Goodyear	FG-1D	United States
24796	US	N-number	N9964Z	Goodyear	FG-1D	United States
11078	BR	PP- registration	PP-EFN	Fairchild Hiller	FH-1100	Brazil
11363	AR	LV- registration	LV-JGI	Fairchild Hiller	FH-1100	Argentina
12775	CL	CC- registration	CC-PNF	Fairchild Hiller	FH-1100	Chile
22572	CL	CC- registration	CC-CCO	Fairchild Hiller	FH-1100	New Zealand
25148	US	N-number	N156FC	Fieseler	Fi 156C	United States
15210	GB	RAF two-letter serial	VP546	Fieseler	Fi 156C-7	United Kingdom
15851	GB	RAF two-letter serial	VP746	Fieseler	Fi 156C-7	United Kingdom
23601	FI	OH- registration	OH-FSA	Fieseler	Fi 156K-1	Finland
24629	US	N-number	N24197	Fleet	Finch-16-B	United States
24630	US	N-number	N666J	Fleet	Finch-16-B	United States
20654	CA	C-F/G registration	C-FOPU	Conair	Firecat	Canada
21318	CA	C-F/G registration	C-GABC	Conair	Firecat T67	Canada
21574	GB	RAF two-letter serial	WD827	Fairey	Firefly AS Mk 6	Australia
21783	GB	RAF two-letter serial	VX388	Fairey	Firefly AS.5	Australia
21896	GB	RAF two-letter serial	WJ109	Fairey	Firefly AS.6	Australia
20314	GB	RAF two-letter serial	PP462	Fairey	Firefly FR.1	Canada
21094	GB	RAF two-letter serial	DK545	Fairey	Firefly FR.1	Canada
14795	GB	RAF two-letter serial	DT989	Fairey	Firefly I	United Kingdom
20717	GB	RAF two-letter serial	WH632	Fairey	Firefly Mk VI	Canada
23374	SE	SE- registration	SE-CAW	Fairey	Firefly TT.1	Denmark
14909	GB	RAF two-letter serial	VH127	Fairey	Firefly TT.4	United Kingdom
6205	GB	RAF pre-war single-letter serial	Z2033	Fairey	Firefly TT.I	United Kingdom
23937	US	N-number	N656M	Curtiss-Wright	Fledgling	United States
24617	US	N-number	N271Y	Curtiss	Fledgling	United States
25069	US	N-number	N54209	Flightstar	Flightstar MC	United States
6411	US	N-number	N500F	Bowers	Fly Baby	United States
3935	US	US registration (maker is not a UK airframe builder)	N9992	Bowers	Fly Baby-1A	United States
6410	US	US registration (maker is not a UK airframe builder)	N4339	Bowers	Fly Baby-1A	United States
10544	US	N-number	N1270N	Bowers	Fly Baby-1A	United States
20885	CA	C-F/G registration	C-GWIZ	Bowers	Fly Baby-1A	Canada
25187	US	N-number	N106PB	Bowers	Fly Baby-1A	United States
27324	US	US registration (maker is not a UK airframe builder)	N5586	Bowers	Fly Baby-1A	United States
10496	US	N-number	N11076	Alexander Aircraft	Flyabout D-2	United States
14948	GB	RAF pre-war single-letter serial	S1287	Fairey	Flycatcher	United Kingdom
26372	US	N-number	N2LF	Avid	Flyer	United States
26589	US	N-number	N203WF	Wright	Flyer	United States
26939	US	N-number	N20WB	White	Flying Plank II	United States
10419	US	N-number	N58918	General Motors	FM-2	United States
20259	US	N-number	N315E	General Motors	FM-2	United States
22593	NZ	ZK- registration	ZK-FMK	Fisher	FP-202	New Zealand
16682	DE	D- registration	D-MIML	Fisher	FP-202Koala	Germany
15457	GB	G- registration	G-BJAD	Clutton	FRED Series 2	United Kingdom
16387	GB	G- registration	G-BNZR	Clutton-Tabenor	FRED Series 2	United Kingdom
16166	GB	G- registration	G-BMMF	Clutton	FRED Series II	United Kingdom
21313	NZ	RNZAF serial	NZ5907	Bristol	Freighter Mk 31	Canada
21634	AU	VH- registration	VH-GRP	Akaflieg Stuttgart	Fs 24	Australia
17393	DE	D- registration	D-KFFS	Akaflieg Stuttgart	FS-26	Germany
22518	NZ	ZK- registration	ZK-CRY	Air Parts (NZ)	FU-24-300	New Zealand
22615	NZ	ZK- registration	ZK-CTZ	Air Parts (NZ)	FU-24-954	New Zealand
14868	GB	British serial (maker is a UK airframe builder)	N1854	Fairey	Fulmar Mk II	United Kingdom
6218	GB	RAF pre-war single-letter serial	K5674	Hawker	Fury I	United Kingdom
14483	GB	RAF pre-war single-letter serial	K5673	Hawker	Fury Mk I	United Kingdom
20251	US	N-number	N31FY	Hawker	Fury Mk I	United States
10416	US	N-number	N447FW	Focke-Wulf	Fw 190A-8	United States
17241	DE	D- registration	D-FWAA	Focke-Wulf	Fw 190A-8	Germany
20286	US	N-number	N90FW	Focke-Wulf	Fw 190A-8	United States
20287	US	N-number	N4247L	Focke-Wulf	Fw 190A-8	United States
20289	US	N-number	N190BR	Focke-Wulf	Fw 190A-8	United States
20288	US	N-number	N623TB	Focke-Wulf	Fw 190D-9	United States
6956	US	US registration (maker is not a UK airframe builder)	N2497	Focke-Wulf	Fw 44J	United States
16056	GB	G- registration	G-EJBB	Focke-Wulf	Fw 44J	United Kingdom
16853	SE	SE- registration	SE-CLC	Focke-Wulf	Fw 44J	Germany
20247	US	N-number	N183FW	Focke-Wulf	Fw 44J	United States
17826	DE	D- registration	D-ECUX	Focke-Wulf	Fw 44J Stieglitz	Germany
16642	DE	D- registration	D-EKRA	Focke-Wulf	Fw 61	Germany
24615	US	N-number	N3943P	Caudron	G III	United States
16705	DE	D- registration	D-CSPN	Grob	G 180SPn	Germany
10625	US	N-number	N39177	Taylorcraft	G-100	United States
4465	US	N-number	N948NA	Grumman	G-1159	United States
7197	US	N-number	N946NA	Grumman	G-1159	United States
10397	US	N-number	N30HE	Grumman	G-1159	United States
25705	US	N-number	N55RG	Grumman	G-1159	United States
4464	US	N-number	N4NA	Grumman	G-159	United States
10837	BR	PT- registration	PT-KYF	Grumman	G-159	Brazil
5806	US	N-number	N332Y	Grumman	G-164	United States
7850	US	US registration (maker is not a UK airframe builder)	N7952	Grumman	G-164A	United States
826	US	N-number	N944NA	Grumman	G-2	United States
9903	US	N-number	N48550	Grumman	G-21A	United States
25176	US	N-number	N985R	Grumman	G-21A	United States
21127	CA	CF- registration	CF-MPG	Grumman	G-21A Goose II	Canada
27261	US	N-number	N13122	Grumman	G-44	United States
8031	US	N-number	N663G	Grumman	G-44A	United States
26346	US	US registration (maker is not a UK airframe builder)	N2954	Grumman	G-73	United States
20296	US	N-number	N46FM	Fiat	G.46-3B	United States
20297	US	N-number	N5955F	Fiat	G.59	United States
19140	IT	Matricola Militare	MM6283	Fiat	G.91R/1A	France
16568	DE	Bundeswehr NN+NN	99+03	Fiat	G.91R/3	Germany
16569	DE	Bundeswehr NN+NN	99+10	Fiat	G.91R/3	Germany
16763	DE	Bundeswehr NN+NN	31+35	Fiat	G.91R/3	Germany
16775	DE	Bundeswehr NN+NN	31+42	Fiat	G.91R/3	Germany
16966	DE	Bundeswehr NN+NN	31+38	Fiat	G.91R/3	Germany
16999	DE	Bundeswehr NN+NN	32+15	Fiat	G.91R/3	Germany
17100	DE	Bundeswehr NN+NN	99+12	Fiat	G.91R/3	Germany
17162	DE	Bundeswehr NN+NN	32+72	Fiat	G.91R/3	Germany
17163	DE	Bundeswehr NN+NN	99+07	Fiat	G.91R/3	Germany
17264	DE	Bundeswehr NN+NN	32+32	Fiat	G.91R/3	Germany
17299	DE	Bundeswehr NN+NN	30+86	Fiat	G.91R/3	Germany
17300	DE	Bundeswehr NN+NN	31+70	Fiat	G.91R/3	Germany
17412	DE	Bundeswehr NN+NN	31+95	Fiat	G.91R/3	Germany
17446	DE	Bundeswehr NN+NN	31+62	Fiat	G.91R/3	Germany
17484	DE	Bundeswehr NN+NN	31+29	Fiat	G.91R/3	Germany
17590	DE	Bundeswehr NN+NN	99+01	Fiat	G.91R/3	Germany
17755	DE	Bundeswehr NN+NN	35+99	Fiat	G.91R/3	Germany
17761	DE	Bundeswehr NN+NN	31+99	Fiat	G.91R/3	Germany
17879	DE	Bundeswehr NN+NN	32+64	Fiat	G.91R/3	Germany
18043	DE	Bundeswehr NN+NN	31+01	Fiat	G.91R/3	Germany
18058	DE	Bundeswehr NN+NN	32+06	Fiat	G.91R/3	Germany
18088	DE	Bundeswehr NN+NN	31+00	Fiat	G.91R/3	Germany
17101	DE	Bundeswehr NN+NN	35+41	Fiat	G.91R/4	Germany
18090	DE	Bundeswehr NN+NN	31+39	Fiat	G.91R/4	Germany
16570	DE	Bundeswehr NN+NN	34+55	Fiat	G.91T/3	Germany
16776	DE	Bundeswehr NN+NN	34+13	Fiat	G.91T/3	Germany
17057	DE	Bundeswehr NN+NN	99+41	Fiat	G.91T/3	Germany
17164	DE	Bundeswehr NN+NN	99+40	Fiat	G.91T/3	Germany
17841	DE	Bundeswehr NN+NN	34+01	Fiat	G.91T/3	Germany
18293	DE	Bundeswehr NN+NN	30+93	Fiat	G91R/3	France
8488	US	N-number	N5516M	Goodyear	GA-22A	United States
735	US	N-number	N69N	Goodyear	GA-400R-3	United States
18780	FR	F- registration	F-PKXH	Gaucher	GA-620	France
10545	US	N-number	N278H	General Airplanes	GAC-102	United States
15117	GB	G- registration	G-AVKE	Thruxton	Gadfly HDW.1	United Kingdom
11296	AR	LV- registration	LV-KGA	General Aircraft	GAL.42II	Argentina
15192	GB	RAF pre-war single-letter serial	J7904	Gloster	Gamecock Mk.I	United Kingdom
4013	GB	RAF two-letter serial	XL482	Fairey	Gannet AEW.3	United States
14165	GB	RAF two-letter serial	XL449	Fairey	Gannet AEW.3	United Kingdom
14732	GB	RAF two-letter serial	XL497	Fairey	Gannet AEW.3	United Kingdom
14926	GB	RAF two-letter serial	XL503	Fairey	Gannet AEW.3	United Kingdom
15473	GB	RAF two-letter serial	XP226	Fairey	Gannet AEW.3	United Kingdom
16119	GB	RAF two-letter serial	XL500	Fairey	Gannet AEW.3	United Kingdom
16495	GB	RAF two-letter serial	XL502	Fairey	Gannet AEW.3	United Kingdom
22121	GB	RAF two-letter serial	XA331	Fairey Aviation	Gannet AS Mk 1	Australia
21575	GB	RAF two-letter serial	XG789	Fairey	Gannet AS Mk 4	Australia
21784	GB	RAF two-letter serial	XA334	Fairey	Gannet AS.1	Australia
21897	GB	RAF two-letter serial	XA434	Fairey	Gannet AS.1	Australia
17298	GB	RAF two-letter serial	XL450	Fairey	Gannet AS.4	Germany
14887	GB	RAF two-letter serial	XA466	Fairey	Gannet COD.4	United Kingdom
6204	GB	RAF two-letter serial	XG797	Fairey	Gannet ECM.6	United Kingdom
14573	GB	RAF two-letter serial	XG831	Fairey	Gannet ECM.6	United Kingdom
16086	GB	RAF two-letter serial	XA459	Fairey	Gannet ECM.6	United Kingdom
16354	GB	RAF two-letter serial	XA460	Fairey	Gannet ECM.6	United Kingdom
15270	GB	RAF two-letter serial	XA508	Fairey	Gannet T.2	United Kingdom
15375	GB	RAF two-letter serial	XG883	Fairey	Gannet T.5	United Kingdom
21898	GB	RAF two-letter serial	XG888	Fairey	Gannet T.5	Australia
15431	GB	G- registration	G-BAGJ	Aerospatiale	Gazelle	United Kingdom
16378	GB	RAF two-letter serial	XZ332	Westland	Gazelle AH.1	United Kingdom
14160	GB	RAF two-letter serial	XZ346	Aerospatiale	Gazelle AH.1	United Kingdom
14193	GB	RAF two-letter serial	XX457	Aerospatiale	Gazelle AH.1	United Kingdom
14259	GB	RAF two-letter serial	ZA737	Aerospatiale	Gazelle AH.1	United Kingdom
14344	GB	RAF two-letter serial	XX392	Aerospatiale	Gazelle AH.1	United Kingdom
14582	GB	RAF two-letter serial	XW889	Aerospatiale	Gazelle AH.1	United Kingdom
14602	GB	RAF two-letter serial	XX412	Aerospatiale	Gazelle AH.1	United Kingdom
14631	GB	RAF two-letter serial	XZ305	Aerospatiale	Gazelle AH.1	United Kingdom
14670	GB	RAF two-letter serial	XX387	Aerospatiale	Gazelle AH.1	United Kingdom
14724	GB	RAF two-letter serial	XW844	Aerospatiale	Gazelle AH.1	United Kingdom
14959	GB	RAF two-letter serial	XZ337	Aerospatiale	Gazelle AH.1	United Kingdom
14976	GB	RAF two-letter serial	ZB670	Aerospatiale	Gazelle AH.1	United Kingdom
15018	GB	RAF two-letter serial	ZB686	Aerospatiale	Gazelle AH.1	United Kingdom
15202	GB	RAF two-letter serial	ZB672	Aerospatiale	Gazelle AH.1	United Kingdom
15648	GB	RAF two-letter serial	XX447	Aerospatiale	Gazelle AH.1	United Kingdom
16246	GB	RAF two-letter serial	XX411	Aerospatiale	Gazelle AH.1	United Kingdom
16336	GB	RAF two-letter serial	XZ318	Aerospatiale	Gazelle AH.1	United Kingdom
15912	GB	RAF two-letter serial	XW855	Westland	Gazelle HCC.4	United Kingdom
14939	GB	RAF two-letter serial	XW864	Aerospatiale	Gazelle HT.2	United Kingdom
15949	GB	RAF two-letter serial	XW890	Aerospatiale	Gazelle HT.2	United Kingdom
14381	GB	RAF two-letter serial	XW852	Aerospatiale	Gazelle HT.3	United Kingdom
14642	GB	RAF two-letter serial	XZ941	Aerospatiale	Gazelle HT.3	United Kingdom
14977	GB	RAF two-letter serial	ZA804	Aerospatiale	Gazelle HT.3	United Kingdom
15338	GB	RAF two-letter serial	XX396	Aerospatiale	Gazelle HT.3	United Kingdom
19162	CM	TJ- registration	TJ-XBF	Sud-Aviation	Gazelle SA 342	France
15524	GB	RAF two-letter serial	XW276	Aerospatiale	Gazelle SA.341	United Kingdom
26104	US	N-number	N33336	Globe	GC-1A	United States
26106	US	N-number	N80795	Globe	GC-1A	United States
6619	US	N-number	N80924	Globe	GC-1B	United States
6624	US	N-number	N80851	Globe	GC-1B	United States
7849	US	N-number	N78159	Globe	GC-1B	United States
12820	CL	CC- registration	CC-SHE	Globe	GC-1B	Chile
26105	US	N-number	N80500	Globe	GC-1B	United States
26107	US	N-number	N80932	Globe	GC-1B	United States
26108	US	N-number	N3296K	Globe	GC-1B	United States
26109	US	N-number	N3788K	Globe	GC-1B	United States
26110	US	N-number	N217LP	Globe	GC-1B	United States
26111	US	N-number	N1CY	Temco	GC-1B	United States
26112	US	N-number	N2349B	Temco	GC-1B	United States
26113	US	N-number	N2390B	Temco	GC-1B	United States
26114	US	N-number	N2460B	Temco	GC-1B	United States
24332	US	N-number	N6594K	Gyrodyne	GCA-2C	United States
6782	LT	LY- registration	LY-GEN	AB Sportine Aviacija	Genesis-2	United States
24509	US	N-number	N94GC	Marske	Genesis I	United States
23964	US	N-number	N20999	Dart	GK	United States
16027	GB	G- registration	G-AMRK	Gloster	Gladiator I	United Kingdom
6210	GB	British serial (maker is a UK airframe builder)	N5903	Gloster	Gladiator II	United Kingdom
15751	GB	British serial (maker is a UK airframe builder)	N5628	Gloster	Gladiator II	United Kingdom
15830	GB	RAF pre-war single-letter serial	K8042	Gloster	Gladiator Mk I	United Kingdom
15183	GB	British serial (maker is a UK airframe builder)	N5914	Gloster	Gladiator Mk.II	United Kingdom
23295	GB	British serial (maker is a UK airframe builder)	N5641	Gloster	Gladiator Mk.II	Norway
5976	US	N-number	N88TH	Stoddard-Hamilton	Glasair	United States
9721	US	N-number	N612WC	Campbell	Glasair II FT	United States
6311	US	N-number	N306AT	Stoddard-Hamilton	Glasair SH-2	United States
885	US	N-number	N94XR	Stoddard-Hamilton	Glasair II RG	United States
5977	US	N-number	N231YE	Stoddard-Hamilton	GlaStar-3	United States
24513	US	N-number	N255JB	Peel	Glider Boat	United States
23771	IS	TF- registration	TF-VKA	Árnason	Global 3	Iceland
6584	US	N-number	N9169N	Grega	GN-1	United States
135	IN	Indian Air Force Gnat/Ajeet E-series	E1076	Folland	Gnat	United States
7829	IN	Indian Air Force Gnat/Ajeet E-series	E1222	Hindustan Aeronautics	Gnat F.1	United States
13394	IN	Indian Air Force Gnat/Ajeet E-series	E1051	HAL	Gnat F.1	India
13490	IN	Indian Air Force Gnat/Ajeet E-series	E1056	HAL	Gnat F.1	India
13792	IN	Indian Air Force Gnat/Ajeet E-series	E1039	HAL	Gnat F.1	India
13955	IN	Indian Air Force Gnat/Ajeet E-series	E1078	HAL	Gnat F.1	India
15272	GB	RAF two-letter serial	XK724	Folland	Gnat F.1	United Kingdom
15273	GB	RAF two-letter serial	XK741	Folland	Gnat F.1	United Kingdom
16073	GB	RAF two-letter serial	XK740	Folland	Gnat F.1	United Kingdom
4019	GB	RAF two-letter serial	XM694	Folland	Gnat T.1	United States
14155	GB	RAF two-letter serial	XP542	Folland	Gnat T.1	United Kingdom
14409	GB	RAF two-letter serial	XR541	Folland	Gnat T.1	United Kingdom
14505	GB	RAF two-letter serial	XP540	Folland	Gnat T.1	United Kingdom
14661	GB	RAF two-letter serial	XP502	Folland	Gnat T.1	United Kingdom
14840	GB	RAF two-letter serial	XP516	Folland	Gnat T.1	United Kingdom
14990	GB	RAF two-letter serial	XP513	Folland	Gnat T.1	United Kingdom
14991	GB	RAF two-letter serial	XS104	Folland	Gnat T.1	United Kingdom
14993	GB	RAF two-letter serial	XM693	Folland	Gnat T.1	United Kingdom
15489	GB	RAF two-letter serial	XR534	Folland	Gnat T.1	United Kingdom
15721	GB	RAF two-letter serial	XR977	Folland	Gnat T.1	United Kingdom
16089	GB	RAF two-letter serial	XM695	Folland	Gnat T.1	United Kingdom
16126	GB	RAF two-letter serial	XP534	Folland	Gnat T.1	United Kingdom
16313	GB	RAF two-letter serial	XR571	Folland	Gnat T.1	United Kingdom
16343	GB	RAF two-letter serial	XR574	Folland	Gnat T.1	United Kingdom
24499	US	N-number	N31635	Goppingen	Go 1	United States
12846	CL	CC- registration	CC-PIA	Göppingen	Gö 3	Chile
15566	GB	G- registration	G-MBPM	Eurowing	Goldwing	United Kingdom
16389	GB	G- registration	G-MJWS	Eurowing	Goldwing	United Kingdom
15120	GB	G- registration	G-ARVN	Cierva Rotorcraft	Grasshopper I	United Kingdom
15042	GB	G- registration	G-AWRP	Cierva Rotorcraft	Grasshopper III	United Kingdom
15118	GB	G- registration	G-AXFM	Cierva Rotorcraft	Grasshopper III	United Kingdom
15119	GB	G- registration	G-AZAU	Cierva Rotorcraft	Grasshopper III	United Kingdom
15298	GB	RAF two-letter serial	XK789	Slingsby	Grasshopper TX.1	United Kingdom
15412	GB	RAF two-letter serial	WZ767	Slingsby	Grasshopper TX.1	United Kingdom
15522	GB	RAF two-letter serial	XA239	Slingsby	Grasshopper TX.1	United Kingdom
15682	GB	RAF two-letter serial	XA231	Slingsby	Grasshopper TX.1	United Kingdom
16085	GB	RAF two-letter serial	WZ784	Slingsby	Grasshopper TX.1	United Kingdom
16210	GB	RAF two-letter serial	WZ822	Slingsby	Grasshopper TX.1	United Kingdom
16297	GB	RAF two-letter serial	WZ820	Slingsby	Grasshopper TX.1	United Kingdom
16323	GB	RAF two-letter serial	WZ755	Slingsby	Grasshopper TX.1	United Kingdom
16340	GB	RAF two-letter serial	WZ772	Slingsby	Grasshopper TX.1	United Kingdom
15625	GB	RAF two-letter serial	XA226	Slingsby	Grasshopper TX.1	United Kingdom
16281	GB	RAF two-letter serial	XK821	Slingsby	Grasshopper TX.1	United Kingdom
16437	GB	RAF two-letter serial	XP459	Slingsby	Grasshopper TX.1	United Kingdom
12844	CL	CC- registration	CC-AAA	Schneider	Grunau 9	Chile
23759	IS	TF- registration	TF-SBD	Schneider	Grunau Baby	Iceland
21189	CA	CF- registration	CF-ZBH	Schneider	Grunau Baby II	Canada
22634	NZ	ZK- registration	ZK-GDG	Schneider	Grunau Baby II	New Zealand
23391	DK	OY- registration	OY-AUX	Schneider	Grunau Baby IIb	Denmark
23423	DK	OY- registration	OY-ABX	Schneider	Grunau Baby IIb	Denmark
23434	DK	OY- registration	OY-BCX	Schneider	Grunau Baby IIb	Denmark
23623	FI	OH- registration	OH-BAA	Schneider	Grunau Baby IIb	Finland
23624	FI	OH- registration	OH-BAR	Schneider	Grunau Baby IIb	Finland
11586	AR	LV- registration	LV-DCR	Schneider	Grunau Baby III	Argentina
21665	AU	VH- registration	VH-GHV	Edmund Schneider	Grunau Baby IIIA	Australia
21666	AU	VH- registration	VH-GLX	Edmund Schneider	Grunau Baby IV	Australia
174	US	USAF/US Army fiscal-year serial	60-0593	Northrop	GT-38A	United States
5060	US	N-number	N234MM	Grumman	Gulfstream I	United States
6316	US	N-number	N947NA	Grumman	Gulfstream II	United States
7777	US	N-number	N41775	Detroit	Gull	United States
14984	GB	RAF two-letter serial	TJ711	Slingsby	Gull T.15	United Kingdom
8378	US	N-number	N6675K	Waco	GXE	United States
8542	US	US registration (maker is not a UK airframe builder)	N4899	Waco	GXE	United States
10637	US	US registration (maker is not a UK airframe builder)	N3968	Waco	GXE	United States
10638	US	US registration (maker is not a UK airframe builder)	N7662	Waco	GXE	United States
21065	CA	C-F/G registration	C-GAFD	Waco	GXE	Canada
23972	US	N-number	N760E	Waco	GXE	United States
18779	FR	F- registration	F-BJDU	Gardan	GY-80	France
21717	AU	VH- registration	VH-CJZ	Gardan	GY-80-180	Australia
22470	NZ	ZK- registration	ZK-RLC	Compton	Gyro Gnat-001	New Zealand
15587	GB	G- registration	G-ACVA	Kay	Gyroplane-33/1	United Kingdom
21645	AU	VH- registration	VH-GQM	Hutter	H 17	Australia
21500	CA	C-F/G registration	C-GASR	Heath	H-10Type 36 Red Pheasant	Canada
25840	US	USAF/US Army fiscal-year serial	48-0796	Bell	H-13D	United States
9786	US	USAF/US Army fiscal-year serial	51-14193	Bell	H-13E	United States
10269	US	USAF/US Army fiscal-year serial	51-14010	Bell	H-13E	United States
24230	US	USAF/US Army fiscal-year serial	52-7833	Bell	H-13G	United States
5754	US	USAF/US Army fiscal-year serial	57-2729	Bell	H-13J	United States
24505	CA	CF- registration	CF-RCD	Hutter	H-17	United States
6371	US	USAF/US Army fiscal-year serial	52-7602	Sikorsky	H-19	United States
8279	US	USAF/US Army fiscal-year serial	53-4426	Sikorsky	H-19B	United States
9751	US	USAF/US Army fiscal-year serial	51-14272	Sikorsky	H-19C	United States
755	US	N-number	N2256G	Sikorsky	H-19D	United States
8517	US	USAF/US Army fiscal-year serial	54-1412	Sikorsky	H-19D	United States
9788	US	USAF/US Army fiscal-year serial	55-3221	Sikorsky	H-19D	United States
10282	US	USAF/US Army fiscal-year serial	56-1550	Sikorsky	H-19D	United States
18324	US	USAF/US Army fiscal-year serial	55-3181	Sikorsky	H-19D	France
25096	US	USAF/US Army fiscal-year serial	56-4257	Sikorsky	H-19D	United States
24067	US	N-number	N4361M	Piasecki	H-21B	United States
865	US	USAF/US Army fiscal-year serial	52-8623	Piasecki	H-21B	United States
27258	US	USAF/US Army fiscal-year serial	54-4004	Piasecki	H-21B	United States
27295	US	USAF/US Army fiscal-year serial	52-8696	Piasecki	H-21B	United States
176	US	USAF/US Army fiscal-year serial	53-4326	Piasecki	H-21B	United States
6484	US	US registration (maker is not a UK airframe builder)	N6794	Piasecki	H-21B	United States
7272	US	USAF/US Army fiscal-year serial	53-4324	Piasecki	H-21B	United States
8125	US	USAF/US Army fiscal-year serial	53-4347	Piasecki	H-21B	United States
20155	US	USAF/US Army fiscal-year serial	52-8706	Piasecki	H-21B	United States
10279	US	USAF/US Army fiscal-year serial	56-2077	Piasecki	H-21C	United States
16673	DE	Bundeswehr NN+NN	83+07	Piasecki	H-21C	Germany
17143	DE	Bundeswehr NN+NN	83+08	Piasecki	H-21C	Germany
17379	DE	Bundeswehr NN+NN	83+21	Piasecki	H-21C	Germany
17902	DE	Bundeswehr NN+NN	83+17	Piasecki	H-21C	Germany
20112	US	USAF/US Army fiscal-year serial	53-4354	Piasecki	H-21C	United States
20113	US	USAF/US Army fiscal-year serial	56-2116	Piasecki	H-21C	United States
17705	DE	Bundeswehr NN+NN	83+18	Piasecki	H-21C Shawnee	Germany
9752	US	USAF/US Army fiscal-year serial	51-3975	Hiller	H-23A	United States
26385	US	USAF/US Army fiscal-year serial	51-4007	Hiller	H-23A	United States
6983	US	USAF/US Army fiscal-year serial	54-4011	Hiller	H-23B	United States
9787	US	USAF/US Army fiscal-year serial	51-16142	Hiller	H-23B	United States
10277	US	USAF/US Army fiscal-year serial	51-16168	Hiller	H-23B	United States
24842	US	USAF/US Army fiscal-year serial	51-16208	Hiller	H-23B	United States
24982	US	USAF/US Army fiscal-year serial	54-2928	Hiller	H-23B	United States
7061	US	N-number	N64275	Hiller	H-23D	United States
9753	US	USAF/US Army fiscal-year serial	51-16616	Piasecki	H-25A	United States
876	US	USAF/US Army fiscal-year serial	62-12581	Sikorsky	H-3C	United States
24497	US	N-number	N25KD	Glasflugel	H-301	United States
10546	US	US registration (maker is not a UK airframe builder)	N3012	Glasflugel	H-301B	United States
24498	US	N-number	N260E	Glasflugel	H-301B	United States
9853	US	USAF/US Army fiscal-year serial	53-4526	Sikorsky	H-34A	United States
9789	US	USAF/US Army fiscal-year serial	54-2874	Sikorsky	H-34C	United States
875	US	USAF/US Army fiscal-year serial	53-4477	Sikorsky	H-34G	United States
16549	DE	Bundeswehr NN+NN	80+59	Sikorsky	H-34G.III	Germany
6372	US	USAF/US Army fiscal-year serial	58-0999	Sikorsky	H-37A	United States
7320	US	USAF/US Army fiscal-year serial	58-1841	Kaman	H-43B	United States
21327	CA	CF- registration	CF-BSG	Piasecki	H-44Workhorse	Canada
5264	US	USAF/US Army fiscal-year serial	48-0548	Sikorsky	H-5G	United States
27320	US	USAF/US Army fiscal-year serial	49-2001	Sikorsky	H-5H	United States
15910	GB	RAF two-letter serial	XN714	Hunting	H.126	United Kingdom
15981	GB	G- registration	G-AACN	Handley Page	H.P.39Gugnunc	United Kingdom
16674	DE	D- registration	D-HIBV	VFW	H2	Germany
6795	US	N-number	N235A	Glasflugel	H303	United States
12901	CL	CC- registration	CC-PLM	Beechcraft	H35	Chile
6796	US	N-number	N59LL	Glasflugel	H401	United States
10426	US	N-number	N90602	Hispano	HA-1112	United States
17630	US	N-number	N90607	Hispano Aviación	HA-1112M-1L	Germany
5914	US	N-number	N109BF	Hispano Aviacion	HA-1112M1L	United States
17883	GB	G- registration	G-AWHS	Hispano	HA-1112M1L	Germany
20285	US	N-number	N109FF	Hispano Aviacion	HA-1112M1L	United States
16987	DE	D- registration	D-IWMS	Hispano Aviación	HA-200D Saeta	Germany
13618	IN	VT- registration	VT-ECV	HAL	HA-31Mk II	India
16482	GB	RAF two-letter serial	HR792	Handley Page	Halifax B.III	United Kingdom
15786	GB	RAF pre-war single-letter serial	W1048	Handley Page	Halifax II	United Kingdom
21002	GB	RAF two-letter serial	NA337	Handley Page	Halifax Mk VII	Canada
14809	GB	RAF two-letter serial	PN323	Handley Page	Halifax VII	United Kingdom
14238	GB	RAF two-letter serial	TK777	General Aircraft	Hamilcar Mk I	United Kingdom
16325	GB	RAF two-letter serial	TK718	General Aircraft	Hamilcar Mk.I	United Kingdom
16462	GB	RAF pre-war single-letter serial	P1273	Handley Page	Hampden B.I	United Kingdom
15217	GB	RAF two-letter serial	AE436	Handley Page	Hampden Mk I	United Kingdom
20661	GB	RAF pre-war single-letter serial	P5436	Handley Page	Hampden Mk I	Canada
15753	GB	RAF pre-war single-letter serial	P1344	Handley Page	Hampden TB.I	United Kingdom
14952	GB	G- registration	G-BGWZ	Super Eagle	Hang Glider	United Kingdom
13620	IN	VT- registration	VT-XIW	NAL	Hansa II	India
21152	CA	C-F/G registration	C-FZCS	Czerwinski-Shenstone	Harbinger	Canada
15166	GB	RAF two-letter serial	XV798	Hawker Siddeley	Harrier GR.1	United Kingdom
15578	GB	RAF two-letter serial	XV277	Hawker Siddeley	Harrier GR.1	United Kingdom
4479	GB	RAF two-letter serial	XV804	Hawker Siddeley	Harrier GR.3	United States
6215	GB	RAF two-letter serial	XZ133	Hawker Siddeley	Harrier GR.3	United Kingdom
12857	GB	RAF two-letter serial	XZ970	Hawker Siddeley	Harrier GR.3	Chile
14299	GB	RAF two-letter serial	ZD667	Hawker Siddeley	Harrier GR.3	United Kingdom
14379	GB	RAF two-letter serial	XV784	Hawker Siddeley	Harrier GR.3	United Kingdom
14475	GB	RAF two-letter serial	XV741	Hawker Siddeley	Harrier GR.3	United Kingdom
14524	GB	RAF two-letter serial	XV808	Hawker Siddeley	Harrier GR.3	United Kingdom
14568	GB	RAF two-letter serial	XW924	Hawker Siddeley	Harrier GR.3	United Kingdom
14570	GB	RAF two-letter serial	XV783	Hawker Siddeley	Harrier GR.3	United Kingdom
14643	GB	RAF two-letter serial	XZ991	Hawker Siddeley	Harrier GR.3	United Kingdom
14727	GB	RAF two-letter serial	XZ971	Hawker Siddeley	Harrier GR.3	United Kingdom
14972	GB	RAF two-letter serial	XV751	Hawker Siddeley	Harrier GR.3	United Kingdom
15339	GB	RAF two-letter serial	XZ987	Hawker Siddeley	Harrier GR.3	United Kingdom
15370	GB	RAF two-letter serial	XZ968	Hawker Siddeley	Harrier GR.3	United Kingdom
15706	GB	RAF two-letter serial	XW917	Hawker Siddeley	Harrier GR.3	United Kingdom
15714	GB	RAF two-letter serial	XV779	Hawker Siddeley	Harrier GR.3	United Kingdom
15715	GB	RAF two-letter serial	XW923	Hawker Siddeley	Harrier GR.3	United Kingdom
15914	GB	RAF two-letter serial	XZ997	Hawker Siddeley	Harrier GR.3	United Kingdom
15958	GB	RAF two-letter serial	XZ964	Hawker Siddeley	Harrier GR.3	United Kingdom
16075	GB	RAF two-letter serial	XV760	Hawker Siddeley	Harrier GR.3	United Kingdom
16144	GB	RAF two-letter serial	XZ969	Hawker Siddeley	Harrier GR.3	United Kingdom
16243	GB	RAF two-letter serial	XV752	Hawker Siddeley	Harrier GR.3	United Kingdom
16316	GB	RAF two-letter serial	XV744	Hawker Siddeley	Harrier GR.3	United Kingdom
16473	GB	RAF two-letter serial	XV786	Hawker Siddeley	Harrier GR.3	United Kingdom
16491	GB	RAF two-letter serial	XV748	Hawker Siddeley	Harrier GR.3	United Kingdom
17046	GB	RAF two-letter serial	ZD670	Hawker Siddeley	Harrier GR.3	Germany
17047	GB	RAF two-letter serial	XZ996	Hawker Siddeley	Harrier GR.3	Germany
17083	GB	RAF two-letter serial	XV278	Hawker Siddeley	Harrier GR.3	Germany
17274	GB	RAF two-letter serial	XZ135	Hawker Siddeley	Harrier GR.3	Germany
17275	GB	RAF two-letter serial	XZ998	Hawker Siddeley	Harrier GR.3	Germany
22467	GB	RAF two-letter serial	XZ129	Hawker Siddeley	Harrier GR.3	New Zealand
23792	GB	RAF two-letter serial	ZD669	Hawker Siddeley	Harrier GR.3	Belize
3938	GB	RAF two-letter serial	ZD353	British Aerospace	Harrier GR.5	United States
15717	GB	RAF two-letter serial	ZD318	British Aerospace	Harrier GR.7	United Kingdom
15711	GB	RAF two-letter serial	ZD469	British Aerospace	Harrier GR.7A	United Kingdom
15801	GB	RAF two-letter serial	ZG477	British Aerospace	Harrier GR.9	United Kingdom
16350	GB	RAF two-letter serial	ZD465	British Aerospace	Harrier GR.9	United Kingdom
14899	GB	RAF two-letter serial	ZD433	British Aerospace	Harrier GR.9A	United Kingdom
15172	GB	RAF two-letter serial	ZD461	British Aerospace	Harrier GR.9A	United Kingdom
2009	GB	RAF two-letter serial	XZ145	Hawker Siddeley	Harrier T.4	United States
14227	GB	RAF two-letter serial	XW269	Hawker Siddeley	Harrier T.4	United Kingdom
14846	GB	RAF two-letter serial	XW934	Hawker Siddeley	Harrier T.4	United Kingdom
15716	GB	RAF two-letter serial	XZ146	Hawker Siddeley	Harrier T.4	United Kingdom
14544	GB	RAF two-letter serial	XW268	Hawker Siddeley	Harrier T.4N	United Kingdom
14476	GB	RAF two-letter serial	ZA250	Hawker Siddeley	Harrier T.52	United Kingdom
14944	GB	RAF two-letter serial	ZB604	Hawker Siddeley	Harrier T.8	United Kingdom
15754	GB	G- registration	G-ABMR	Hawker	Hart II	United Kingdom
15831	GB	RAF pre-war single-letter serial	K4972	Hawker	Hart Trainer	United Kingdom
27239	US	N-number	N600LM	North American	Harvard-4	United States
6275	GB	RAF two-letter serial	FE695	Noorduyn	Harvard IIB	United Kingdom
13636	IN	VT- registration	VT-KCG	North American	Harvard IIB	India
14398	GB	RAF two-letter serial	KF388	North American	Harvard IIB	United Kingdom
14796	GB	RAF two-letter serial	FE992	North American	Harvard IIB	United Kingdom
14798	GB	RAF two-letter serial	KF183	North American	Harvard IIB	United Kingdom
15150	GB	RAF two-letter serial	KF741	North American	Harvard IIb	United Kingdom
15762	GB	RAF two-letter serial	FE905	North American	Harvard IIB	United Kingdom
16181	GB	RAF two-letter serial	FX322	North American	Harvard IIB	United Kingdom
5698	US	N-number	N15796	Canadian Car & Foundry	Harvard IV	United States
20637	GB	RAF two-letter serial	AJ583	North American	Harvard Mk II	Canada
21178	GB	RAF two-letter serial	AJ693	North American	Harvard Mk II	Canada
14871	GB	RAF two-letter serial	EX976	North American	Harvard Mk IIA	United Kingdom
15207	GB	RAF two-letter serial	FX442	North American	Harvard Mk IIB	United Kingdom
15504	GB	RAF two-letter serial	FE930	North American	Harvard Mk IIB	United Kingdom
7698	US	N-number	N294CH	Canadian Car and Foundry	Harvard Mk IV	United States
7274	US	N-number	N101NZ	North American	Harvard Mk.III	United States
22455	NZ	RNZAF serial	NZ1087	North American	Harvard Mk.III	New Zealand
22523	NZ	ZK- registration	ZK-ENE	North American	Harvard Mk.III	New Zealand
22578	NZ	RNZAF serial	NZ1058	North American	Harvard Mk.III	New Zealand
6212	GB	RAF two-letter serial	TG528	Handley Page	Hastings C.1A	United Kingdom
16598	GB	RAF two-letter serial	TG503	Handley Page	Hastings C.2	Germany
15482	GB	RAF two-letter serial	TG517	Handley Page	Hastings T.5	United Kingdom
15862	GB	RAF two-letter serial	TG511	Handley Page	Hastings T.5	United Kingdom
25761	US	N-number	N7VC	Cox	Hawk	United States
14477	GB	RAF two-letter serial	ZA101	British Aerospace	Hawk-100	United Kingdom
14488	GB	RAF two-letter serial	ZJ100	British Aerospace	Hawk-102D	United Kingdom
5777	US	N-number	N982V	Curtiss	Hawk-1A	United States
15168	GB	RAF two-letter serial	ZK531	British Aerospace	Hawk Mk 53	United Kingdom
14228	GB	RAF two-letter serial	XX309	British Aerospace	Hawk T.1	United Kingdom
14383	GB	RAF two-letter serial	XX154	British Aerospace	Hawk T.1	United Kingdom
14384	GB	RAF two-letter serial	XX343	British Aerospace	Hawk T.1	United Kingdom
14587	GB	RAF two-letter serial	XX168	British Aerospace	Hawk T.1	United Kingdom
14588	GB	RAF two-letter serial	XX181	British Aerospace	Hawk T.1	United Kingdom
14590	GB	RAF two-letter serial	XX224	British Aerospace	Hawk T.1	United Kingdom
14592	GB	RAF two-letter serial	XX235	British Aerospace	Hawk T.1	United Kingdom
14594	GB	RAF two-letter serial	XX244	British Aerospace	Hawk T.1	United Kingdom
15657	GB	RAF two-letter serial	XX156	British Aerospace	Hawk T.1	United Kingdom
15999	GB	RAF two-letter serial	XX184	British Aerospace	Hawk T.1	United Kingdom
16245	GB	RAF two-letter serial	XX238	British Aerospace	Hawk T.1	United Kingdom
3939	GB	RAF two-letter serial	XX292	British Aerospace	Hawk T.1A	United States
14347	GB	RAF two-letter serial	XX320	British Aerospace	Hawk T.1A	United Kingdom
14564	GB	RAF two-letter serial	XX306	British Aerospace	Hawk T.1A	United Kingdom
14589	GB	RAF two-letter serial	XX218	British Aerospace	Hawk T.1A	United Kingdom
14591	GB	RAF two-letter serial	XX227	British Aerospace	Hawk T.1A	United Kingdom
14597	GB	RAF two-letter serial	XX289	British Aerospace	Hawk T.1A	United Kingdom
14598	GB	RAF two-letter serial	XX301	British Aerospace	Hawk T.1A	United Kingdom
14599	GB	RAF two-letter serial	XX331	British Aerospace	Hawk T.1A	United Kingdom
14600	GB	RAF two-letter serial	XX335	British Aerospace	Hawk T.1A	United Kingdom
14601	GB	RAF two-letter serial	XX348	British Aerospace	Hawk T.1A	United Kingdom
15422	GB	RAF two-letter serial	XX265	British Aerospace	Hawk T.1A	United Kingdom
15672	GB	RAF two-letter serial	XX253	British Aerospace	Hawk T.1A	United Kingdom
15673	GB	RAF two-letter serial	XX317	British Aerospace	Hawk T.1A	United Kingdom
15718	GB	RAF two-letter serial	XX247	British Aerospace	Hawk T.1A	United Kingdom
15929	GB	RAF two-letter serial	XX294	British Aerospace	Hawk T.1A	United Kingdom
15942	GB	RAF two-letter serial	XX280	British Aerospace	Hawk T.1A	United Kingdom
16139	GB	RAF two-letter serial	XX263	British Aerospace	Hawk T.1A	United Kingdom
16284	GB	RAF two-letter serial	XX190	British Aerospace	Hawk T.1A	United Kingdom
16351	GB	RAF two-letter serial	XX260	British Aerospace	Hawk T.1A	United Kingdom
16424	GB	RAF two-letter serial	XX266	British Aerospace	Hawk T.1A	United Kingdom
16425	GB	RAF two-letter serial	XX188	British Aerospace	Hawk T.1A	United Kingdom
14593	GB	RAF two-letter serial	XX236	British Aerospace	Hawk T.1W	United Kingdom
14595	GB	RAF two-letter serial	XX250	British Aerospace	Hawk T.1W	United Kingdom
14596	GB	RAF two-letter serial	XX283	British Aerospace	Hawk T.1W	United Kingdom
16423	GB	RAF two-letter serial	XX311	British Aerospace	Hawk T.1W	United Kingdom
5905	US	N-number	N18278	Haufe-Dale	Hawk 2	United States
6234	GB	G- registration	G-CCVH	Curtiss	Hawk 75A	United Kingdom
16035	GB	G- registration	G-ADGP	Miles	Hawk Speed Six	United Kingdom
24386	US	USAF/US Army fiscal-year serial	66-0222	Lockheed	HC-130P	United States
24865	US	USAF/US Army fiscal-year serial	65-0988	Lockheed	HC-130P	United States
359	US	USAF/US Army fiscal-year serial	53-7786	Convair	HC-131A	United States
19203	FR	F- registration	F-BHOO	Hurel-Dubois	HD.34	France
15789	GB	RAF two-letter serial	VN679	Heinkel	He 162A-2	United Kingdom
10510	US	N-number	N5704N	Bullock-Curtiss	Headless Pusher	United States
10570	US	N-number	N8Y	Curtiss	Headless Pusher	United States
15368	GB	G- registration	G-ASVO	Handley Page	Herald-214	United Kingdom
14397	GB	G- registration	G-BEYF	Handley Page	Herald Series 401	United Kingdom
15460	GB	G- registration	G-ANXB	de Havilland	Heron-1B	United Kingdom
19762	TR	TC- registration	TC-LEY	Hamburger Flugzeugbau	HFB 320	Turkey
17224	DE	D- registration	D-COSA	Hamburger Flugzeugbau	HFB 320Hansa Jet	Germany
16561	DE	D- registration	D-CARA	HFB	HFB 320Hansa Jet	Germany
16562	DE	Bundeswehr NN+NN	16+08	HFB	HFB 320Hansa Jet	Germany
16706	DE	D- registration	D-CLOU	HFB	HFB 320Hansa Jet	Germany
17168	DE	Bundeswehr NN+NN	16+06	HFB	HFB 320Hansa Jet	Germany
17169	DE	Bundeswehr NN+NN	16+26	HFB	HFB 320Hansa Jet	Germany
17494	DE	D- registration	D-CARY	HFB	HFB 320Hansa Jet	Germany
24831	US	USAF/US Army fiscal-year serial	60-3694	Martin	HGM-25A	United States
6496	US	USAF/US Army fiscal-year serial	70-02470	Bell	HH-1H	United States
20153	US	USAF/US Army fiscal-year serial	70-2460	Bell	HH-1H	United States
27225	US	N-number	N2071S	Bell	HH-1H	United States
5163	US	USAF/US Army fiscal-year serial	67-14709	Sikorsky	HH-3E	United States
6374	US	USAF/US Army fiscal-year serial	65-12791	Sikorsky	HH-3E	United States
8130	US	USAF/US Army fiscal-year serial	64-14230	Sikorsky	HH-3E	United States
10169	US	USAF/US Army fiscal-year serial	65-12784	Sikorsky	HH-3E	United States
24387	US	USAF/US Army fiscal-year serial	66-13290	Sikorsky	HH-3E	United States
24889	US	USAF/US Army fiscal-year serial	67-14703	Sikorsky	HH-3E	United States
24980	US	USAF/US Army fiscal-year serial	67-14711	Sikorsky	HH-3E	United States
24981	US	USAF/US Army fiscal-year serial	67-14713	Sikorsky	HH-3E	United States
5696	US	USAF/US Army fiscal-year serial	58-1833	Kaman	HH-43A	United States
380	US	USAF/US Army fiscal-year serial	62-4513	Kaman	HH-43B	United States
4167	US	USAF/US Army fiscal-year serial	60-0263	Kaman	HH-43B	United States
6526	US	USAF/US Army fiscal-year serial	62-4561	Kaman	HH-43B	United States
25399	US	USAF/US Army fiscal-year serial	62-4532	Kaman	HH-43B	United States
4486	US	USAF/US Army fiscal-year serial	62-4531	Kaman	HH-43F	United States
16651	US	USAF/US Army fiscal-year serial	62-4547	Kaman	HH-43F	Germany
24886	US	USAF/US Army fiscal-year serial	58-1853	Kaman	HH-43F	United States
24887	US	USAF/US Army fiscal-year serial	59-1578	Kaman	HH-43F	United States
15282	US	USAF/US Army fiscal-year serial	62-4535	Kaman	HH-43HH-43B	United Kingdom
5267	US	USAF/US Army fiscal-year serial	90-26227	Sikorsky	HH-60G	United States
24866	US	USAF/US Army fiscal-year serial	91-26356	Sikorsky	HH-60G	United States
17801	DE	D- registration	D-EMKB	Hirth	Hi 27Acrostar	Germany
14799	GB	RAF pre-war single-letter serial	L7181	Hawker	Hind	United Kingdom
16029	GB	G- registration	G-AENP	Hawker	Hind	United Kingdom
21087	GB	RAF pre-war single-letter serial	L7180	Hawker	Hind	Canada
22619	NZ	RNZAF serial	NZ1518	Hawker	Hind	New Zealand
23618	FI	OH- registration	OH-HKA	Heinonen	HK-1	Finland
11046	BR	PP- registration	PP-RHW	CNNA	HL-6B	Brazil
17893	DE	D- registration	D-EMIL	Mignet	HM-14Pou du Ciel	Germany
23553	FI	OH- registration	OH-KAA	Mignet	HM-14Pou du Ciel	Finland
23616	FI	OH- registration	OH-BFA	Mignet	HM-14Pou du Ciel	Finland
24102	US	US registration (maker is not a UK airframe builder)	N1841	Mignet	HM-162	United States
18910	FR	F- registration	F-PERF	Mignet	HM-290	France
20665	CA	CF- registration	CF-RFH	Mignet	HM-290Pou du Ciel	Canada
18911	FR	F- registration	F-PHQT	Mignet	HM-350	France
16034	GB	G- registration	G-AEBB	Mignet	HM.14	United Kingdom
21576	AU	RAAus construction-class registration	19-7589	Mignet	HM.14	Australia
15435	GB	G- registration	G-ADVU	Mignet	HM.14	United Kingdom
22477	NZ	ZM- registration	ZM-AAM	Mignet	HM.14	New Zealand
22626	NZ	ZM- registration	ZM-AAA	Mignet	HM.14	New Zealand
22644	NZ	ZM- registration	ZM-AAC	Mignet	HM.14	New Zealand
15898	GB	G- registration	G-AEEH	Mignet	HM.14Pou du Ciel	United Kingdom
15280	GB	G- registration	G-AEGV	Mignet	HM.14 Flying Flea HM.14	United Kingdom
21722	AU	RAAus construction-class registration	10-0718	Mignet	HM.290	Australia
18173	FR	F- registration	F-JKHW	Mignet	HM.293	France
18803	FR	F- registration	F-PYTA	Mignet	HM.8	France
18822	FR	F- registration	F-PLJB	Nicollier	HN-434	France
18823	FR	F- registration	F-PFHN	Nicollier	HN-500	France
8225	US	N-number	N75378	Sikorsky	HNS-1	United States
5268	US	N-number	N4925E	Sikorsky	HO3S-1G	United States
26944	US	N-number	N8532L	Haugsted	Home Built	United States
19022	GB	RAF two-letter serial	PF800	Airspeed	Horsa	France
14681	GB	RAF two-letter serial	TL615	Airspeed	Horsa I	United Kingdom
14235	GB	RAF two-letter serial	LH208	Airspeed	Horsa Mk I	United Kingdom
14234	GB	RAF two-letter serial	HH379	General Aircraft	Hotspur Mk II	United Kingdom
7076	US	N-number	N177L	Howard Aero	Howard 250	United States
5995	US	N-number	N319Y	Schreder	HP-10	United States
24526	US	N-number	N4718G	Schreder	HP-10	United States
6814	US	N-number	N251F	Schreder	HP-11A	United States
6815	US	N-number	N678P	Schreder	HP-11A	United States
24527	US	N-number	N4777G	Schreder	HP-11A	United States
21676	AU	VH- registration	VH-GIB	Schreder	HP-14T	Australia
24528	US	N-number	N45HP	Schreder	HP-16	United States
6816	US	N-number	N897EN	Schreder	HP-18	United States
24529	US	N-number	N1YV	Schreder	HP-18	United States
19519	IL	4X- registration	4X-GHD	Schempp-Hirth	HP-18	Israel
24530	US	N-number	N34Y	Schreder	HP-8	United States
14903	GB	RAF two-letter serial	XP841	Handley Page	HP.115	United Kingdom
22618	NZ	RNZAF serial	NZ5801	Handley Page	HP.95C.3	New Zealand
13535	IN	VT- registration	VT-EAV	Hawker Siddeley	HS 748	India
22447	NZ	RNZAF serial	NZ7621	Hawker Siddeley	HS 780C.1	New Zealand
21041	CA	G-C Canadian Empire-era mark	G-CAAC	Curtiss	HS-2L	Canada
23747	IS	TF- registration	TF-KOT	Snædal	HS-44	Iceland
15279	GB	G- registration	G-ARYB	Hawker Siddeley	HS.125Series 1	United Kingdom
15988	GB	G- registration	G-ASSM	Hawker Siddeley	HS.125Series 1	United Kingdom
23393	DK	OY- registration	OY-FAI	Hollschmidt	HT-1	Denmark
13734	IN	VT- registration	VT-DFY	HAL	HT-2Prototype	India
14920	GB	RAF two-letter serial	XB480	Hiller	HT.1	United Kingdom
4466	US	USAF/US Army fiscal-year serial	51-0022	Grumman	HU-16A	United States
378	US	USAF/US Army fiscal-year serial	51-7163	Grumman	HU-16B	United States
4193	US	USAF/US Army fiscal-year serial	51-5282	Grumman	HU-16B	United States
4470	US	N-number	N291TC	Grumman	HU-16B	United States
7641	US	N-number	N8497J	Grumman	HU-16B	United States
8260	US	USAF/US Army fiscal-year serial	51-0006	Grumman	HU-16B	United States
24931	US	USAF/US Army fiscal-year serial	51-7144	Grumman	HU-16B	United States
25641	US	USAF/US Army fiscal-year serial	51-7193	Grumman	HU-16B	United States
3182	US	N-number	N44RD	Grumman	HU-16RD	United States
15759	AU	RAAF A-series serial	A16-199	Lockheed	Hudson IIIA	United Kingdom
14750	GB	RAF two-letter serial	AE489	Lockheed	Hudson IV	United Kingdom
22339	AU	RAAF A-series serial	A16-112	Lockheed	Hudson Mk IVA	Australia
22404	AU	RAAF A-series serial	A16-105	Lockheed	Hudson Mk IVA	Australia
20975	GB	RAF two-letter serial	FK466	Lockheed	Hudson Mk VI	Canada
22450	NZ	RNZAF serial	NZ2013	Lockheed	Hudson Mk.III	New Zealand
22576	NZ	RNZAF serial	NZ2035	Lockheed	Hudson Mk.III	New Zealand
22625	NZ	RNZAF serial	NZ2031	Lockheed	Hudson Mk.III	New Zealand
13619	IN	VT- registration	VT-DZF	HAL	HUL-26	India
15495	GB	G- registration	G-MJCF	Maxair	Hummer	United Kingdom
22134	GB	RAF two-letter serial	XF311	Hawker Aircraft	Hunter F Mk 4	Australia
14221	GB	RAF two-letter serial	WT694	Hawker	Hunter F.1	United Kingdom
14360	GB	RAF two-letter serial	WT648	Hawker	Hunter F.1	United Kingdom
14953	GB	RAF two-letter serial	WT680	Hawker	Hunter F.1	United Kingdom
15342	GB	RAF two-letter serial	WT619	Hawker	Hunter F.1	United Kingdom
15484	GB	RAF two-letter serial	WT651	Hawker	Hunter F.1	United Kingdom
15666	GB	RAF two-letter serial	WT612	Hawker	Hunter F.1	United Kingdom
15707	GB	RAF two-letter serial	WT660	Hawker	Hunter F.1	United Kingdom
16271	GB	RAF two-letter serial	WT555	Hawker	Hunter F.1	United Kingdom
14359	GB	RAF two-letter serial	WN890	Hawker	Hunter F.2	United Kingdom
15952	GB	RAF two-letter serial	WN907	Hawker	Hunter F.2	United Kingdom
16293	GB	RAF two-letter serial	WN904	Hawker	Hunter F.2	United Kingdom
14735	GB	RAF two-letter serial	WT746	Hawker	Hunter F.4	United Kingdom
15184	GB	RAF two-letter serial	XE664	Hawker	Hunter F.4	United Kingdom
15870	GB	RAF two-letter serial	XE670	Hawker	Hunter F.4	United Kingdom
16303	GB	RAF two-letter serial	WV332	Hawker	Hunter F.4	United Kingdom
19591	GB	RAF two-letter serial	XF946	Hawker	Hunter F.4	Jordan
15365	GB	RAF two-letter serial	WN957	Hawker	Hunter F.5	United Kingdom
16308	GB	RAF two-letter serial	WP190	Hawker	Hunter F.5	United Kingdom
14365	GB	RAF two-letter serial	XF375	Hawker	Hunter F.6	United Kingdom
14366	GB	RAF two-letter serial	XG290	Hawker	Hunter F.6	United Kingdom
14572	GB	RAF two-letter serial	XG164	Hawker	Hunter F.6	United Kingdom
14853	GB	RAF two-letter serial	XF526	Hawker	Hunter F.6	United Kingdom
15013	GB	RAF two-letter serial	XG210	Hawker	Hunter F.6	United Kingdom
15696	GB	RAF two-letter serial	XF509	Hawker	Hunter F.6	United Kingdom
16280	GB	RAF two-letter serial	XG274	Hawker	Hunter F.6	United Kingdom
16341	GB	RAF two-letter serial	XF522	Hawker	Hunter F.6	United Kingdom
16342	GB	RAF two-letter serial	XF527	Hawker	Hunter F.6	United Kingdom
17106	GB	RAF two-letter serial	XG152	Hawker	Hunter F.6	Germany
17308	GB	RAF two-letter serial	XF418	Hawker	Hunter F.6	Germany
17944	GB	RAF two-letter serial	XE656	Hawker	Hunter F.6	Germany
18094	GB	RAF two-letter serial	WV276	Hawker	Hunter F.6	Germany
6227	GB	RAF two-letter serial	XE627	Hawker	Hunter F.6A	United Kingdom
14081	GB	RAF two-letter serial	XJ634	Hawker	Hunter F.6A	Saudi Arabia
14404	GB	RAF two-letter serial	XG160	Hawker	Hunter F.6A	United Kingdom
15278	GB	RAF two-letter serial	XF382	Hawker	Hunter F.6A	United Kingdom
15413	GB	RAF two-letter serial	XE606	Hawker	Hunter F.6A	United Kingdom
15686	GB	RAF two-letter serial	XG226	Hawker	Hunter F.6A	United Kingdom
15708	GB	RAF two-letter serial	XG172	Hawker	Hunter F.6A	United Kingdom
15817	GB	RAF two-letter serial	XG225	Hawker	Hunter F.6A	United Kingdom
16477	GB	RAF two-letter serial	XJ639	Hawker	Hunter F.6A	United Kingdom
14954	GB	RAF two-letter serial	XE584	Hawker	Hunter FGA.9	United Kingdom
15626	GB	RAF two-letter serial	XG254	Hawker	Hunter FGA.9	United Kingdom
15755	GB	RAF two-letter serial	XG154	Hawker	Hunter FGA.9	United Kingdom
16217	GB	RAF two-letter serial	XG297	Hawker	Hunter FGA.9	United Kingdom
16431	GB	RAF two-letter serial	XG194	Hawker	Hunter FGA.9	United Kingdom
14185	GB	RAF two-letter serial	XJ714	Hawker	Hunter FR.10	United Kingdom
15823	GB	RAF two-letter serial	XF426	Hawker	Hunter FR.10	United Kingdom
22519	NZ	ZK- registration	ZK-JIL	Hawker Siddeley	Hunter FR.74S	New Zealand
14184	GB	RAF two-letter serial	WV382	Hawker	Hunter GA.11	United Kingdom
14296	GB	RAF two-letter serial	XE707	Hawker	Hunter GA.11	United Kingdom
14500	GB	RAF two-letter serial	WT806	Hawker	Hunter GA.11	United Kingdom
14998	GB	RAF two-letter serial	XE668	Hawker	Hunter GA.11	United Kingdom
15014	GB	RAF two-letter serial	WW654	Hawker	Hunter GA.11	United Kingdom
15169	GB	RAF two-letter serial	WT744	Hawker	Hunter GA.11	United Kingdom
16208	GB	RAF two-letter serial	WT741	Hawker	Hunter GA.11	United Kingdom
16305	GB	RAF two-letter serial	WB188	Hawker	Hunter P.1067	United Kingdom
15228	GB	RAF two-letter serial	WT711	Hawker	Hunter PR.11	United Kingdom
16345	GB	RAF two-letter serial	WT723	Hawker	Hunter PR.11	United Kingdom
14183	GB	RAF two-letter serial	XL569	Hawker	Hunter T.7	United Kingdom
14501	GB	RAF two-letter serial	XL565	Hawker	Hunter T.7	United Kingdom
14760	GB	RAF two-letter serial	XL621	Hawker	Hunter T.7	United Kingdom
14761	GB	RAF two-letter serial	XL623	Hawker	Hunter T.7	United Kingdom
14838	GB	RAF two-letter serial	WV383	Hawker	Hunter T.7	United Kingdom
14839	GB	RAF two-letter serial	XL563	Hawker	Hunter T.7	United Kingdom
14956	GB	RAF two-letter serial	XL586	Hawker	Hunter T.7	United Kingdom
14969	GB	RAF two-letter serial	XL591	Hawker	Hunter T.7	United Kingdom
15244	GB	RAF two-letter serial	XL587	Hawker	Hunter T.7	United Kingdom
15485	GB	RAF two-letter serial	XX467	Hawker	Hunter T.7	United Kingdom
16120	GB	RAF two-letter serial	XL573	Hawker	Hunter T.7	United Kingdom
16501	GB	RAF two-letter serial	XL572	Hawker	Hunter T.7	United Kingdom
17045	GB	RAF two-letter serial	XL618	Hawker	Hunter T.7	Germany
17749	GB	RAF two-letter serial	XL578	Hawker	Hunter T.7	Germany
20922	GB	RAF two-letter serial	XL600	Hawker	Hunter T.7	Canada
15869	GB	RAF two-letter serial	XL568	Hawker	Hunter T.7A	United Kingdom
16476	GB	RAF two-letter serial	WT799	Hawker	Hunter T.8	United Kingdom
14401	GB	RAF two-letter serial	WT722	Hawker	Hunter T.8C	United Kingdom
14502	GB	RAF two-letter serial	XF994	Hawker	Hunter T.8C	United Kingdom
14659	GB	RAF two-letter serial	XE665	Hawker	Hunter T.8C	United Kingdom
16113	GB	RAF two-letter serial	WV322	Hawker	Hunter T.8C	United Kingdom
16300	GB	RAF two-letter serial	WV396	Hawker	Hunter T.8C	United Kingdom
14927	GB	RAF two-letter serial	XL580	Hawker	Hunter T.8M	United Kingdom
15067	US	USAF/US Army fiscal-year serial	51-16622	Piasecki	HUP-3	United Kingdom
21147	US	USAF/US Army fiscal-year serial	51-16623	Piasecki	HUP-3 Retriever	Canada
21721	AU	VH- registration	VH-AFW	Sindlinger	Hurricane	Australia
6221	GB	RAF pre-war single-letter serial	P2902	Hawker	Hurricane I	United Kingdom
6222	GB	RAF pre-war single-letter serial	R4118	Hawker	Hurricane I	United Kingdom
6224	GB	RAF pre-war single-letter serial	V7497	Hawker	Hurricane I	United Kingdom
14804	GB	RAF pre-war single-letter serial	P3717	Hawker	Hurricane I	United Kingdom
14805	GB	RAF pre-war single-letter serial	P3966	Hawker	Hurricane I	United Kingdom
15614	GB	RAF pre-war single-letter serial	P3708	Hawker	Hurricane I	United Kingdom
6225	GB	RAF pre-war single-letter serial	Z2315	Hawker	Hurricane IIB	United Kingdom
14454	GB	RAF pre-war single-letter serial	V7350	Hawker	Hurricane Mk I	United Kingdom
15756	GB	RAF pre-war single-letter serial	P2617	Hawker	Hurricane Mk I	United Kingdom
15967	GB	RAF pre-war single-letter serial	L1592	Hawker	Hurricane Mk I	United Kingdom
16304	GB	RAF pre-war single-letter serial	P3179	Hawker	Hurricane Mk I	United Kingdom
14473	GB	RAF pre-war single-letter serial	Z2389	Hawker	Hurricane Mk IIa	United Kingdom
15328	GB	RAF two-letter serial	BH238	Hawker	Hurricane Mk IIb	United Kingdom
14287	GB	RAF two-letter serial	LF363	Hawker	Hurricane Mk IIC	United Kingdom
14288	GB	RAF two-letter serial	PZ865	Hawker	Hurricane Mk IIC	United Kingdom
15832	GB	RAF two-letter serial	LF738	Hawker	Hurricane Mk IIc	United Kingdom
16266	GB	RAF two-letter serial	LF751	Hawker	Hurricane Mk IIc	United Kingdom
16460	GB	RAF two-letter serial	BD731	Hawker	Hurricane Mk IIc	United Kingdom
16329	GB	RAF two-letter serial	KX829	Hawker	Hurricane Mk IV	United Kingdom
21460	GB	RAF two-letter serial	KZ321	Hawker	Hurricane Mk IV	Canada
25177	US	N-number	N71SQ	Hawker Siddeley	Hurricane Mk XII	United States
20254	US	N-number	N943HH	Hawker	Hurricane Mk XII	United States
15194	GB	RAF pre-war single-letter serial	V6799	Hawker	Hurricane Mk.I	United Kingdom
5815	GB	RAF two-letter serial	LF686	Hawker	Hurricane Mk.IIC	United States
5637	GB	RAF two-letter serial	BW881	Canadian Car & Foundry	Hurricane Mk.XIIA	United States
6223	GB	RAF two-letter serial	BE505	Hawker	Hurricane TR.2B	United Kingdom
16031	GB	G- registration	G-HURI	Hawker	Hurricane XIIa	United Kingdom
17623	GB	RAF two-letter serial	AG244	Hawker	Hurricane XIIA	Germany
16646	DE	D- registration	D-HAJU	Havertz	HZ-5	Germany
23168	NO	LN- registration	LN-YRH	Tierra	I	Norway
14486	GB	G- registration	G-ROEI	Roe	I	United Kingdom
20302	US	N-number	N3815R	Polikarpov	I-15bis	United States
20300	US	N-number	N153RP	Polikarpov	I-153	United States
20301	US	N-number	N1639P	Polikarpov	I-16Type 24	United States
6206	GB	RAF two-letter serial	ZD487	FMA	IA 58	United Kingdom
16253	GB	RAF two-letter serial	ZD485	FMA	IA 58	United Kingdom
16254	GB	RAF two-letter serial	ZD486	FMA	IA 58	United Kingdom
11510	AR	LV- registration	LV-HLV	FMA	IA-46	Argentina
11295	AR	LV- registration	LV-LAI	FMA	IA-50	Argentina
11415	AR	LQ- registration	LQ-MBS	FMA	IA-50	Argentina
11557	AR	LQ- registration	LQ-JXY	FMA	IA-50B	Argentina
24503	US	N-number	N63P	Hall	Ibex	United States
24517	US	N-number	N86671	Prue	IIA	United States
25206	US	N-number	N9168X	Farman	III	United States
24121	US	N-number	N77KL	Cassutt	IIIM	United States
5812	US	US registration (maker is not a UK airframe builder)	N5032	Gyro 2000	Ikenga-530Z	United States
11770	RU	CCCP- registration	CCCP-27201	Ilyushin	Il-12D	Russia
11733	RU	CCCP- registration	CCCP-41835	Ilyushin	Il-14	Russia
12340	RU	CCCP- registration	CCCP-06150	Ilyushin	Il-14M	Russia
12558	RU	CCCP- registration	CCCP-91588	Ilyushin	Il-14M	Russia
12557	RU	CCCP- registration	CCCP-06132	Ilyushin	Il-14P	Russia
17535	DE	DM- registration	DM-VAD	Ilyushin	Il-14P	Germany
18006	DE	DM- registration	DM-SAF	Ilyushin	Il-14P	Germany
18024	DE	DM- registration	DM-SAD	Ilyushin	Il-14P	Germany
11873	RU	CCCP- registration	CCCP-61784	Ilyushin	Il-14T	Russia
17313	DE	DDR- registration	DDR-STH	Ilyushin	Il-18	Germany
17885	CZ	OK- registration	OK-PAI	Ilyushin	Il-18	Germany
12556	RU	CCCP- registration	CCCP-74250	Ilyushin	Il-18D	Russia
17257	DE	DDR- registration	DDR-STE	Ilyushin	Il-18V	Germany
5531	RU	CCCP- registration	CCCP-75737	Ilyushin	Il-18V	Russia
17729	DE	DDR- registration	DDR-SEG	Ilyushin	Il-62	Germany
5532	RU	CCCP- registration	CCCP-86670	Ilyushin	Il-62	Russia
11831	RU	RA- registration	RA-86556	Ilyushin	Il-62	Russia
12554	RU	CCCP- registration	CCCP-86650	Ilyushin	Il-62	Russia
12555	RU	RA- registration	RA-86507	Ilyushin	Il-62MK	Russia
12146	RU	CCCP- registration	CCCP-76502	Ilyushin	Il-76	Russia
5530	RU	CCCP- registration	CCCP-86047	Ilyushin	Il-76M	Russia
12553	RU	RA- registration	RA-86062	Ilyushin	Il-86	Russia
10639	US	N-number	N619Y	Waco	INF	United States
20673	CA	CF- registration	CF-CJR	Waco	INF	Canada
11093	BR	PP- registration	PP-ZTU	IPD	IPD/PAR-6505	Brazil
11091	BR	PT- registration	PT-KYL	IPT	IPT-0	Brazil
11092	BR	PP- registration	PP-ZDB	IPT	IPT-16	Brazil
21678	AU	VH- registration	VH-GVY	IAR Brasov	IS 28B2	Australia
7151	US	N-number	N777FV	ICA-Brasov	IS-28B2	United States
22135	AU	VH- registration	VH-GRK	ICA Brasov	IS-28M2	Australia
6799	US	N-number	N11GR	IAR	IS-29D	United States
22136	AU	VH- registration	VH-GWC	ICA Brasov	IS-29D	Australia
14261	GB	RAF two-letter serial	ZG993	Britten-Norman	Islander AL.1	United Kingdom
17812	DE	D- registration	D-EJKB	Lancair	IV	Germany
10604	US	US registration (maker is not a UK airframe builder)	N4213	Standard Aircraft	J-1	United States
25191	US	N-number	N22581	Standard	J-1	United States
27010	US	US registration (maker is not a UK airframe builder)	N9477	Standard Aircraft	J-1	United States
4526	US	N-number	N4039G	McCulloch	J-2	United States
7866	US	N-number	N4374G	McCulloch	J-2	United States
15059	GB	G- registration	G-ORVB	McCulloch	J-2	United Kingdom
8219	US	N-number	N19250	Taylor	J-2	United States
10622	US	N-number	N16743	Taylor	J-2	United States
24023	US	N-number	N16330	Taylor	J-2	United States
24150	US	N-number	N19555	Piper	J-2	United States
24674	US	N-number	N17834	Taylor	J-2	United States
25774	US	N-number	N16315	Taylor	J-2	United States
26950	US	N-number	N17247	Piper	J-2	United States
24105	US	N-number	N4322G	McCulloch	J-2	United States
24107	US	N-number	N4362G	McCulloch	J-2	United States
21227	CA	CF- registration	CF-BEE	Taylor	J-2Cub	Canada
5065	US	N-number	N6944H	Piper	J-3	United States
5066	US	N-number	N26044	Piper	J-3	United States
5858	US	N-number	N35773	Piper	J-3	United States
10301	US	N-number	N6003H	Piper	J-3	United States
13633	IN	VT- registration	VT-CNM	Piper	J-3C	India
26146	US	N-number	N42008	Piper	J-3C	United States
26157	US	N-number	N30707	Piper	J-3C	United States
26175	US	N-number	N78423	Piper	J-3C	United States
3005	US	N-number	N58368	Piper	J-3C-65	United States
6481	US	N-number	N88023	Piper	J-3C-65	United States
7081	US	N-number	N5985V	Piper	J-3C-65	United States
7222	US	N-number	N88012	Piper	J-3C-65	United States
7234	US	N-number	N32851	Piper	J-3C-65	United States
7856	US	N-number	N26815	Piper	J-3C-65	United States
8014	US	N-number	N6125H	Piper	J-3C-65	United States
8175	US	N-number	N42427	Piper	J-3C-65	United States
8536	US	N-number	N3513N	Piper	J-3C-65	United States
10573	US	N-number	N1071N	Piper	J-3C-65	United States
10574	US	N-number	N20255	Piper	J-3C-65	United States
10575	US	N-number	N30210	Piper	J-3C-65	United States
10576	US	N-number	N8482H	Piper	J-3C-65	United States
20115	US	N-number	N20830	Piper	J-3C-65	United States
23749	IS	TF- registration	TF-CUB	Piper	J-3C-65	Iceland
24038	US	N-number	N41529	Piper	J-3C-65	United States
24151	US	N-number	N2038M	Piper	J-3C-65	United States
24152	US	N-number	N33523	Piper	J-3C-65	United States
24153	US	N-number	N3393N	Piper	J-3C-65	United States
24154	US	N-number	N6653H	Piper	J-3C-65	United States
24155	US	N-number	N70676	Piper	J-3C-65	United States
24791	US	N-number	N3411K	Piper	J-3C-65	United States
25591	US	N-number	N70572	Piper	J-3C-65	United States
26661	US	N-number	N24758	Piper	J-3C-65	United States
26912	US	N-number	N51570	Piper	J-3C-65	United States
26951	US	N-number	N98733	Piper	J-3C-65	United States
27222	US	N-number	N41300	Piper	J-3C-65	United States
27223	US	N-number	N92186	Piper	J-3C-65	United States
20279	US	N-number	N23464	Piper	J-3C-65	United States
21405	CA	CF- registration	CF-VIC	Piper	J-3C-65 Cub	Canada
21504	CA	CF- registration	CF-LBE	Piper	J-3C-65X Cub	Canada
6958	US	N-number	N3320N	Piper	J-3C-75	United States
21251	CA	CF- registration	CF-YME	Piper	J-3Cub	Canada
23366	DK	OY- registration	OY-ABT	Piper	J-3F-50	Denmark
10577	US	N-number	N21561	Piper	J-3P	United States
10578	US	N-number	N21867	Piper	J-4A	United States
10579	US	N-number	N27868	Piper	J-4A	United States
24156	US	N-number	N22881	Piper	J-4A	United States
21250	CA	CF- registration	CF-KIB	Piper	J-4A Cub Coupe	Canada
7857	US	N-number	N30426	Piper	J-4F	United States
25590	US	N-number	N26957	Piper	J-4F	United States
10580	US	N-number	N26876	Piper	J-5A	United States
10581	US	N-number	N32607	Piper	J-5A	United States
21253	CA	CF- registration	CF-HRI	Piper	J-5A Cub Cruiser	Canada
14116	GB	G- registration	G-AJRE	Auster	J/1	United Arab Emirates
22641	NZ	ZK- registration	ZK-BJL	Auster Aircraft	J/1	New Zealand
23183	DK	OY- registration	OY-DUY	Auster	J/1	Norway
24077	US	N-number	N22443	Auster	J/1	United States
15433	GB	G- registration	G-APKM	Auster	J/1J/1N	United Kingdom
13880	IN	VT- registration	VT-DYU	Auster	J/1 Aiglet	India
21544	AU	VH- registration	VH-ACY	Auster	J/1B	Australia
21804	AU	VH- registration	VH-ASQ	Auster Aircraft	J/1B	Australia
22598	NZ	ZK- registration	ZK-BWH	Auster Aircraft	J/1B	New Zealand
14753	GB	G- registration	G-AHAT	Auster	J/1N Alpha	United Kingdom
21714	AU	VH- registration	VH-KAV	Auster	J/5	Australia
19477	GB	G- registration	G-AHAY	Auster	J/5-1	Israel
22075	AU	VH- registration	VH-KCL	Auster Aircraft	J/5B	Australia
22539	NZ	ZK- registration	ZK-AYN	Auster Aircraft	J/5B	New Zealand
14007	KW	9K- registration	9K-AAD	Auster	J/5F Aiglet Trainer	Kuwait
21931	AU	RAAF A-series serial	A11-300	Auster	J/5G	Australia
22074	AU	VH- registration	VH-BYP	Auster Aircraft	J/5G	Australia
14012	KW	9K- registration	9K-AAI	Auster	J/5L Aiglet Trainer	Kuwait
10420	US	N-number	N3960C	Grumman	J2F -6	United States
5912	US	N-number	N1196N	Grumman	J2F-6	United States
24729	US	N-number	N25769	Piper	J3C-65	United States
8510	US	N-number	N21440	Piper	J3L	United States
15023	GB	G- registration	G-BWCW	Barnett	J4B	United Kingdom
24126	US	N-number	N174HM	Barnett	J4B-2	United States
24572	US	N-number	N38633	Piper	J5A	United States
14845	GB	RAF two-letter serial	XW566	SEPECAT	Jaguar B	United Kingdom
11128	GB	RAF two-letter serial	XX757	SEPECAT	Jaguar GR.1	Brazil
14340	GB	RAF two-letter serial	XX739	SEPECAT	Jaguar GR.1	United Kingdom
14385	GB	RAF two-letter serial	XX734	SEPECAT	Jaguar GR.1	United Kingdom
14386	GB	RAF two-letter serial	XX761	SEPECAT	Jaguar GR.1	United Kingdom
14413	GB	RAF two-letter serial	XX763	SEPECAT	Jaguar GR.1	United Kingdom
14513	GB	RAF two-letter serial	XZ382	SEPECAT	Jaguar GR.1	United Kingdom
14551	GB	RAF two-letter serial	XX109	SEPECAT	Jaguar GR.1	United Kingdom
14583	GB	RAF two-letter serial	XX110	SEPECAT	Jaguar GR.1	United Kingdom
14606	GB	RAF two-letter serial	XX726	SEPECAT	Jaguar GR.1	United Kingdom
14611	GB	RAF two-letter serial	XX756	SEPECAT	Jaguar GR.1	United Kingdom
14614	GB	RAF two-letter serial	XX821	SEPECAT	Jaguar GR.1	United Kingdom
14619	GB	RAF two-letter serial	XX959	SEPECAT	Jaguar GR.1	United Kingdom
14621	GB	RAF two-letter serial	XX968	SEPECAT	Jaguar GR.1	United Kingdom
14623	GB	RAF two-letter serial	XX976	SEPECAT	Jaguar GR.1	United Kingdom
14634	GB	RAF two-letter serial	XZ368	SEPECAT	Jaguar GR.1	United Kingdom
14635	GB	RAF two-letter serial	XZ370	SEPECAT	Jaguar GR.1	United Kingdom
14636	GB	RAF two-letter serial	XZ371	SEPECAT	Jaguar GR.1	United Kingdom
14756	GB	RAF two-letter serial	XZ390	SEPECAT	Jaguar GR.1	United Kingdom
14973	GB	RAF two-letter serial	XX967	SEPECAT	Jaguar GR.1	United Kingdom
15180	GB	RAF two-letter serial	XX764	SEPECAT	Jaguar GR.1	United Kingdom
15326	GB	RAF two-letter serial	XX744	SEPECAT	Jaguar GR.1	United Kingdom
15516	GB	RAF two-letter serial	XX753	SEPECAT	Jaguar GR.1	United Kingdom
15581	GB	RAF two-letter serial	XZ119	SEPECAT	Jaguar GR.1	United Kingdom
15640	GB	RAF two-letter serial	XX108	SEPECAT	Jaguar GR.1	United Kingdom
15705	GB	RAF two-letter serial	XZ374	SEPECAT	Jaguar GR.1	United Kingdom
15808	GB	RAF two-letter serial	XX824	SEPECAT	Jaguar GR.1	United Kingdom
16140	GB	RAF two-letter serial	XX727	SEPECAT	Jaguar GR.1	United Kingdom
16249	GB	RAF two-letter serial	XX736	SEPECAT	Jaguar GR.1	United Kingdom
16265	GB	RAF two-letter serial	XZ384	SEPECAT	Jaguar GR.1	United Kingdom
16349	GB	RAF two-letter serial	XZ389	SEPECAT	Jaguar GR.1	United Kingdom
16492	GB	RAF two-letter serial	XZ383	SEPECAT	Jaguar GR.1	United Kingdom
15838	GB	RAF two-letter serial	XX765	SEPECAT	Jaguar GR.1 ACT	United Kingdom
14298	GB	RAF two-letter serial	XX741	SEPECAT	Jaguar GR.1A	United Kingdom
14553	GB	RAF two-letter serial	XZ375	SEPECAT	Jaguar GR.1A	United Kingdom
14620	GB	RAF two-letter serial	XX965	SEPECAT	Jaguar GR.1A	United Kingdom
14632	GB	RAF two-letter serial	XZ358	SEPECAT	Jaguar GR.1A	United Kingdom
15659	GB	RAF two-letter serial	XX979	SEPECAT	Jaguar GR.1A	United Kingdom
17367	GB	RAF two-letter serial	XX955	SEPECAT	Jaguar GR.1A	Germany
14633	GB	RAF two-letter serial	XZ367	SEPECAT	Jaguar GR.3	United Kingdom
14638	GB	RAF two-letter serial	XZ391	SEPECAT	Jaguar GR.3	United Kingdom
14173	GB	RAF two-letter serial	XZ369	SEPECAT	Jaguar GR.3A	United Kingdom
14527	GB	RAF two-letter serial	XX116	SEPECAT	Jaguar GR.3A	United Kingdom
14584	GB	RAF two-letter serial	XX112	SEPECAT	Jaguar GR.3A	United Kingdom
14585	GB	RAF two-letter serial	XX117	SEPECAT	Jaguar GR.3A	United Kingdom
14603	GB	RAF two-letter serial	XX723	SEPECAT	Jaguar GR.3A	United Kingdom
14604	GB	RAF two-letter serial	XX724	SEPECAT	Jaguar GR.3A	United Kingdom
14605	GB	RAF two-letter serial	XX725	SEPECAT	Jaguar GR.3A	United Kingdom
14607	GB	RAF two-letter serial	XX729	SEPECAT	Jaguar GR.3A	United Kingdom
14608	GB	RAF two-letter serial	XX738	SEPECAT	Jaguar GR.3A	United Kingdom
14609	GB	RAF two-letter serial	XX748	SEPECAT	Jaguar GR.3A	United Kingdom
14610	GB	RAF two-letter serial	XX752	SEPECAT	Jaguar GR.3A	United Kingdom
14612	GB	RAF two-letter serial	XX766	SEPECAT	Jaguar GR.3A	United Kingdom
14613	GB	RAF two-letter serial	XX767	SEPECAT	Jaguar GR.3A	United Kingdom
14622	GB	RAF two-letter serial	XX970	SEPECAT	Jaguar GR.3A	United Kingdom
14624	GB	RAF two-letter serial	XZ103	SEPECAT	Jaguar GR.3A	United Kingdom
14625	GB	RAF two-letter serial	XZ104	SEPECAT	Jaguar GR.3A	United Kingdom
14626	GB	RAF two-letter serial	XZ109	SEPECAT	Jaguar GR.3A	United Kingdom
14627	GB	RAF two-letter serial	XZ112	SEPECAT	Jaguar GR.3A	United Kingdom
14628	GB	RAF two-letter serial	XZ114	SEPECAT	Jaguar GR.3A	United Kingdom
14629	GB	RAF two-letter serial	XZ115	SEPECAT	Jaguar GR.3A	United Kingdom
14630	GB	RAF two-letter serial	XZ117	SEPECAT	Jaguar GR.3A	United Kingdom
14637	GB	RAF two-letter serial	XZ377	SEPECAT	Jaguar GR.3A	United Kingdom
14639	GB	RAF two-letter serial	XZ392	SEPECAT	Jaguar GR.3A	United Kingdom
14640	GB	RAF two-letter serial	XZ398	SEPECAT	Jaguar GR.3A	United Kingdom
14641	GB	RAF two-letter serial	XZ399	SEPECAT	Jaguar GR.3A	United Kingdom
15181	GB	RAF two-letter serial	XZ394	SEPECAT	Jaguar GR.3A	United Kingdom
15356	GB	RAF two-letter serial	XZ113	SEPECAT	Jaguar GR.3A	United Kingdom
15694	GB	RAF two-letter serial	XZ106	SEPECAT	Jaguar GR.3A	United Kingdom
5256	GB	RAF two-letter serial	XZ396	SEPECAT	Jaguar GR3A	United States
14380	GB	RAF two-letter serial	XW560	SEPECAT	Jaguar S	United Kingdom
15646	GB	RAF two-letter serial	XW563	SEPECAT	Jaguar S	United Kingdom
14651	GB	RAF two-letter serial	ZB615	SEPECAT	Jaguar T.2	United Kingdom
14382	GB	RAF two-letter serial	XX145	SEPECAT	Jaguar T.2A	United Kingdom
14552	GB	RAF two-letter serial	XX830	SEPECAT	Jaguar T.2A	United Kingdom
14586	GB	RAF two-letter serial	XX141	SEPECAT	Jaguar T.2A	United Kingdom
14615	GB	RAF two-letter serial	XX833	SEPECAT	Jaguar T.2A	United Kingdom
15515	GB	RAF two-letter serial	XX829	SEPECAT	Jaguar T.2A	United Kingdom
14616	GB	RAF two-letter serial	XX835	SEPECAT	Jaguar T.4	United Kingdom
14617	GB	RAF two-letter serial	XX840	SEPECAT	Jaguar T.4	United Kingdom
14618	GB	RAF two-letter serial	XX847	SEPECAT	Jaguar T.4	United Kingdom
14992	GB	RAF two-letter serial	XX841	SEPECAT	Jaguar T.4	United Kingdom
16093	GB	RAF two-letter serial	XX146	SEPECAT	Jaguar T.4	United Kingdom
16141	GB	RAF two-letter serial	XX845	SEPECAT	Jaguar T.4	United Kingdom
5257	GB	RAF two-letter serial	XX150	SEPECAT	Jaguar T4	United States
15859	GB	RAF two-letter serial	XA564	Gloster	Javelin FAW.1	United Kingdom
14337	GB	RAF two-letter serial	XA634	Gloster	Javelin FAW.4	United Kingdom
15274	GB	RAF two-letter serial	XA699	Gloster	Javelin FAW.5	United Kingdom
14224	GB	RAF two-letter serial	XH837	Gloster	Javelin FAW.7	United Kingdom
15476	GB	RAF two-letter serial	XH992	Gloster	Javelin FAW.8	United Kingdom
6208	GB	RAF two-letter serial	XH897	Gloster	Javelin FAW.9	United Kingdom
14181	GB	RAF two-letter serial	XH767	Gloster	Javelin FAW.9	United Kingdom
15190	GB	RAF two-letter serial	XH903	Gloster	Javelin FAW.9	United Kingdom
15630	GB	RAF two-letter serial	XH892	Gloster	Javelin FAW.9R	United Kingdom
26959	US	N-number	N4221D	Dyke	JD-2	United States
18767	FR	F- registration	F-PJSV	Dabos	JD-24	France
15376	GB	RAF two-letter serial	XJ389	Fairey	Jet Gyrodyne	United Kingdom
15820	GB	RAF two-letter serial	XD674	Hunting Percival	Jet Provost T.1	United Kingdom
14163	GB	RAF two-letter serial	XN554	Hunting	Jet Provost T.3	United Kingdom
14166	GB	RAF two-letter serial	XN511	Hunting	Jet Provost T.3	United Kingdom
14263	GB	RAF two-letter serial	XM474	Hunting	Jet Provost T.3	United Kingdom
14407	GB	RAF two-letter serial	XM404	Hunting	Jet Provost T.3	United Kingdom
14522	GB	RAF two-letter serial	XN632	Hunting	Jet Provost T.3	United Kingdom
14523	GB	RAF two-letter serial	XN597	Hunting	Jet Provost T.3	United Kingdom
14579	GB	RAF two-letter serial	XM362	Hunting	Jet Provost T.3	United Kingdom
14855	GB	RAF two-letter serial	XN458	Hunting	Jet Provost T.3	United Kingdom
15165	GB	RAF two-letter serial	XN492	Hunting	Jet Provost T.3	United Kingdom
15199	GB	RAF two-letter serial	XM410	Hunting	Jet Provost T.3	United Kingdom
15419	GB	RAF two-letter serial	XN503	Hunting	Jet Provost T.3	United Kingdom
15490	GB	RAF two-letter serial	XN573	Hunting	Jet Provost T.3	United Kingdom
15540	GB	RAF two-letter serial	XM355	Hunting	Jet Provost T.3	United Kingdom
15821	GB	RAF two-letter serial	XM351	Hunting	Jet Provost T.3	United Kingdom
15998	GB	RAF two-letter serial	XM480	Hunting	Jet Provost T.3	United Kingdom
16224	GB	RAF two-letter serial	XM411	Hunting	Jet Provost T.3	United Kingdom
16470	GB	RAF two-letter serial	XM468	Hunting	Jet Provost T.3	United Kingdom
16507	GB	RAF two-letter serial	XM373	Hunting	Jet Provost T.3	United Kingdom
20083	GB	RAF two-letter serial	XN470	Hunting Percival	Jet Provost T.3	United Arab Emirates
4484	GB	RAF two-letter serial	XM464	Hunting	Jet Provost T.3A	United States
6578	US	N-number	N4421B	BAC	Jet Provost T.3A	United States
6579	US	N-number	N4427Q	BAC	Jet Provost T.3A	United States
14264	GB	RAF two-letter serial	XN466	Hunting	Jet Provost T.3A	United Kingdom
14503	GB	RAF two-letter serial	XM365	Hunting	Jet Provost T.3A	United Kingdom
14932	GB	RAF two-letter serial	XN462	Hunting	Jet Provost T.3A	United Kingdom
15197	GB	RAF two-letter serial	XN551	Hunting	Jet Provost T.3A	United Kingdom
15198	GB	RAF two-letter serial	XM358	Hunting	Jet Provost T.3A	United Kingdom
15201	GB	RAF two-letter serial	XM473	Hunting	Jet Provost T.3A	United Kingdom
15230	GB	RAF two-letter serial	XN634	Hunting	Jet Provost T.3A	United Kingdom
15239	GB	RAF two-letter serial	XM425	Hunting	Jet Provost T.3A	United Kingdom
15243	GB	RAF two-letter serial	XM405	Hunting	Jet Provost T.3A	United Kingdom
15491	GB	RAF two-letter serial	XM383	Hunting	Jet Provost T.3A	United Kingdom
15541	GB	RAF two-letter serial	XM419	Hunting	Jet Provost T.3A	United Kingdom
15636	GB	RAF two-letter serial	XN500	Hunting	Jet Provost T.3A	United Kingdom
15822	GB	RAF two-letter serial	XM463	Hunting	Jet Provost T.3A	United Kingdom
16124	GB	RAF two-letter serial	XN584	Hunting	Jet Provost T.3A	United Kingdom
16223	GB	RAF two-letter serial	XM350	Hunting	Jet Provost T.3A	United Kingdom
16282	GB	RAF two-letter serial	XN629	Hunting	Jet Provost T.3A	United Kingdom
16359	GB	RAF two-letter serial	XM414	Hunting	Jet Provost T.3A	United Kingdom
16471	GB	RAF two-letter serial	XN495	Hunting	Jet Provost T.3A	United Kingdom
16508	GB	RAF two-letter serial	XN582	Hunting	Jet Provost T.3A	United Kingdom
16509	GB	RAF two-letter serial	XN589	Hunting	Jet Provost T.3A	United Kingdom
19765	GB	G- registration	G-BWDR	BAC	Jet Provost T.3A	Turkey
14156	GB	RAF two-letter serial	XS218	Hunting	Jet Provost T.4	United Kingdom
14186	GB	RAF two-letter serial	XP568	Hunting	Jet Provost T.4	United Kingdom
14371	GB	RAF two-letter serial	XR650	Hunting	Jet Provost T.4	United Kingdom
14677	GB	RAF two-letter serial	XP556	Hunting	Jet Provost T.4	United Kingdom
14739	GB	RAF two-letter serial	XP557	Hunting Percival	Jet Provost T.4	United Kingdom
14994	GB	RAF two-letter serial	XS179	Hunting	Jet Provost T.4	United Kingdom
15011	GB	RAF two-letter serial	XP585	Hunting	Jet Provost T.4	United Kingdom
15124	GB	RAF two-letter serial	XP629	Hunting	Jet Provost T.4	United Kingdom
15366	GB	RAF two-letter serial	XS176	Hunting Percival	Jet Provost T.4	United Kingdom
15421	GB	RAF two-letter serial	XP627	Hunting	Jet Provost T.4	United Kingdom
15688	GB	RAF two-letter serial	XR658	Hunting	Jet Provost T.4	United Kingdom
15955	GB	RAF two-letter serial	XR681	Hunting	Jet Provost T.4	United Kingdom
16090	GB	RAF two-letter serial	XS209	Hunting	Jet Provost T.4	United Kingdom
16127	GB	RAF two-letter serial	XP672	Hunting	Jet Provost T.4	United Kingdom
16234	GB	RAF two-letter serial	XS216	Hunting	Jet Provost T.4	United Kingdom
16510	GB	RAF two-letter serial	XP640	Hunting	Jet Provost T.4	United Kingdom
17311	GB	RAF two-letter serial	XR670	Hunting Percival	Jet Provost T.4	Germany
18097	GB	RAF two-letter serial	XS217	Hunting Percival	Jet Provost T.4	Germany
18098	GB	RAF two-letter serial	XW328	Hunting Percival	Jet Provost T.4	Germany
20924	GB	RAF two-letter serial	XR679	BAC	Jet Provost T.4	Canada
17048	GB	RAF two-letter serial	XW318	British Aircraft Corporation	Jet Provost T.5	Germany
14374	GB	RAF two-letter serial	XS231	Hunting	Jet Provost T.5	United Kingdom
14562	GB	RAF two-letter serial	XW291	Hunting	Jet Provost T.5	United Kingdom
15005	GB	RAF two-letter serial	XW309	Hunting	Jet Provost T.5	United Kingdom
15742	GB	RAF two-letter serial	XW323	British Aircraft Corporation	Jet Provost T.5A	United Kingdom
14412	GB	RAF two-letter serial	XW310	Hunting	Jet Provost T.5A	United Kingdom
14504	GB	RAF two-letter serial	XW290	Hunting	Jet Provost T.5A	United Kingdom
14563	GB	RAF two-letter serial	XW423	Hunting	Jet Provost T.5A	United Kingdom
14581	GB	RAF two-letter serial	XW327	Hunting	Jet Provost T.5A	United Kingdom
14675	GB	RAF two-letter serial	XW353	Hunting	Jet Provost T.5A	United Kingdom
14996	GB	RAF two-letter serial	XW434	Hunting	Jet Provost T.5A	United Kingdom
15006	GB	RAF two-letter serial	XW404	Hunting	Jet Provost T.5A	United Kingdom
15007	GB	RAF two-letter serial	XW405	Hunting	Jet Provost T.5A	United Kingdom
15200	GB	RAF two-letter serial	XW432	BAC	Jet Provost T.5A	United Kingdom
15337	GB	RAF two-letter serial	XW430	BAC	Jet Provost T.5A	United Kingdom
15664	GB	RAF two-letter serial	XW303	BAC	Jet Provost T.5A	United Kingdom
15665	GB	RAF two-letter serial	XW364	BAC	Jet Provost T.5A	United Kingdom
16136	GB	RAF two-letter serial	XW320	Hunting	Jet Provost T.5A	United Kingdom
16137	GB	RAF two-letter serial	XW420	Hunting	Jet Provost T.5A	United Kingdom
16138	GB	RAF two-letter serial	XW436	Hunting	Jet Provost T.5A	United Kingdom
25877	GB	RAF two-letter serial	XW413	BAC	Jet Provost T.5A	United States
14373	GB	RAF two-letter serial	XS230	Hunting	Jet Provost T.5P	United Kingdom
6453	US	N-number	N329J	Lockheed	JetStar	United States
21122	CA	C-F/G registration	C-FDTX	Lockheed	Jetstar-6	Canada
15550	GB	G- registration	G-BBBV	Handley Page	Jetstream-1	United Kingdom
16298	GB	G- registration	G-RAVL	Scottish Aviation	Jetstream-200	United Kingdom
14422	GB	G- registration	G-PLAH	British Aerospace	Jetstream-31	United Kingdom
15549	GB	G- registration	G-JSSD	British Aerospace	Jetstream-31	United Kingdom
9084	TH	HS- registration	HS-KLB	BAe	Jetstream-3102	Thailand
14192	GB	RAF two-letter serial	XX494	Scottish Aviation	Jetstream T.1	United Kingdom
15483	GB	RAF two-letter serial	XX492	Scottish Aviation	Jetstream T.1	United Kingdom
15824	GB	RAF two-letter serial	XX496	Scottish Aviation	Jetstream T.1	United Kingdom
16094	GB	RAF two-letter serial	XX477	Scottish Aviation	Jetstream T.1	United Kingdom
16247	GB	RAF two-letter serial	XX495	Scottish Aviation	Jetstream T.1	United Kingdom
16426	GB	RAF two-letter serial	XX499	Scottish Aviation	Jetstream T.1	United Kingdom
14519	GB	RAF two-letter serial	XX487	Scottish Aviation	Jetstream T.2	United Kingdom
14743	GB	RAF two-letter serial	XX483	Scottish Aviation	Jetstream T.2	United Kingdom
17276	GB	RAF two-letter serial	XX476	British Aerospace	Jetstream T.2	Germany
12727	AR	LV- registration	LV-ZRL	British Aerospace	Jetstream 32	Argentina
7408	US	USAF/US Army fiscal-year serial	54-0105	Republic	JF-105B	United States
23770	IS	TF- registration	TF-JFP	Árnason	JFP	Iceland
14850	GB	RAF two-letter serial	ZJ496	GAF	Jindivik-900	United Kingdom
22002	AU	RAAF A-series serial	A92-22	Government Aircraft Factories	Jindivik Mk 2	Australia
22231	AU	RAAF A-series serial	A92-47	Government Aircraft Factories	Jindivik Mk 2	Australia
15474	AU	RAAF A-series serial	A92-708	Government Aircraft Factories	Jindivik Mk 203B	United Kingdom
22291	AU	RAAF A-series serial	A92-511	Government Aircraft Factories	Jindivik Mk 303A	Australia
21757	AU	RAAF A-series serial	A92-492	Government Aircraft Factories	Jindivik Mk 3A	Australia
14349	AU	RAAF A-series serial	A92-664	Government Aircraft Factories	Jindivik Mk.103A	United Kingdom
14152	GB	RAF two-letter serial	ZJ503	Government Aircraft Factories	Jindivik Mk.900	United Kingdom
5978	US	N-number	N189BB	Miller	JM-2	United States
8329	US	N-number	N496C	Canadian Aeroplanes	JN-4C	United States
5634	US	US registration (maker is not a UK airframe builder)	N3712	Curtiss	JN-4D	United States
9754	US	USAF/US Army fiscal-year serial	18-2780	Curtiss	JN-4D	United States
10520	US	US registration (maker is not a UK airframe builder)	N1282	Curtiss	JN-4D	United States
20239	US	N-number	N6898C	Curtiss	JN-4D	United States
20441	CA	C-F/G registration	C-GDCX	Curtiss	JN-4D	Canada
24592	US	N-number	N3409D	Curtiss-Wright	JN-4D	United States
25190	US	US registration (maker is not a UK airframe builder)	N2086	Curtiss	JN-4D	United States
27241	US	N-number	N400JN	Curtiss	JN-4D	United States
7691	US	N-number	N101JN	Curtiss	JN-4D-2	United States
24618	US	US registration (maker is not a UK airframe builder)	N3918	Curtiss	JN-4H	United States
18841	FR	F- registration	F-CFGG	Pottier	JP-15-34	France
27224	US	N-number	N8037H	Beech	JRB-1	United States
24430	US	N-number	N644R	Grumman	JRF-5	United States
20487	CA	C-F/G registration	C-FLYL	Martin	JRM-3 Mars	Canada
24087	US	N-number	N4991C	Taylor	JT-1	United States
16867	DE	D- registration	D-AZAW	Junkers	Ju 52-3m	Germany
17314	DE	D- registration	D-CIAD	Junkers	Ju 52-3m	Germany
17614	DE	D- registration	D-AQUI	Junkers	Ju 52-3m	Germany
17868	DE	D- registration	D-CIAL	Junkers	Ju 52-3m	Germany
15847	GB	RAF two-letter serial	PJ876	Junkers	Ju 88R-1	United Kingdom
9733	US	USAF/US Army fiscal-year serial	70-15888	Beechcraft	JU-21H	United States
7122	US	N-number	N12164	Stinson	Junior S	United States
20118	US	N-number	N12143	Stinson	Junior S	United States
26915	US	N-number	N12165	Stinson	Junior S	United States
8024	US	N-number	N991H	Waco	JYM	United States
7835	US	N-number	N19339	Aeronca	K	United States
9677	US	N-number	N17799	Aeronca	K	United States
10493	US	N-number	N19718	Aeronca	K	United States
21481	CA	CF- registration	CF-BIN	Aeronca	K	Canada
24026	US	N-number	N17495	Aeronca	K	United States
24027	US	N-number	N18834	Aeronca	K	United States
24028	US	N-number	N19336	Aeronca	K	United States
26927	US	N-number	N18872	Aeronca	K	United States
23436	DK	OY- registration	OY-XFK	Schleicher	K 8B	Denmark
24340	US	N-number	N69097	Klemin	K-1	United States
25028	US	N-number	N401A	Kaman	K-225	United States
27277	US	N-number	N374V	Keystone	K-84	United States
21660	AU	VH- registration	VH-GNX	Schleicher	K.7	Australia
21661	AU	VH- registration	VH-GVA	Schleicher	K.8B	Australia
27007	US	N-number	N5578A	Schleicher	K7	United States
6810	US	N-number	N791D	Schleicher	Ka 4	United States
6811	US	US registration (maker is not a UK airframe builder)	N7984	Schleicher	Ka 4	United States
22459	NZ	ZK- registration	ZK-GBQ	Alexander Schleicher	Ka 4	New Zealand
23756	IS	TF- registration	TF-SBE	Schleicher	Ka 4	Iceland
17369	BE	OO- registration	OO-ZOR	Schleicher	Ka 4Rhönlerche II	Germany
17977	DE	Bundeswehr NN+NN	25+14	Schleicher	Ka 4Rhönlerche II	Germany
23435	DK	OY- registration	OY-XGM	Schleicher	Ka 6CR	Denmark
17978	RU	RA- registration	RA-1860G	Schleicher	Ka 6CR	Germany
21851	AU	VH- registration	VH-IUU	Schleicher	Ka 7	Australia
10597	US	N-number	N4280C	Schleicher	Ka 7	United States
11680	RU	CCCP- registration	CCCP-06137	Kamov	Ka-18	Russia
21657	AU	VH- registration	VH-GHD	Schleicher	Ka-2B	Australia
15056	DE	D- registration	D-HOAY	Kamov	Ka-26	United Kingdom
16652	DE	D- registration	D-HOAL	Kamov	Ka-26	Germany
16764	DE	D- registration	D-HOAT	Kamov	Ka-26	Germany
17059	RU	CCCP- registration	CCCP-19425	Kamov	Ka-26	Germany
17258	DE	D- registration	D-HOAJ	Kamov	Ka-26	Germany
17317	DE	D- registration	D-HZPS	Kamov	Ka-26	Germany
17448	DE	DDR- registration	DDR-SPQ	Kamov	Ka-26	Germany
17449	DE	DDR- registration	DDR-SPW	Kamov	Ka-26	Germany
17537	DE	DM- registration	DM-SPU	Kamov	Ka-26	Germany
17538	DE	D- registration	D-HOAU	Kamov	Ka-26	Germany
17724	DE	D- registration	D-HOAG	Kamov	Ka-26	Germany
17846	DE	D- registration	D-HOAZ	Kamov	Ka-26	Germany
17888	RU	CCCP- registration	CCCP-26001	Kamov	Ka-26	Germany
18010	DE	D- registration	D-HZPT	Kamov	Ka-26	Germany
748	US	N-number	N4106H	Kamov	Ka-26	United States
11678	RU	CCCP- registration	CCCP-26803	Kamov	Ka-26	Russia
11679	RU	CCCP- registration	CCCP-19364	Kamov	Ka-26	Russia
12507	RU	CCCP- registration	CCCP-19354	Kamov	Ka-26	Russia
12514	RU	RF- registration	RF-01158	Kamov	Ka-26	Russia
12664	RU	CCCP- registration	CCCP-24076	Kamov	Ka-26	Russia
21658	AU	VH- registration	VH-IKK	Schleicher	Ka-4	Australia
21659	AU	VH- registration	VH-GRW	Schleicher	Ka-6BR	Australia
6812	US	N-number	N424ES	Schleicher	Ka-6CR	United States
6813	US	N-number	N99DW	Schleicher	Ka-6E	United States
24524	US	N-number	N139N	Schleicher	Ka-6E	United States
24525	US	N-number	N59256	Schleicher	Ka-6E	United States
23487	FI	OH- registration	OH-VKK	Karhumäki	Karhu 48	Finland
23608	FI	OH- registration	OH-VKL	Karhumäki	Karhu 48B	Finland
5924	US	US registration (maker is not a UK airframe builder)	N2303	Brock	KB-2	United States
7669	US	N-number	N171TC	Brock	KB-2	United States
3929	US	USAF/US Army fiscal-year serial	49-0372	Boeing	KB-50J	United States
25374	US	USAF/US Army fiscal-year serial	49-0389	Boeing	KB-50J	United States
155	US	USAF/US Army fiscal-year serial	84-0185	McDonnell Douglas	KC-10A	United States
5098	US	USAF/US Army fiscal-year serial	84-0191	McDonnell Douglas	KC-10A	United States
25376	US	USAF/US Army fiscal-year serial	79-0433	McDonnell Douglas	KC-10A	United States
89	US	USAF/US Army fiscal-year serial	55-3130	Boeing	KC-135A	United States
347	US	USAF/US Army fiscal-year serial	55-3139	Boeing	KC-135A	United States
3930	US	USAF/US Army fiscal-year serial	63-7998	Boeing	KC-135A	United States
7286	US	USAF/US Army fiscal-year serial	56-3639	Boeing	KC-135A	United States
7594	US	USAF/US Army fiscal-year serial	58-0070	Boeing	KC-135A	United States
7917	US	USAF/US Army fiscal-year serial	55-3118	Boeing	KC-135A	United States
25990	US	USAF/US Army fiscal-year serial	56-3595	Boeing	KC-135A	United States
27056	US	USAF/US Army fiscal-year serial	63-8005	Boeing	KC-135A	United States
6501	US	USAF/US Army fiscal-year serial	57-1510	Boeing	KC-135E	United States
7749	US	USAF/US Army fiscal-year serial	56-3658	Boeing	KC-135E	United States
7892	US	USAF/US Army fiscal-year serial	57-1429	Boeing	KC-135E	United States
25273	US	USAF/US Army fiscal-year serial	57-1455	Boeing	KC-135E	United States
25375	US	USAF/US Army fiscal-year serial	57-1507	Boeing	KC-135E	United States
25597	US	USAF/US Army fiscal-year serial	59-1497	Boeing	KC-135E	United States
26665	US	USAF/US Army fiscal-year serial	56-3611	Boeing	KC-135E	United States
27303	US	USAF/US Army fiscal-year serial	57-1458	Boeing	KC-135E	United States
4239	US	USAF/US Army fiscal-year serial	60-0329	Boeing	KC-135R	United States
3931	US	USAF/US Army fiscal-year serial	53-0151	Boeing	KC-97G	United States
7287	US	USAF/US Army fiscal-year serial	53-0282	Boeing	KC-97G	United States
8248	US	USAF/US Army fiscal-year serial	53-0198	Boeing	KC-97G	United States
25708	US	USAF/US Army fiscal-year serial	53-0335	Boeing	KC-97G	United States
31084	US	USAF/US Army fiscal-year serial	52-0918	Boeing	KC-97G	United States
88	US	USAF/US Army fiscal-year serial	53-0363	Boeing	KC-97L	United States
348	US	USAF/US Army fiscal-year serial	53-0354	Boeing	KC-97L	United States
3801	US	USAF/US Army fiscal-year serial	53-0200	Boeing	KC-97L	United States
4179	US	USAF/US Army fiscal-year serial	52-2630	Boeing	KC-97L	United States
8429	US	USAF/US Army fiscal-year serial	53-0327	Boeing	KC-97L	United States
10388	US	USAF/US Army fiscal-year serial	52-0905	Boeing	KC-97L	United States
24962	US	USAF/US Army fiscal-year serial	53-0298	Boeing	KC-97L	United States
25989	US	USAF/US Army fiscal-year serial	53-0240	Boeing	KC-97L	United States
26509	US	USAF/US Army fiscal-year serial	52-2697	Boeing	KC-97L	United States
26839	US	USAF/US Army fiscal-year serial	53-0218	Boeing	KC-97L	United States
27204	US	USAF/US Army fiscal-year serial	53-0360	Boeing	KC-97L	United States
10494	US	N-number	N21041	Aeronca	KCA	United States
24021	US	N-number	N14742	Kellett	KD-1A	United States
15507	GB	G- registration	G-CCLT	Powerchute	Kestrel	United Kingdom
4477	GB	RAF two-letter serial	XS690	Hawker	Kestrel FGA.1	United States
15833	GB	RAF two-letter serial	XS695	Hawker Siddeley	Kestrel FGA.1	United Kingdom
16472	GB	RAF two-letter serial	XS694	Hawker Siddeley	Kestrel FGA.1	United Kingdom
22141	AU	RAAus construction-class registration	10-001	Lea	Kestrel Kermit	Australia
22138	AU	VH- registration	VH-AHQ	Kawasaki	KH-4	Australia
22139	AU	VH- registration	VH-HFZ	Kawasaki	KH-4	Australia
10431	US	N-number	N43JE	Texas Aircraft Factory	Ki-43IIIA	United States
17753	DE	D- registration	D-ILHA	Beechcraft	King Air C90	Germany
24550	US	N-number	N41829	Slingsby	Kirby Gull	United States
23765	IS	TF- registration	TF-KFX	Denney	Kitfox I	Iceland
2734	US	N-number	N31LP	Denney	Kitfox XL	United States
890	US	N-number	N10EF	Denney	Kitfox IV	United States
15783	GB	RAF two-letter serial	FX760	Curtiss	Kittyhawk IV	United Kingdom
21456	AU	RAAF A-series serial	A29-414	Curtiss	Kittyhawk IV	Canada
6790	US	US registration (maker is not a UK airframe builder)	N1070	Fibera	KK-1e	United States
16870	DE	D- registration	D-ECOH	Klemm	Kl 107C	Germany
16689	DE	D- registration	D-EMDU	Klemm	Kl 25	Germany
16871	FR	F- registration	F-PCDA	Klemm	Kl 25	Germany
16872	DE	D- registration	D-EDOD	Klemm	Kl 35	Germany
16904	DE	D- registration	D-EFTG	Klemm	Kl 35D	Germany
17740	DE	D- registration	D-EQXD	Klemm	Kl 35D	Germany
17626	DE	D- registration	D-EDEX	Klemm	Kl 35D Spezial	Germany
23612	FI	OH- registration	OH-KLA	Klemm	Klemm L 25	Finland
23605	FI	OH- registration	OH-XYY	Kokkola	Ko-04Super Upstart	Finland
27325	US	US registration (maker is not a UK airframe builder)	N5552	Rand	KR-1	United States
7882	US	N-number	N982GS	Rand Robinson	KR-1	United States
7883	US	N-number	N31SB	Rand Robinson	KR-1	United States
8193	US	N-number	N60BV	Rand Robinson	KR-1	United States
9715	US	N-number	N20501	Hill	KR-1	United States
8885	MY	9M- registration	9M-KPA	Rand Robinson	KR-2	Malaysia
22154	AU	VH- registration	VH-XXS	Rand Robinson	KR-2	Australia
24132	US	N-number	N303JV	Rand	KR-2	United States
26932	US	N-number	N204V	Fairchild	KR-21	United States
5892	US	N-number	N954V	Kreider-Reisner	KR-21B	United States
10537	US	N-number	N327H	Fairchild	KR-31	United States
25562	US	N-number	N204H	Fairchild	KR-31	United States
20623	CA	C-F/G registration	C-FADH	Fairchild	KR-34	Canada
23377	DK	OY- registration	OY-AEA	SAI	KZ II Sport	Denmark
23378	DK	OY- registration	OY-DOU	SAI	KZ II Sport	Denmark
23379	DK	OY- registration	OY-FAK	SAI	KZ II Traener	Denmark
8359	US	N-number	N76KZ	SAI	KZ III	United States
23381	DK	OY- registration	OY-DZA	SAI	KZ III	Denmark
23409	SE	SE- registration	SE-ANY	SAI	KZ III	Denmark
23440	DK	OY- registration	OY-DSI	SAI	KZ III	Denmark
23382	DK	OY- registration	OY-DIZ	SAI	KZ IV	Denmark
23408	DK	OY- registration	OY-DZU	SAI	KZ IV	Denmark
23384	DK	OY- registration	OY-ATJ	SAI	KZ VII	Denmark
23385	DK	OY- registration	OY-AVH	SAI	KZ VII	Denmark
23383	DK	OY- registration	OY-AAD	SAI	KZ VII U-4	Denmark
23447	DK	OY- registration	OY-ATK	SAI	KZ VII U-4	Denmark
23386	DK	OY- registration	OY-DRR	SAI	KZ VIII	Denmark
23387	DK	OY- registration	OY-AOL	SAI	KZ X Mk.2	Denmark
7687	US	N-number	N323SS	Morane-Saulnier	L	United States
16903	DE	D- registration	D-EFTE	Klemm	L 25	Germany
23748	IS	TF- registration	TF-SUX	Klemm	L 25eVIIR	Iceland
4500	US	N-number	N90831	Lockheed	L-049	United States
13303	US	N-number	N2520B	Lockheed	L-049	Bolivia
5195	US	USAF/US Army fiscal-year serial	41-19039	Vultee	L-1A	United States
9791	US	USAF/US Army fiscal-year serial	40-3141	Stinson	L-1A	United States
27267	US	N-number	N1ZS	Stinson	L-1F	United States
9029	TH	HS- registration	HS-AXE	Lockheed	L-1011	Thailand
8309	US	N-number	N31019	Lockheed	L-1011-1	United States
8418	US	N-number	N910TE	Lockheed	L-1011-1	United States
19295	SL	9L- registration	9L-LDE	Lockheed	L-1011-1	Iran
24811	US	US registration (maker is not a UK airframe builder)	N1011	Lockheed	L-1011-1	United States
14120	TD	TT- registration	TT-DWE	Lockheed	L-1011-100	United Arab Emirates
19294	SL	9L- registration	9L-LDC	Lockheed	L-1011-100	Iran
5610	TT	9Y- registration	9Y-TGN	Lockheed	L-1011-500	Trinidad and Tobago
14133	CD	9Q- registration	9Q-CHC	Lockheed	L-1011-500	Democratic Republic of the Congo
19617	PT	CS- registration	CS-TMP	Lockheed	L-1011-500	Jordan
17324	DE	D- registration	D-ALIN	Lockheed	L-1049G	Germany
16610	DE	D- registration	D-ALEM	Lockheed	L-1049G Super Constellation	Germany
14122	CA	CF- registration	CF-NAL	Lockheed	L-1049H	São Tomé and Príncipe
14123	CA	CF- registration	CF-NAM	Lockheed	L-1049H	São Tomé and Príncipe
6445	US	N-number	N924LR	Lamson	L-106	United States
9450	TH	HS- registration	HS-CMU	LET	L-13	Thailand
9451	TH	HS- registration	HS-OAR	LET	L-13	Thailand
10557	US	N-number	N688JA	LET	L-13	United States
12843	CL	CC- registration	CC-K7W	LET	L-13	Chile
13272	UY	CX- registration	CX-BJP	LET	L-13	Uruguay
21649	AU	VH- registration	VH-GAQ	Let	L-13	Australia
23279	NO	LN- registration	LN-GGS	Let	L-13	Norway
7975	US	USAF/US Army fiscal-year serial	47-0355	Convair	L-13A	United States
24776	US	N-number	N428DA	Lockheed	L-1329	United States
24777	US	N-number	N313JS	Lockheed	L-1329-731	United States
26209	US	N-number	N777EP	Lockheed	L-1329JetStar	United States
25755	US	N-number	N2709A	Aeronca	L-16A	United States
10109	ZA	ZS- registration	ZS-DVJ	Lockheed	L-1649A	South Africa
24694	US	N-number	N8083H	Lockheed	L-1649A	United States
17615	US	N-number	N7316C	Lockheed	L-1649A Super Star	Germany
6930	US	N-number	N444AC	Ryan	L-17	United States
2314	US	N-number	N46LJ	North American	L-17A	United States
7516	US	USAF/US Army fiscal-year serial	50-4953	Ryan	L-17A	United States
9734	US	USAF/US Army fiscal-year serial	48-1046	North American	L-17B	United States
10036	ZA	ZS- registration	ZS-ATL	Lockheed	L-18-08	South Africa
9838	US	USAF/US Army fiscal-year serial	52-2536	Piper	L-18C	United States
19749	TR	TC- registration	TC-AUA	Piper	L-18C	Turkey
19802	TR	TC- registration	TC-EAP	Piper	L-18C	Turkey
22577	NZ	ZK- registration	ZK-TEA	Lockheed	L-188	New Zealand
11101	BR	PP- registration	PP-VJM	Lockheed	L-188A	Brazil
15305	US	US registration (maker is not a UK airframe builder)	N5535	Lockheed	L-188L-188	United Kingdom
8047	US	N-number	N305MV	Cessna	L-19	United States
7136	US	US registration (maker is not a UK airframe builder)	N5563	Cessna	L-19A	United States
9755	US	USAF/US Army fiscal-year serial	50-1327	Cessna	L-19A	United States
9793	US	USAF/US Army fiscal-year serial	51-4943	Cessna	L-19A	United States
9875	US	USAF/US Army fiscal-year serial	51-12349	Cessna	L-19A	United States
10273	US	USAF/US Army fiscal-year serial	51-12745	Cessna	L-19A	United States
14231	US	USAF/US Army fiscal-year serial	51-11989	Cessna	L-19A	United Kingdom
14308	US	USAF/US Army fiscal-year serial	51-12471	Cessna	L-19A	United Kingdom
26477	US	USAF/US Army fiscal-year serial	51-12107	Cessna	L-19A	United States
6954	US	N-number	N53768	Taylorcraft	L-2	United States
9792	US	USAF/US Army fiscal-year serial	42-35872	Taylorcraft	L-2A	United States
5183	US	USAF/US Army fiscal-year serial	43-26592	Taylorcraft	L-2M	United States
5281	US	USAF/US Army fiscal-year serial	43-26110	Taylorcraft	L-2M	United States
7215	US	N-number	N47344	Taylorcraft	L-2M	United States
7803	US	N-number	N49174	Taylorcraft	L-2M	United States
10626	US	N-number	N3072Z	Taylorcraft	L-2M	United States
24051	US	N-number	N47021	Taylorcraft	L-2M	United States
25397	US	USAF/US Army fiscal-year serial	43-26753	Taylorcraft	L-2M	United States
27005	US	USAF/US Army fiscal-year serial	43-26085	Taylorcraft	L-2M	United States
362	US	USAF/US Army fiscal-year serial	54-1707	de Havilland Canada	L-20A	United States
21978	AU	VH- registration	VH-EMG	Let	L-200A	Australia
17002	DE	D- registration	D-GWLB	Let	L-200A Morava	Germany
17539	DE	DM- registration	DM-WLA	Let	L-200A Morava	Germany
11675	RU	CCCP- registration	CCCP-26596	Let	L-200D	Russia
9839	US	USAF/US Army fiscal-year serial	51-15782	Piper	L-21A	United States
14783	US	USAF/US Army fiscal-year serial	54-2454	Piper	L-21B	United Kingdom
23872	US	USAF/US Army fiscal-year serial	54-2533	Piper	L-21B	United States
24069	US	N-number	N50084	Piper	L-21B	United States
24571	US	N-number	N90293	Piper	L-21B	United States
24599	US	N-number	N320N	Aeromarine-Klemm	L-26A	United States
2996	US	N-number	N29KJ	Aero	L-29	United States
6577	US	N-number	N129U	Aero Vodochody	L-29	United States
8471	US	N-number	N29SV	Aero Vodochody	L-29	United States
10404	US	N-number	N7149E	Aero Vodochody	L-29	United States
27022	US	N-number	N229DD	Aero Vodochody	L-29	United States
32056	SK	OM- registration	OM-JLP	Aero	L-29	Estonia
2311	US	N-number	N443KT	Aero	L-29C	United States
20124	US	N-number	N47365	Aeronca	L-3	United States
2832	US	N-number	N48850	Aeronca	L-3B	United States
3800	US	N-number	N36687	Aeronca	L-3B	United States
4120	US	USAF/US Army fiscal-year serial	42-36200	Aeronca	L-3B	United States
6386	US	N-number	N47427	Aeronca	L-3B	United States
7787	US	N-number	N48433	Aeronca	L-3B	United States
12800	CL	CC- registration	CC-SHA	Aeronca	L-3B	Chile
24056	US	N-number	N39563	Aeronca	L-3B	United States
26357	US	USAF/US Army fiscal-year serial	43-26772	Aeronca	L-3B	United States
8443	US	USAF/US Army fiscal-year serial	43-2820	Aeronca	L-3E	United States
5738	US	N-number	N139BJ	Aero	L-39C	United States
6633	US	N-number	N439RS	Aero Vodochody	L-39C	United States
7503	US	N-number	N639RH	Aero Vodochody	L-39C	United States
9672	US	N-number	N82497	Aero Vodochody	L-39C	United States
24245	US	N-number	N29VP	Aero Vodochody	L-39C	United States
27003	US	N-number	N29HW	Aero Vodochody	L-39C	United States
17146	DE	Bundeswehr NN+NN	28+48	Aero	L-39V	Germany
17268	DE	Bundeswehr NN+NN	28+30	Aero	L-39ZO	Germany
17919	DE	Bundeswehr NN+NN	08+28	Aero	L-39ZO	Germany
411	US	USAF/US Army fiscal-year serial	42-0461	Piper	L-4A	United States
9756	US	USAF/US Army fiscal-year serial	42-15174	Piper	L-4A	United States
7517	US	USAF/US Army fiscal-year serial	43-1074	Piper	L-4B	United States
23164	NO	LN- registration	LN-NAU	Piper	L-4H	Norway
6377	US	USAF/US Army fiscal-year serial	43-29459	Piper	L-4H	United States
8535	US	USAF/US Army fiscal-year serial	43-29332	Piper	L-4H	United States
11123	BR	PP- registration	PP-TUF	Piper	L-4H	Brazil
14305	US	USAF/US Army fiscal-year serial	43-29854	Piper	L-4H	United Kingdom
14779	US	USAF/US Army fiscal-year serial	43-29707	Piper	L-4H	United Kingdom
18839	FR	F- registration	F-BCPY	Piper	L-4H	France
10651	US	USAF/US Army fiscal-year serial	45-4655	Piper	L-4J	United States
20175	US	N-number	N1406V	Piper	L-4J	United States
17250	DE	D- registration	D-ERDJ	Piper	L-4J Grasshopper	Germany
16768	DE	D- registration	D-EJIV	Orlican	L-40Meta Sokol	Germany
11286	BR	PR- registration	PR-CRX	LET	L-410	Brazil
12035	RU	RF- registration	RF-01152	LET	L-410	Russia
12580	RU	CCCP- registration	CCCP-67252	LET	L-410AS	Russia
12154	RU	RA- registration	RA-67165	LET	L-410UVP	Russia
12341	RU	CCCP- registration	CCCP-67131	LET	L-410UVP	Russia
12370	RU	RA- registration	RA-67063	LET	L-410UVP	Russia
12490	RU	CCCP- registration	CCCP-67317	LET	L-410UVP	Russia
5872	US	USAF/US Army fiscal-year serial	42-14798	Stinson	L-5	United States
6955	US	N-number	N63777	Stinson	L-5	United States
7158	US	N-number	N961JW	Stinson	L-5	United States
7220	US	N-number	N48083	Stinson	L-5	United States
7800	US	N-number	N66334	Stinson	L-5	United States
8462	US	USAF/US Army fiscal-year serial	42-98730	Stinson	L-5	United States
9870	US	USAF/US Army fiscal-year serial	42-99103	Stinson	L-5	United States
10613	US	N-number	N54921	Stinson	L-5	United States
10614	US	N-number	N58726	Stinson	L-5	United States
20172	US	N-number	N98629	Stinson	L-5	United States
26883	US	USAF/US Army fiscal-year serial	42-98667	Stinson	L-5	United States
26962	US	USAF/US Army fiscal-year serial	42-98196	Stinson	L-5	United States
6839	US	USAF/US Army fiscal-year serial	42-15017	Stinson	L-5A	United States
5278	US	USAF/US Army fiscal-year serial	44-16907	Stinson	L-5B	United States
8027	US	N-number	N6431C	Stinson	L-5B	United States
26861	US	USAF/US Army fiscal-year serial	44-17184	Stinson	L-5B	United States
420	US	USAF/US Army fiscal-year serial	44-18145	Stinson	L-5E	United States
1066	US	USAF/US Army fiscal-year serial	44-1794	Stinson	L-5E	United States
20280	US	N-number	N57WT	Stinson	L-5E	United States
24873	US	USAF/US Army fiscal-year serial	42-98184	Stinson	L-5E	United States
9865	US	USAF/US Army fiscal-year serial	45-34985	Stinson	L-5G	United States
27087	US	USAF/US Army fiscal-year serial	45-35046	Stinson	L-5G	United States
7796	US	N-number	N37214	Interstate	L-6	United States
10551	US	N-number	N46141	Interstate	L-6	United States
4145	US	USAF/US Army fiscal-year serial	43-2680	Interstate	L-6	United States
9836	US	USAF/US Army fiscal-year serial	43-2560	Interstate	L-6A	United States
17038	AT	OE- registration	OE-BVL	Orlican	L-60Brigadyr	Germany
17418	CZ	OK- registration	OK-LGK	Let	L-60Brigadyr	Germany
17394	CZ	OK- registration	OK-LGL	Aero	L-60Brigadyr	Germany
10793	MA	CN- registration	CN-CCN	Lockheed	L-749A	Morocco
23574	FI	OH- registration	OH-VTP	Valmet	L-90Redigo	Finland
10509	US	N-number	N365Y	Buhl	LA-1	United States
22140	AU	VH- registration	VH-EJX	Lake Aircraft	LA-4-200	Australia
20304	US	N-number	N415ML	Lavochkin	La-9	United States
20488	GB	RAF two-letter serial	FM104	Avro	Lancaster B Mk 10MR	Canada
5639	GB	RAF two-letter serial	TW911	Avro	Lancaster B.I	United States
14281	GB	RAF two-letter serial	PA474	Avro	Lancaster B.I	United Kingdom
15539	GB	RAF pre-war single-letter serial	W4964	Avro	Lancaster B.I	United Kingdom
15779	GB	RAF pre-war single-letter serial	R5868	Avro	Lancaster B.I	United Kingdom
15215	GB	British serial (maker is a UK airframe builder)	NX611	Avro	Lancaster B.VII	United Kingdom
21696	GB	British serial (maker is a UK airframe builder)	NX622	Avro	Lancaster B.VII	Australia
65	GB	RAF two-letter serial	KB726	Avro	Lancaster B.X	Canada
20325	GB	RAF two-letter serial	KB839	Avro	Lancaster B.X	Canada
20598	GB	RAF two-letter serial	FM212	Avro	Lancaster B.X	Canada
15174	GB	RAF two-letter serial	DV372	Avro	Lancaster Mk I	United Kingdom
22384	GB	RAF pre-war single-letter serial	W4783	Avro	Lancaster Mk I	Australia
20486	GB	RAF two-letter serial	KB882	Avro	Lancaster Mk X	Canada
20528	GB	RAF two-letter serial	FM159	Avro	Lancaster Mk X	Canada
20698	GB	RAF two-letter serial	FM213	Avro	Lancaster Mk X	Canada
20879	GB	RAF two-letter serial	FM136	Avro	Lancaster Mk X	Canada
21100	GB	RAF two-letter serial	KB848	Avro	Lancaster Mk X	Canada
16461	GB	RAF two-letter serial	NE135	Avro	Lancaster MR.7	United Kingdom
6169	GB	RAF two-letter serial	KB889	Avro	Lancaster X	United Kingdom
7014	US	N-number	N20JJ	Stephens	Laser-200	United States
5840	US	N-number	N10LL	Loudenslager	Laser 200	United States
6943	US	N-number	N24927	Consolidated	LB-30	United States
10495	US	N-number	N17442	Aeronca	LC	United States
4182	US	USAF/US Army fiscal-year serial	49-1949	Cessna	LC-126A	United States
9840	US	USAF/US Army fiscal-year serial	51-6998	Cessna	LC-126C	United States
10554	US	N-number	N10402	Laird	LC-1B-300	United States
21216	CA	CF- registration	CF-APY	Laird	LC-1B-200	Canada
18765	FR	F- registration	F-PJRP	Croses	LC-6	France
18904	FR	F- registration	F-PYYR	Croses	LC-6Criquet	France
25065	US	N-number	N10538	Laird	LC-DW-300	United States
9683	US	N-number	N41712	Culver	LCA	United States
24034	US	N-number	N34781	Culver	LCA	United States
26931	US	N-number	N41725	Culver	LCA	United States
6446	US	N-number	N626BL	LearAvia	Lear Fan-2100	United States
11237	BR	PT- registration	PT-LBW	Learjet	Learjet 25	Brazil
8440	US	N-number	N128LR	Gates Learjet	Learjet 28	United States
22092	AU	RAAus construction-class registration	10-0046	Broome	Lebeau	Australia
14423	GB	G- registration	G-BKRL	Chichester-Miles	Leopard	United Kingdom
15254	GB	G- registration	G-BRNM	Chichester-Miles	Leopard	United Kingdom
17824	DE	D- registration	D-EBCQ	Braunschweig	LF 1Zaunkönig	Germany
17441	DE	D- registration	D-EBCG	Winter	LF-1Zaunkönig	Germany
6448	US	N-number	N2170D	Letov	LF-107	United States
8453	US	N-number	N34864	Culver	LFA	United States
11922	RU	CCCP- registration	CCCP-84699	Lisunov	Li-2	Russia
11978	RU	CCCP- registration	CCCP-L3417	Lisunov	Li-2	Russia
12087	RU	CCCP- registration	CCCP-13373	Lisunov	Li-2	Russia
11671	RU	CCCP- registration	CCCP-93914	Lisunov	Li-2T	Russia
12318	RU	CCCP- registration	CCCP-73956	Lisunov	Li-2T	Russia
26102	US	N-number	N241FS	Bayles	Lightning	United States
6201	GB	RAF two-letter serial	XM135	English Electric	Lightning F.1	United Kingdom
14036	GB	RAF two-letter serial	XG313	English Electric	Lightning F.1	Saudi Arabia
15627	GB	RAF two-letter serial	XG329	English Electric	Lightning F.1	United Kingdom
15858	GB	RAF two-letter serial	XG337	English Electric	Lightning F.1	United Kingdom
15229	GB	RAF two-letter serial	XM172	English Electric	Lightning F.1A	United Kingdom
15364	GB	RAF two-letter serial	XM169	English Electric	Lightning F.1A	United Kingdom
16331	GB	RAF two-letter serial	XM192	English Electric	Lightning F.1A	United Kingdom
14335	GB	RAF two-letter serial	XN728	English Electric	Lightning F.2A	United Kingdom
14369	GB	RAF two-letter serial	XN726	English Electric	Lightning F.2A	United Kingdom
15577	GB	RAF two-letter serial	XN776	English Electric	Lightning F.2A	United Kingdom
15658	GB	RAF two-letter serial	XN795	English Electric	Lightning F.2A	United Kingdom
17082	GB	RAF two-letter serial	XN730	English Electric	Lightning F.2A	Germany
17296	GB	RAF two-letter serial	XN782	English Electric	Lightning F.2A	Germany
17297	GB	RAF two-letter serial	ZF585	English Electric	Lightning F.2A	Germany
14492	GB	RAF two-letter serial	XR713	English Electric	Lightning F.3	United Kingdom
14493	GB	RAF two-letter serial	XP703	English Electric	Lightning F.3	United Kingdom
15237	GB	RAF two-letter serial	XP745	English Electric	Lightning F.3	United Kingdom
15637	GB	RAF two-letter serial	XP743	English Electric	Lightning F.3	United Kingdom
15954	GB	RAF two-letter serial	XP701	English Electric	Lightning F.3	United Kingdom
16230	GB	RAF two-letter serial	XP706	English Electric	Lightning F.3	United Kingdom
14170	GB	RAF two-letter serial	ZF588	English Electric	Lightning F.53	United Kingdom
14300	GB	RAF two-letter serial	ZF581	English Electric	Lightning F.53	United Kingdom
14328	GB	RAF two-letter serial	ZF580	English Electric	Lightning F.53	United Kingdom
14418	GB	RAF two-letter serial	ZF582	English Electric	Lightning F.53	United Kingdom
14495	GB	RAF two-letter serial	ZF590	English Electric	Lightning F.53	United Kingdom
14537	GB	RAF two-letter serial	ZF592	English Electric	Lightning F.53	United Kingdom
14729	GB	RAF two-letter serial	ZF584	English Electric	Lightning F.53	United Kingdom
14974	GB	RAF two-letter serial	ZF579	English Electric	Lightning F.53	United Kingdom
14975	GB	RAF two-letter serial	ZF589	English Electric	Lightning F.53	United Kingdom
15426	GB	RAF two-letter serial	ZF594	English Electric	Lightning F.53	United Kingdom
16097	GB	RAF two-letter serial	ZF583	English Electric	Lightning F.53	United Kingdom
16318	GB	RAF two-letter serial	ZF578	English Electric	Lightning F.53	United Kingdom
10121	GB	RAF two-letter serial	XR773	English Electric	Lightning F.6	South Africa
14149	GB	RAF two-letter serial	XR747	English Electric	Lightning F.6	United Kingdom
14326	GB	RAF two-letter serial	XR724	English Electric	Lightning F.6	United Kingdom
14327	GB	RAF two-letter serial	XS897	English Electric	Lightning F.6	United Kingdom
14329	GB	RAF two-letter serial	XP693	English Electric	Lightning F.6	United Kingdom
14333	GB	RAF two-letter serial	XR757	English Electric	Lightning F.6	United Kingdom
14334	GB	RAF two-letter serial	XS933	English Electric	Lightning F.6	United Kingdom
14339	GB	RAF two-letter serial	XR725	English Electric	Lightning F.6	United Kingdom
14490	GB	RAF two-letter serial	XR728	English Electric	Lightning F.6	United Kingdom
14491	GB	RAF two-letter serial	XS904	English Electric	Lightning F.6	United Kingdom
14567	GB	RAF two-letter serial	XR753	English Electric	Lightning F.6	United Kingdom
15231	GB	RAF two-letter serial	XS922	English Electric	Lightning F.6	United Kingdom
15238	GB	RAF two-letter serial	XS936	English Electric	Lightning F.6	United Kingdom
15266	GB	RAF two-letter serial	XR771	English Electric	Lightning F.6	United Kingdom
15689	GB	RAF two-letter serial	XR770	English Electric	Lightning F.6	United Kingdom
15741	GB	RAF two-letter serial	XS925	English Electric	Lightning F.6	United Kingdom
16429	GB	RAF two-letter serial	XS928	English Electric	Lightning F.6	United Kingdom
16487	GB	RAF two-letter serial	XS903	English Electric	Lightning F.6	United Kingdom
19273	GB	RAF two-letter serial	XS929	English Electric	Lightning F.6	Cyprus
15334	GB	RAF two-letter serial	XL629	English Electric	Lightning T.4	United Kingdom
14330	GB	RAF two-letter serial	XS416	English Electric	Lightning T.5	United Kingdom
14331	GB	RAF two-letter serial	XS459	English Electric	Lightning T.5	United Kingdom
14332	GB	RAF two-letter serial	XS457	English Electric	Lightning T.5	United Kingdom
14494	GB	RAF two-letter serial	XV328	English Electric	Lightning T.5	United Kingdom
14668	GB	RAF two-letter serial	XS458	English Electric	Lightning T.5	United Kingdom
14842	GB	RAF two-letter serial	XS420	English Electric	Lightning T.5	United Kingdom
15472	GB	RAF two-letter serial	XS417	English Electric	Lightning T.5	United Kingdom
16061	GB	RAF two-letter serial	XS456	English Electric	Lightning T.5	United Kingdom
16264	GB	RAF two-letter serial	XS421	English Electric	Lightning T.5	United Kingdom
14336	GB	RAF two-letter serial	ZF595	English Electric	Lightning T.55	United Kingdom
15233	GB	RAF two-letter serial	ZF596	English Electric	Lightning T.55	United Kingdom
15267	GB	RAF two-letter serial	ZF598	English Electric	Lightning T.55	United Kingdom
7678	US	N-number	N15YY	PZL-Mielec	Lim-2	United States
23997	US	N-number	N302LA	WSK	Lim-2	United States
15840	GB	RAF two-letter serial	RF398	Avro	Lincoln B.2	United Kingdom
21768	AU	RAAF A-series serial	A73-27	Government Aircraft Factories	Lincoln B.30A	Australia
6803	US	N-number	N53613	Laister-Kauffman	LK-10A	United States
9707	US	N-number	N56588	Laister-Kauffman	LK-10A	United States
24508	US	N-number	N54191	Laister-Kauffman	LK-10A	United States
18791	FR	F- registration	F-PEZI	Lacroix	LNB-12	France
5895	US	N-number	N953M	Heath	LNB-4	United States
24549	US	N-number	N53275	Schweizer	LNS-1	United States
17440	DE	D- registration	D-MELL	Vogt	Lo 120S	Germany
21692	AU	VH- registration	VH-GUC	Vogt	Lo 150	Australia
23184	FI	OH- registration	OH-SIR	Lockheed	Lodestar C-60A	Norway
15434	GB	G- registration	G-MBDL	AES	Lone Ranger	United Kingdom
8356	US	N-number	N422N	Rutan	Long-EZ	United States
10448	US	N-number	N930AL	Lane Community College	Longster	United States
10540	US	N-number	N10115	Long	Longster III	United States
24506	US	N-number	N3MH	Laister	LP-15	United States
7664	US	N-number	N418V	Lincoln-Page	LP-3	United States
6802	US	N-number	N46LP	Laister	LP-46	United States
18789	FR	F- registration	F-WYRY	Labit	LR	France
15096	GB	RAF two-letter serial	ZE477	Westland	Lynx-3	United Kingdom
5298	GB	RAF two-letter serial	XX384	Westland	Lynx AH.1	United States
14255	GB	RAF two-letter serial	XX153	Westland	Lynx AH.1	United Kingdom
15094	GB	G- registration	G-LYNX	Westland	Lynx AH.1	United Kingdom
16377	GB	RAF two-letter serial	XZ666	Westland	Lynx AH.1	United Kingdom
5299	GB	RAF two-letter serial	XZ185	Westland	Lynx AH.7	United States
14159	GB	RAF two-letter serial	XZ184	Westland	Lynx AH.7	United Kingdom
14216	GB	RAF two-letter serial	XZ205	Westland	Lynx AH.7	United Kingdom
14256	GB	RAF two-letter serial	XZ675	Westland	Lynx AH.7	United Kingdom
14278	GB	RAF two-letter serial	XZ211	Westland	Lynx AH.7	United Kingdom
14346	GB	RAF two-letter serial	XZ655	Westland	Lynx AH.7	United Kingdom
14461	GB	RAF two-letter serial	ZE381	Westland	Lynx AH.7	United Kingdom
14571	GB	RAF two-letter serial	ZD284	Westland	Lynx AH.7	United Kingdom
14671	GB	RAF two-letter serial	XZ668	Westland	Lynx AH.7	United Kingdom
14721	GB	RAF two-letter serial	XZ612	Westland	Lynx AH.7	United Kingdom
14722	GB	RAF two-letter serial	XZ606	Westland	Lynx AH.7	United Kingdom
14823	GB	RAF two-letter serial	XZ194	Westland	Lynx AH.7	United Kingdom
14848	GB	RAF two-letter serial	ZD280	Westland	Lynx AH.7	United Kingdom
14942	GB	RAF two-letter serial	XZ617	Westland	Lynx AH.7	United Kingdom
14957	GB	RAF two-letter serial	XZ613	Westland	Lynx AH.7	United Kingdom
14960	GB	RAF two-letter serial	ZE379	Westland	Lynx AH.7	United Kingdom
15107	GB	RAF two-letter serial	XZ649	Westland	Lynx AH.7	United Kingdom
15132	GB	RAF two-letter serial	XZ616	Westland	Lynx AH.7	United Kingdom
15213	GB	RAF two-letter serial	XZ193	Westland	Lynx AH.7	United Kingdom
15214	GB	RAF two-letter serial	ZD278	Westland	Lynx AH.7	United Kingdom
15236	GB	RAF two-letter serial	ZD560	Westland	Lynx AH.7	United Kingdom
15246	GB	RAF two-letter serial	XZ680	Westland	Lynx AH.7	United Kingdom
15327	GB	RAF two-letter serial	ZD276	Westland	Lynx AH.7	United Kingdom
15651	GB	RAF two-letter serial	XZ643	Westland	Lynx AH.7	United Kingdom
15933	GB	RAF two-letter serial	XZ173	Westland	Lynx AH.7	United Kingdom
15934	GB	RAF two-letter serial	XZ673	Westland	Lynx AH.7	United Kingdom
15935	GB	RAF two-letter serial	XZ676	Westland	Lynx AH.7	United Kingdom
15945	GB	RAF two-letter serial	XZ670	Westland	Lynx AH.7	United Kingdom
15956	GB	RAF two-letter serial	XZ172	Westland	Lynx AH.7	United Kingdom
16060	GB	RAF two-letter serial	XZ195	Westland	Lynx AH.7	United Kingdom
16143	GB	RAF two-letter serial	XZ191	Westland	Lynx AH.7	United Kingdom
16433	GB	RAF two-letter serial	XZ605	Westland	Lynx AH.7	United Kingdom
16445	GB	RAF two-letter serial	XZ175	Westland	Lynx AH.7	United Kingdom
17050	GB	RAF two-letter serial	ZD277	Westland	Lynx AH.7	Germany
17383	GB	RAF two-letter serial	XZ221	Westland	Lynx AH.7	Germany
14161	GB	RAF two-letter serial	ZG917	Westland	Lynx AH.9A	United Kingdom
14229	GB	RAF two-letter serial	ZG887	Westland	Lynx AH.9A	United Kingdom
14345	GB	RAF two-letter serial	ZG923	Westland	Lynx AH.9A	United Kingdom
15212	GB	RAF two-letter serial	ZF539	Westland	Lynx AH.9A	United Kingdom
15383	GB	RAF two-letter serial	ZG921	Westland	Lynx AH.9A	United Kingdom
15957	GB	RAF two-letter serial	ZG884	Westland	Lynx AH.9A	United Kingdom
16000	GB	RAF two-letter serial	ZE376	Westland	Lynx AH.9A	United Kingdom
16427	GB	RAF two-letter serial	ZG914	Westland	Lynx AH.9A	United Kingdom
16434	GB	RAF two-letter serial	ZG920	Westland	Lynx AH.9A	United Kingdom
14847	GB	RAF two-letter serial	XZ166	Westland	Lynx HAS.2	United Kingdom
14865	GB	RAF two-letter serial	XZ699	Westland	Lynx HAS.2	United Kingdom
15095	GB	RAF two-letter serial	XX910	Westland	Lynx HAS.2	United Kingdom
14905	GB	RAF two-letter serial	XZ720	Westland	Lynx HAS.3	United Kingdom
14196	GB	RAF two-letter serial	XZ721	Westland	Lynx HAS.3GMS	United Kingdom
14279	GB	RAF two-letter serial	ZD255	Westland	Lynx HAS.3GMS	United Kingdom
14275	GB	RAF two-letter serial	XZ727	Westland	Lynx HAS.3S	United Kingdom
14280	GB	RAF two-letter serial	ZD263	Westland	Lynx HAS.3S	United Kingdom
14427	GB	RAF two-letter serial	XZ237	Westland	Lynx HAS.3S	United Kingdom
14428	GB	RAF two-letter serial	XZ235	Westland	Lynx HAS.3S	United Kingdom
14429	GB	RAF two-letter serial	XZ693	Westland	Lynx HAS.3S	United Kingdom
15245	GB	RAF two-letter serial	XZ250	Westland	Lynx HAS.3S	United Kingdom
16481	GB	RAF two-letter serial	XZ233	Westland	Lynx HAS.3S	United Kingdom
14414	GB	RAF two-letter serial	XZ238	Westland	Lynx HAS.3S(ICE)	United Kingdom
16251	GB	RAF two-letter serial	XZ246	Westland	Lynx HAS3S(ICE)	United Kingdom
5300	GB	RAF two-letter serial	XZ722	Westland	Lynx HMA.8	United States
14943	GB	RAF two-letter serial	XZ691	Westland	Lynx HMA.8	United Kingdom
15136	GB	RAF two-letter serial	XZ692	Westland	Lynx HMA.8	United Kingdom
15946	GB	RAF two-letter serial	XZ728	Westland	Lynx HMA.8	United Kingdom
14343	GB	RAF two-letter serial	ZD258	Westland	Lynx HMA.8SRU	United Kingdom
14417	GB	RAF two-letter serial	ZF560	Westland	Lynx HMA.8SRU	United Kingdom
14725	GB	RAF two-letter serial	XZ697	Westland	Lynx HMA.8SRU	United Kingdom
15134	GB	RAF two-letter serial	ZD252	Westland	Lynx HMA.8SRU	United Kingdom
15542	GB	RAF two-letter serial	XZ698	Westland	Lynx HMA.8SRU	United Kingdom
15655	GB	RAF two-letter serial	ZD565	Westland	Lynx HMA.8SRU	United Kingdom
16330	GB	RAF two-letter serial	XZ723	Westland	Lynx HMA.8SRU	United Kingdom
17638	DE	Bundeswehr NN+NN	83+01	Westland	Lynx Mk 88	Germany
17639	DE	Bundeswehr NN+NN	83+07	Westland	Lynx Mk 88	Germany
6256	GB	RAF pre-war single-letter serial	V9673	Westland	Lysander III	United Kingdom
15799	GB	RAF pre-war single-letter serial	R9125	Westland	Lysander III	United Kingdom
6257	GB	RAF pre-war single-letter serial	V9312	Westland	Lysander IIIA	United Kingdom
16051	GB	G- registration	G-AZWT	Westland	Lysander IIIA	United Kingdom
21091	GB	RAF pre-war single-letter serial	R9003	Westland	Lysander Mk IIIA	Canada
14813	GB	RAF pre-war single-letter serial	V9546	Westland	Lysander TT.IIIA	United Kingdom
25058	US	USAF/US Army fiscal-year serial	43-45480	Doman	LZ-1A	United States
25059	US	USAF/US Army fiscal-year serial	52-5780	Doman	LZ-5	United States
16979	DE	D- registration	D-ERTA	Messerschmitt	M 17	Germany
6487	US	N-number	N46853	Ryan	M-1	United States
25185	US	N-number	N39803	Aer-Pegaso	M-100S	United States
12391	RU	RA- registration	RA-15105	Myasishchev	M-101T	Russia
12582	RU	RA- registration	RA-15122	Myasishchev	M-101T	Russia
5606	RU	CCCP- registration	CCCP-15105	PZL	M-15	Russia
12581	RU	CCCP- registration	CCCP-15154	PZL Mielec	M-15	Russia
5523	RU	CCCP- registration	CCCP-17103	Myasishchev	M-17	Russia
11667	RU	CCCP- registration	CCCP-17401	Myasishchev	M-17	Russia
17550	DE	D- registration	D-FOLO	PZL-Mielec	M-18A Dromader	Germany
7769	US	N-number	N492M	Mooney	M-18C	United States
7853	US	US registration (maker is not a UK airframe builder)	N4140	Mooney	M-18C	United States
9689	US	N-number	N370A	Mooney	M-18L	United States
24381	US	US registration (maker is not a UK airframe builder)	N4089	Mooney	M-18LA	United States
10610	US	US registration (maker is not a UK airframe builder)	N9055	Stearman	M-2	United States
6804	US	US registration (maker is not a UK airframe builder)	N1376	McEwan	M-2-153	United States
18754	FR	F- registration	F-CDHU	Carman	M-200	France
6454	US	USAF/US Army fiscal-year serial	60-6940	Lockheed	M-21	United States
25553	US	N-number	N67949	Fairchild	M-62A	United States
16012	GB	G- registration	G-BWJM	Bristol	M.1C	United Kingdom
17809	DE	D- registration	D-EGWP	Mráz	M.1D Sokol	Germany
21635	AU	VH- registration	VH-GUD	Avionautica Rio	M.100S	Australia
15378	GB	RAF two-letter serial	XS941	Miles	M.100Student 2	United Kingdom
21237	CA	CF- registration	CF-FGK	Miles	M.11A Whitney Straight	Canada
19688	TR	TC- registration	TC-KAH	Miles	M.14A	Turkey
22627	NZ	ZK- registration	ZK-AYW	Miles	M.14A	New Zealand
15561	GB	G- registration	G-AHKY	Miles	M.18Mk.II	United Kingdom
12822	CL	CC- registration	CC-FBB	Miles	M.2F	Chile
15501	GB	G- registration	G-APVV	Mooney	M.20M.20A	United Kingdom
15347	GB	G- registration	G-ADMW	Miles	M.2H Hawk Major	United Kingdom
18819	FR	F- registration	F-BLKY	Moynet	M.360-6	France
21586	AU	VH- registration	VH-AVQ	Miles	M.38	Australia
16405	GB	G- registration	G-AJOC	Miles	M.38Messenger 2A	United Kingdom
22628	NZ	ZK- registration	ZK-ANT	Miles	M.65	New Zealand
23242	NO	LN- registration	LN-TAH	Miles	M.65-1A	Norway
16406	GB	G- registration	G-AKEL	Miles	M.65Gemini 1A	United Kingdom
16407	GB	G- registration	G-AKGE	Miles	M.65Gemini 3C	United Kingdom
16408	GB	G- registration	G-ALCS	Miles	M.65Gemini 3C	United Kingdom
21039	AU	VH- registration	VH-UBC	Maurice Farman	M.F.11Shorthorn	Canada
25756	US	N-number	N9526V	Mooney	M10	United States
16409	GB	G- registration	G-ARTZ	McCandless	M2	United Kingdom
27028	US	N-number	N1089B	Mooney	M20A	United States
21924	AU	VH- registration	VH-KLX	Mooney	M20B	Australia
22297	AU	VH- registration	VH-REM	Mooney	M20H	Australia
8170	US	N-number	N309A	Adam	M309	United States
9663	US	N-number	N849AF	Cessna	M337B	United States
16410	GB	G- registration	G-ATXX	McCandless	M4	United Kingdom
5722	US	N-number	N54977	Fairchild	M62A	United States
21396	GB	RAF two-letter serial	FV136	Fairchild Aircraft Ltd	M62A-3 Cornell	Canada
7216	US	N-number	N1131Z	Fairchild	M62C	United States
7217	US	N-number	N1129Z	Fairchild	M62C	United States
6236	GB	G- registration	G-AFBS	Miles	Magister I	United Kingdom
14448	GB	RAF pre-war single-letter serial	T9738	Miles	Magister I	United Kingdom
15839	GB	RAF pre-war single-letter serial	T9708	Miles	Magister I	United Kingdom
16036	GB	G- registration	G-AJRS	Miles	Magister I	United Kingdom
16037	GB	G- registration	G-AKPF	Miles	Magister III	United Kingdom
15374	GB	RAF pre-war single-letter serial	T9841	Miles	Magister Mk I	United Kingdom
16465	GB	RAF pre-war single-letter serial	T9768	Miles	Magister Mk I	United Kingdom
15373	GB	RAF two-letter serial	MS902	Miles	Martinet TT.1	United Kingdom
16049	GB	G- registration	G-AAYX	Southern	Martlet	United Kingdom
10340	US	N-number	N996N	Scott	Mathieu-Russell	United States
14258	GB	RAF two-letter serial	ZA209	Short	MATS-B Mk 1	United Kingdom
14389	GB	RAF two-letter serial	ZA242	Short Brothers	MATS-B Mk.1	United Kingdom
22652	NZ	ZK- registration	ZK-DJW	Team	Max-103R	New Zealand
21706	AU	RAAF A-series serial	A7-066	Aermacchi	MB-326H	Australia
21766	AU	RAAF A-series serial	A7-064	Commonwealth Aircraft Corporation	MB-326H	Australia
21859	AU	RAAF A-series serial	A7-052	Commonwealth Aircraft Corporation	MB-326H	Australia
21860	AU	RAAF A-series serial	A7-062	Commonwealth Aircraft Corporation	MB-326H	Australia
21861	AU	RAAF A-series serial	A7-067	Commonwealth Aircraft Corporation	MB-326H	Australia
21948	AU	RAAF A-series serial	A7-030	Commonwealth Aircraft Corporation	MB-326H	Australia
22029	AU	RAAF A-series serial	A7-057	Aermacchi	MB-326H	Australia
22030	AU	RAAF A-series serial	A7-041	Aermacchi	MB-326H	Australia
22099	AU	RAAF A-series serial	A7-072	Commonwealth Aircraft Corporation	MB-326H	Australia
22196	AU	RAAF A-series serial	A7-048	Commonwealth Aircraft Corporation	MB-326H	Australia
22203	AU	RAAF A-series serial	A7-027	Aermacchi	MB-326H	Australia
22209	AU	RAAF A-series serial	A7-001	Aermacchi	MB-326H	Australia
22289	AU	RAAF A-series serial	A7-004	Commonwealth Aircraft Corporation	MB-326H	Australia
22292	AU	RAAF A-series serial	A7-011	Commonwealth Aircraft Corporation	MB-326H	Australia
22293	AU	RAAF A-series serial	A7-070	Commonwealth Aircraft Corporation	MB-326H	Australia
22424	NZ	RNZAF serial	NZ6460	Aermacchi	MB-339CB	New Zealand
22464	NZ	RNZAF serial	NZ6464	Aermacchi	MB-339CB	New Zealand
22496	NZ	RNZAF serial	NZ6469	Aermacchi	MB-339CB	New Zealand
22596	NZ	RNZAF serial	NZ6466	Aermacchi	MB-339CB	New Zealand
22697	NZ	RNZAF serial	NZ6471	Aermacchi	MB-339CB	New Zealand
22766	NZ	RNZAF serial	NZ6468	Aermacchi	MB-339CB	New Zealand
24464	IT	Matricola Militare	MM54439	Aermacchi	MB-339PAN	United States
14424	GB	G- registration	G-BOUT	Colomban	MC-12Cri-Cri	United Kingdom
10175	US	USAF/US Army fiscal-year serial	64-0567	Lockheed	MC-130E	United States
6713	US	USAF/US Army fiscal-year serial	64-0523	Lockheed	MC-130E	United States
10185	US	USAF/US Army fiscal-year serial	88-0283	Lockheed	MC-130H	United States
10179	US	USAF/US Army fiscal-year serial	65-0994	Lockheed	MC-130P	United States
387	US	USAF/US Army fiscal-year serial	66-0212	Lockheed	MC-130P	United States
6714	US	USAF/US Army fiscal-year serial	65-0991	Lockheed	MC-130P	United States
7525	US	N-number	N32236	Colomban	MC-15	United States
24091	US	N-number	N15J	Midget Mustang	MC-4	United States
7556	US	N-number	N290AA	McDonnell Douglas	MD-80MD-82	United States
11602	AR	LV- registration	LV-WFN	McDonnell Douglas	MD-81	Argentina
5612	US	N-number	N292AA	McDonnell Douglas	MD-82	Puerto Rico
19988	TR	TC- registration	TC-TUA	McDonnell Douglas	MD-82	Turkey
23795	US	N-number	N570SH	McDonnell Douglas	MD-82	Costa Rica
8417	US	N-number	N948TW	McDonnell Douglas	MD-83	United States
15060	GB	G- registration	G-HDBV	McDonnell Douglas Helicopters	MD902Explorer	United Kingdom
15848	GB	RAF two-letter serial	VK893	Messerschmitt	Me 262A-2a	United Kingdom
16986	DE	D- registration	D-IMTT	Messerschmitt	Me 262B-1a	Germany
20290	US	N-number	N262MF	Messerschmitt	Me 262B-1a	United States
16169	GB	G- registration	G-CHPT	Federov	Me7Mechta	United Kingdom
16170	GB	G- registration	G-CHUO	Federov	Me7Mechta	United Kingdom
14467	GB	G- registration	G-APEP	Vickers	Merchantman-953C	United Kingdom
5365	FR	F- registration	F-BTTD	Dassault	Mercure-100	France
17931	FR	F- registration	F-BTTB	Dassault	Mercure-100	Germany
18284	FR	F- registration	F-BTTG	Dassault	Mercure-100	France
21199	CA	C-F/G registration	C-GXYI	Sperry	Messenger M-1	Canada
22130	GB	RAF two-letter serial	WA880	Gloster Aircraft	Meteor F Mk 8	Australia
22265	AU	RAAF A-series serial	A77-870	Gloster	Meteor F Mk 8	Australia
22267	AU	RAAF A-series serial	A77-702	Gloster	Meteor F Mk 8	Australia
15182	GB	RAF two-letter serial	EE425	Gloster	Meteor F.3	United Kingdom
22478	NZ	RNZAF serial	NZ6001	Gloster	Meteor F.3	New Zealand
15275	GB	RAF two-letter serial	EE531	Gloster	Meteor F.4	United Kingdom
16301	GB	RAF two-letter serial	EE549	Gloster	Meteor F.4	United Kingdom
6209	GB	RAF two-letter serial	WK991	Gloster	Meteor F.8	United Kingdom
14295	GB	RAF two-letter serial	WH453	Gloster	Meteor F.8	United Kingdom
14541	GB	RAF two-letter serial	WK654	Gloster	Meteor F.8	United Kingdom
14852	GB	RAF two-letter serial	WA984	Gloster	Meteor F.8	United Kingdom
15186	GB	RAF two-letter serial	WH364	Gloster	Meteor F.8	United Kingdom
15277	GB	RAF two-letter serial	VZ477	Gloster	Meteor F.8	United Kingdom
15409	GB	RAF two-letter serial	WL181	Gloster	Meteor F.8	United Kingdom
15477	GB	RAF two-letter serial	WK935	Gloster	Meteor F.8	United Kingdom
15620	GB	RAF two-letter serial	WF643	Gloster	Meteor F.8	United Kingdom
15752	GB	RAF two-letter serial	WH301	Gloster	Meteor F.8	United Kingdom
16201	GB	RAF two-letter serial	WL131	Gloster	Meteor F.8	United Kingdom
16261	GB	RAF two-letter serial	WH291	Gloster	Meteor F.8	United Kingdom
16338	GB	RAF two-letter serial	VZ568	Gloster	Meteor F.8	United Kingdom
16498	GB	RAF two-letter serial	WL168	Gloster	Meteor F.8	United Kingdom
21785	AU	RAAF A-series serial	A77-868	Gloster	Meteor F.8	Australia
21870	AU	RAAF A-series serial	A77-875	Gloster	Meteor F.8	Australia
21900	AU	RAAF A-series serial	A77-878	Gloster	Meteor F.8	Australia
22285	AU	RAAF A-series serial	A77-871	Gloster	Meteor F.8	Australia
22315	AU	RAAF A-series serial	A77-851	Gloster	Meteor F.8	Australia
22343	GB	RAF two-letter serial	VZ467	Gloster	Meteor F.8	Australia
22389	AU	RAAF A-series serial	A77-368	Gloster	Meteor F.8	Australia
15478	GB	RAF two-letter serial	VZ608	Gloster	Meteor FR.9	United Kingdom
14542	GB	RAF two-letter serial	WM267	Armstrong Whitworth	Meteor NF.11	United Kingdom
16430	GB	RAF two-letter serial	WD686	Armstrong Whitworth	Meteor NF.11	United Kingdom
19065	FR	F- registration	F-ZABH	Gloster	Meteor NF.11	France
14354	GB	RAF two-letter serial	WD790	Armstrong Whitworth	Meteor NF.12	United Kingdom
15479	GB	RAF two-letter serial	WS692	Armstrong Whitworth	Meteor NF.12	United Kingdom
14177	GB	RAF two-letter serial	WM367	Gloster	Meteor NF.13	United Kingdom
15187	GB	RAF two-letter serial	WM366	Armstrong Whitworth	Meteor NF.13	United Kingdom
14399	GB	RAF two-letter serial	WS776	Armstrong Whitworth	Meteor NF.14	United Kingdom
14459	GB	RAF two-letter serial	WS792	Armstrong Whitworth	Meteor NF.14	United Kingdom
15188	GB	RAF two-letter serial	WS807	Armstrong Whitworth	Meteor NF.14	United Kingdom
15276	GB	RAF two-letter serial	WS838	Armstrong Whitworth	Meteor NF.14	United Kingdom
15480	GB	RAF two-letter serial	WS739	Armstrong Whitworth	Meteor NF.14	United Kingdom
15864	GB	RAF two-letter serial	WS843	Armstrong Whitworth	Meteor NF.14	United Kingdom
16082	GB	RAF two-letter serial	WS832	Gloster	Meteor NF.14	United Kingdom
14955	GB	RAF two-letter serial	WS726	Armstrong Whitworth	Meteor NF(T).14	United Kingdom
15164	GB	RAF two-letter serial	WS760	Armstrong Whitworth	Meteor NF(T).14	United Kingdom
16499	GB	RAF two-letter serial	WS788	Gloster	Meteor NF(T).14	United Kingdom
21582	AU	RAAF A-series serial	A77-707	Gloster	Meteor T Mk 7	Australia
22266	AU	RAAF A-series serial	A77-705	Gloster	Meteor T Mk 7	Australia
4528	GB	RAF two-letter serial	WF877	Gloster	Meteor T.7	United States
14734	GB	RAF two-letter serial	WL375	Gloster	Meteor T.7	United Kingdom
14915	GB	RAF two-letter serial	WS103	Gloster	Meteor T.7	United Kingdom
14964	GB	RAF two-letter serial	VZ638	Gloster	Meteor T.7	United Kingdom
14989	GB	RAF two-letter serial	WL349	Gloster	Meteor T.7	United Kingdom
15160	GB	RAF two-letter serial	WH132	Gloster	Meteor T.7	United Kingdom
15185	GB	RAF two-letter serial	VW453	Gloster	Meteor T.7	United Kingdom
15332	GB	RAF two-letter serial	WL345	Gloster	Meteor T.7	United Kingdom
15343	GB	RAF two-letter serial	WF825	Gloster	Meteor T.7	United Kingdom
15481	GB	RAF two-letter serial	VZ634	Gloster	Meteor T.7	United Kingdom
15679	GB	RAF two-letter serial	WH166	Gloster	Meteor T.7	United Kingdom
15950	GB	RAF two-letter serial	WA630	Gloster	Meteor T.7	United Kingdom
16104	GB	RAF two-letter serial	WF784	Gloster	Meteor T.7	United Kingdom
16110	GB	RAF two-letter serial	WL405	Gloster	Meteor T.7	United Kingdom
16189	GB	RAF two-letter serial	WA662	Gloster	Meteor T.7	United Kingdom
16263	GB	RAF two-letter serial	WL332	Gloster	Meteor T.7	United Kingdom
16358	GB	RAF two-letter serial	WA634	Gloster	Meteor T.7	United Kingdom
22371	AU	RAAF A-series serial	A77-701	Gloster	Meteor T.7	Australia
22903	SE	SE- registration	SE-CAS	Gloster	Meteor T.7	Sweden
23072	SE	SE- registration	SE-DCC	Gloster	Meteor T.7	Sweden
597	GB	RAF two-letter serial	WA591	Gloster	Meteor T7	United States
22131	GB	RAF two-letter serial	WD647	Armstrong Whitworth	Meteor TT Mk 20	Australia
825	GB	RAF two-letter serial	WD592	Gloster	Meteor TT.20	United States
14176	GB	RAF two-letter serial	WM224	Armstrong Whitworth	Meteor TT.20	United Kingdom
14507	GB	RAF two-letter serial	WM167	Armstrong Whitworth	Meteor TT.20	United Kingdom
14913	GB	RAF two-letter serial	WM292	Armstrong Whitworth	Meteor TT.20	United Kingdom
15678	GB	RAF two-letter serial	WD646	Armstrong Whitworth	Meteor TT.20	United Kingdom
14358	GB	RAF two-letter serial	WK800	Gloster	Meteor U.16	United Kingdom
16039	GB	G- registration	G-AEXF	Percival	Mew Gull	United Kingdom
10568	US	N-number	N1155Q	Oberlerchner	Mg 23SL	United States
20627	CA	CF- registration	CF-RCZ	MacGregor	MG-65	Canada
8018	US	USAF/US Army fiscal-year serial	58-1463	Martin	MGM-13A	United States
24960	US	USAF/US Army fiscal-year serial	58-1465	Martin	MGM-13A	United States
26547	US	USAF/US Army fiscal-year serial	59-4870	Martin	MGM-13B	United States
6717	US	USAF/US Army fiscal-year serial	68-10367	Sikorsky	MH-53J	United States
10170	US	USAF/US Army fiscal-year serial	68-10928	Sikorsky	MH-53J	United States
5269	US	USAF/US Army fiscal-year serial	73-1649	Sikorsky	MH-53M	United States
15876	US	USAF/US Army fiscal-year serial	68-8284	Sikorsky	MH-53M	United Kingdom
24899	US	USAF/US Army fiscal-year serial	70-1626	Sikorsky	MH-53M	United States
6567	US	USAF/US Army fiscal-year serial	68-10369	Sikorsky	MH-53M	United States
10154	US	USAF/US Army fiscal-year serial	73-1652	Sikorsky	MH-53M	United States
25794	US	USAF/US Army fiscal-year serial	68-17191	Hughes	MH-6C	United States
10182	US	USAF/US Army fiscal-year serial	89-26009	Sikorsky	MH-60G	United States
9854	US	USAF/US Army fiscal-year serial	91-26373	Sikorsky	MH-60K	United States
14124	TD	TT- registration	TT-KAB	Max Holste	MH.1521M	Chad
14125	GA	TR- registration	TR-KAB	Max Holste	MH.1521M	Gabon
14769	GB	G- registration	G-HOUR	Max Holste	MH.1521M	United Kingdom
22076	AU	VH- registration	VH-HFA	Avions Max Holste	MH.1521M	Australia
26360	US	N-number	N163MH	Max Holste	MH.1521M	United States
16655	RU	CCCP- registration	CCCP-05712	Mil	Mi-1	Germany
17423	DE	D- registration	D-HMIA	Mifka	Mi-1	Germany
11767	RU	CCCP- registration	CCCP-20214	Mil	Mi-1	Russia
11954	RU	CCCP- registration	CCCP-07125	Mil	Mi-1	Russia
12170	RU	CCCP- registration	CCCP-1993	Mil	Mi-1	Russia
12324	RU	RA- registration	RA-10001	Mil	Mi-1	Russia
23666	FI	OH- registration	OH-HRC	Mil	Mi-1	Finland
12074	RU	CCCP- registration	CCCP-68131	Mil	Mi-1M	Russia
12088	RU	CCCP- registration	CCCP-17762	Mil	Mi-1M	Russia
12573	RU	CCCP- registration	CCCP-17411	Mil	Mi-1M	Russia
12654	RU	CCCP- registration	CCCP-17779	Mil	Mi-1M	Russia
12105	RU	RA- registration	RA-68117	Mil	Mi-1T	Russia
12263	RU	RA- registration	RA-04121	Mil	Mi-10K	Russia
12460	RU	RA- registration	RA-06109	Mil	Mi-10K	Russia
5510	RU	CCCP- registration	CCCP-21142	Mil	Mi-12	Russia
10802	SD	ST- registration	ST-SAC	PZL-Swidnik	Mi-2	Sudan
11789	RU	RA- registration	RA-20145	Mil	Mi-2	Russia
11863	RU	RA- registration	RA-23300	Mil	Mi-2	Russia
11890	RU	RA- registration	RA-23692	Mil	Mi-2	Russia
12077	RU	CCCP- registration	CCCP-20735	Mil	Mi-2	Russia
12089	RU	CCCP- registration	CCCP-15724	Mil	Mi-2	Russia
12155	RU	RA- registration	RA-15699	Mil	Mi-2	Russia
12169	RU	CCCP- registration	CCCP-15677	Mil	Mi-2	Russia
12574	RU	CCCP- registration	CCCP-23855	Mil	Mi-2	Russia
12662	RU	CCCP- registration	CCCP-15788	Mil	Mi-2	Russia
12669	RU	RA- registration	RA-20344	Mil	Mi-2	Russia
15062	PL	SP- registration	SP-SAY	Mil	Mi-2	United Kingdom
17063	DE	DDR- registration	DDR-VGI	PZL-Swidnik	Mi-2	Germany
17342	DE	D- registration	D-HZPQ	Mil	Mi-2	Germany
17348	DE	Bundeswehr NN+NN	96+50	Mil	Mi-2	Germany
17551	DE	D- registration	D-HZPL	PZL-Swidnik	Mi-2	Germany
18015	DE	D- registration	D-HZPE	PZL-Swidnik	Mi-2	Germany
18028	HU	HA- registration	HA-BCI	PZL-Swidnik	Mi-2	Germany
30736	RU	CCCP- registration	CCCP-23760	Mil	Mi-2	Spain
12104	RU	RA- registration	RA-15686	Mil	Mi-2P	Russia
17696	DE	Bundeswehr NN+NN	94+50	PZL-Swidnik	Mi-2S	Germany
5502	RU	CCCP- registration	CCCP-20869	Mil	Mi-2SKh	Russia
12511	RU	RF- registration	RF-3449K	Mil	Mi-2U	Russia
15065	DE	Bundeswehr NN+NN	96+26	Mil	Mi-24D	United Kingdom
17029	DE	Bundeswehr NN+NN	98+32	Mil	Mi-24D	Germany
17587	DE	Bundeswehr NN+NN	96+43	Mil	Mi-24P	Germany
18063	DE	Bundeswehr NN+NN	98+33	Mil	Mi-24P	Germany
12653	RU	CCCP- registration	CCCP-06000	Mil	Mi-26	Russia
10668	RU	RA- registration	RA-06019	Mil	Mi-26T	Uganda
11955	RU	CCCP- registration	CCCP-21741	Mil	Mi-4	Russia
12103	RU	RA- registration	RA-36574	Mil	Mi-4	Russia
12323	RU	RA- registration	RA-28029	Mil	Mi-4	Russia
12655	RU	CCCP- registration	CCCP-66922	Mil	Mi-4	Russia
12668	RU	CCCP- registration	CCCP-14343	Mil	Mi-4A	Russia
12575	RU	CCCP- registration	CCCP-35277	Mil	Mi-4PS	Russia
12095	RU	RA- registration	RA-21887	Mil	Mi-6	Russia
12342	RU	RA- registration	RA-21856	Mil	Mi-6	Russia
12576	RU	CCCP- registration	CCCP-21868	Mil	Mi-6	Russia
17344	RU	RA- registration	RA-21133	Mil	Mi-6A	Germany
12101	RU	RA- registration	RA-21075	Mil	Mi-6A	Russia
12262	RU	RA- registration	RA-21076	Mil	Mi-6A	Russia
12317	RU	RA- registration	RA-21050	Mil	Mi-6A	Russia
11889	RU	RA- registration	RA-22649	Mil	Mi-8	Russia
12145	RU	RA- registration	RA-25755	Mil	Mi-8	Russia
12152	RU	RA- registration	RA-25897	Mil	Mi-8	Russia
12153	RU	RA- registration	RA-24623	Mil	Mi-8	Russia
12350	RU	CCCP- registration	CCCP-25736	Mil	Mi-8	Russia
12510	RU	RA- registration	RA-34477	Mil	Mi-8	Russia
12656	RU	CCCP- registration	CCCP-11053	Mil	Mi-8P	Russia
16587	DE	Bundeswehr NN+NN	93+39	Mil	Mi-8PS	Germany
16551	DE	Bundeswehr NN+NN	94+01	Mil	Mi-8S	Germany
17127	DE	Bundeswehr NN+NN	93+51	Mil	Mi-8S	Germany
11766	RU	RA- registration	RA-25873	Mil	Mi-8T	Russia
11899	RU	RA- registration	RA-24653	Mil	Mi-8T	Russia
12075	RU	CCCP- registration	CCCP-27208	Mil	Mi-8T	Russia
12102	RU	RA- registration	RA-25973	Mil	Mi-8T	Russia
12168	RU	CCCP- registration	CCCP-20432	Mil	Mi-8T	Russia
12322	RU	RA- registration	RA-25778	Mil	Mi-8T	Russia
12345	RU	RA- registration	RA-2006	Mil	Mi-8T	Russia
12346	RU	CCCP- registration	CCCP-25559	Mil	Mi-8T	Russia
12347	RU	CCCP- registration	CCCP-25816	Mil	Mi-8T	Russia
12348	RU	CCCP- registration	CCCP-25739	Mil	Mi-8T	Russia
12349	RU	CCCP- registration	CCCP-25822	Mil	Mi-8T	Russia
12522	RU	CCCP- registration	CCCP-25740	Mil	Mi-8T	Russia
12577	RU	CCCP- registration	CCCP-25564	Mil	Mi-8T	Russia
12657	RU	CCCP- registration	CCCP-22430	Mil	Mi-8T	Russia
12658	RU	CCCP- registration	CCCP-25694	Mil	Mi-8T	Russia
12659	RU	CCCP- registration	CCCP-22452	Mil	Mi-8T	Russia
17186	DE	Bundeswehr NN+NN	93+01	Mil	Mi-8T	Germany
17187	DE	Bundeswehr NN+NN	93+14	Mil	Mi-8T	Germany
17345	DE	Bundeswehr NN+NN	94+20	Mil	Mi-8T	Germany
17549	DE	D- registration	D-HOXA	Mil	Mi-8T	Germany
17586	DE	Bundeswehr NN+NN	93+34	Mil	Mi-8T	Germany
17697	DE	Bundeswehr NN+NN	94+21	Mil	Mi-8T	Germany
17896	DE	Bundeswehr NN+NN	94+18	Mil	Mi-8T	Germany
17964	DE	Bundeswehr NN+NN	98+34	Mil	Mi-8T	Germany
18004	DE	Bundeswehr NN+NN	93+18	Mil	Mi-8T	Germany
18027	DE	Bundeswehr NN+NN	93+75	Mil	Mi-8T	Germany
23459	DE	D- registration	D-HOXB	Mil	Mi-8T	Denmark
23471	RU	RA- registration	RA-25525	Mil	Mi-8T	Finland
23713	RU	CCCP- registration	CCCP-25267	Mil	Mi-8T	Finland
16552	DE	Bundeswehr NN+NN	94+14	Mil	Mi-8TB	Germany
17027	DE	Bundeswehr NN+NN	93+60	Mil	Mi-8TB	Germany
17459	DE	Bundeswehr NN+NN	93+86	Mil	Mi-8TB	Germany
17758	DE	Bundeswehr NN+NN	94+10	Mil	Mi-8TB	Germany
17188	DE	Bundeswehr NN+NN	93+92	Mil	Mi-9	Germany
5887	US	US registration (maker is not a UK airframe builder)	N9167	Church	Midwing JC-1	United States
26335	US	N-number	N621BM	Mikoyan-Gurevich	MiG-15	United States
25075	US	N-number	N2276H	Mikoyan-Gurevich	MiG-15bis	United States
17960	DE	Bundeswehr NN+NN	98+25	Mikoyan-Gurevich	MiG-15UTI	Germany
18061	DE	Bundeswehr NN+NN	24+20	Mikoyan-Gurevich	MiG-21bis	Germany
8268	US	USAF/US Army fiscal-year serial	60-2105	Mikoyan-Gurevich	MiG-21F-13	United States
16974	DE	Bundeswehr NN+NN	23+38	Mikoyan-Gurevich	MiG-21MF	Germany
17693	DE	Bundeswehr NN+NN	23+41	Mikoyan-Gurevich	MiG-21MF	Germany
18225	DE	Bundeswehr NN+NN	22+86	Mikoyan-Gurevich	MiG-21MF	France
16921	DE	Bundeswehr NN+NN	23+82	Mikoyan-Gurevich	MiG-21PF	Germany
6829	DE	Bundeswehr NN+NN	22+24	Mikoyan-Gurevich	MiG-21SPS	United States
17062	DE	Bundeswehr NN+NN	22+27	Mikoyan-Gurevich	MiG-21SPS	Germany
17544	DE	Bundeswehr NN+NN	22+38	Mikoyan-Gurevich	MiG-21SPS	Germany
17694	DE	Bundeswehr NN+NN	22+34	Mikoyan-Gurevich	MiG-21SPS	Germany
17856	DE	Bundeswehr NN+NN	22+43	Mikoyan-Gurevich	MiG-21SPS	Germany
17894	DE	Bundeswehr NN+NN	22+33	Mikoyan-Gurevich	MiG-21SPS	Germany
17181	DE	Bundeswehr NN+NN	23+77	Mikoyan-Gurevich	MiG-21U	Germany
17707	DE	Bundeswehr NN+NN	23+59	Mikoyan-Gurevich	MiG-21U-600	Germany
17757	DE	Bundeswehr NN+NN	23+96	Mikoyan-Gurevich	MiG-21U-600	Germany
17545	DE	Bundeswehr NN+NN	23+61	Mikoyan-Gurevich	MiG-21UM	Germany
16765	DE	Bundeswehr NN+NN	24+04	Mikoyan-Gurevich	MiG-21US	Germany
17338	DE	Bundeswehr NN+NN	24+08	Mikoyan-Gurevich	MiG-21US	Germany
16766	DE	Bundeswehr NN+NN	20+44	Mikoyan-Gurevich	MiG-23BN	Germany
17121	DE	Bundeswehr NN+NN	20+51	Mikoyan-Gurevich	MiG-23BN	Germany
17546	DE	Bundeswehr NN+NN	20+57	Mikoyan-Gurevich	MiG-23BN	Germany
17695	DE	Bundeswehr NN+NN	20+42	Mikoyan-Gurevich	MiG-23BN	Germany
17837	DE	Bundeswehr NN+NN	20+47	Mikoyan-Gurevich	MiG-23BN	Germany
17962	RU	CCCP- registration	CCCP-06181	Mikoyan-Gurevich	MiG-23BN	Germany
18062	DE	Bundeswehr NN+NN	20+48	Mikoyan-Gurevich	MiG-23BN	Germany
17016	DE	Bundeswehr NN+NN	20+04	Mikoyan-Gurevich	MiG-23MF	Germany
17183	DE	Bundeswehr NN+NN	20+02	Mikoyan-Gurevich	MiG-23MF	Germany
17122	DE	Bundeswehr NN+NN	20+13	Mikoyan-Gurevich	MiG-23ML	Germany
17458	DE	Bundeswehr NN+NN	20+10	Mikoyan-Gurevich	MiG-23ML	Germany
17677	DE	Bundeswehr NN+NN	20+11	Mikoyan-Gurevich	MiG-23ML	Germany
17895	DE	Bundeswehr NN+NN	20+27	Mikoyan-Gurevich	MiG-23ML	Germany
6343	DE	Bundeswehr NN+NN	20+16	Mikoyan-Gurevich	MiG-23ML	United States
6689	DE	Bundeswehr NN+NN	20+23	Mikoyan-Gurevich	MiG-23ML	United States
7321	DE	Bundeswehr NN+NN	20+20	Mikoyan-Gurevich	MiG-23ML	United States
8269	DE	Bundeswehr NN+NN	20+15	Mikoyan-Gurevich	MiG-23ML	United States
16584	DE	Bundeswehr NN+NN	20+58	Mikoyan-Gurevich	MiG-23UB	Germany
16767	DE	Bundeswehr NN+NN	20+60	Mikoyan-Gurevich	MiG-23UB	Germany
17018	DE	Bundeswehr NN+NN	20+62	Mikoyan-Gurevich	MiG-23UB	Germany
17123	DE	Bundeswehr NN+NN	20+63	Mikoyan-Gurevich	MiG-23UB	Germany
17124	DE	Bundeswehr NN+NN	29+03	Mikoyan-Gurevich	MiG-29G	Germany
20299	US	N-number	N107FB	Mikoyan-Gurevich	MiG-3	United States
10447	US	N-number	N14918	Blatchford	Mini Coupe	United States
10464	US	N-number	N62ME	Chris-Tena	Mini Coupe	United States
10455	US	N-number	N422AU	Aero Spacelines	Mini Guppy	United States
750	US	N-number	N501CS	Revolution Helicopter	Mini-500	United States
17847	DE	D- registration	D-HUBU	Revolution Helicopter	Mini-500	Germany
9703	US	N-number	N75GH	Harrison	Mini-Mac	United States
21293	CA	C-F/G registration	C-IDCP	Team	Mini-MAX	Canada
896	US	N-number	N464BB	JDT	Mini-Max-1600R	United States
16391	GB	G- registration	G-MZHM	Team	Mini-Max HiMax 1700R	United Kingdom
26941	US	N-number	N44ES	Smith	Miniplane	United States
15432	GB	G- registration	G-AFUG	Luton	Minor	United Kingdom
14393	GB	RAF two-letter serial	ZJ748	Meteor	Mirach-100/5	United Kingdom
22535	NZ	ZK- registration	ZK-EXM	Ultraflight	Mirage Mk.II	New Zealand
21819	AU	RAAF A-series serial	A3-105	Government Aircraft Factories	Mirage III D	Australia
21866	AU	RAAF A-series serial	A3-102	Government Aircraft Factories	Mirage III D	Australia
22304	AU	RAAF A-series serial	A3-115	Government Aircraft Factories	Mirage III D	Australia
21579	AU	RAAF A-series serial	A3-45	Government Aircraft Factories	Mirage III O	Australia
21818	AU	RAAF A-series serial	A3-36	Government Aircraft Factories	Mirage III O	Australia
22125	AU	RAAF A-series serial	A3-16	Government Aircraft Factories	Mirage III O	Australia
22223	AU	RAAF A-series serial	A3-92	Dassault	Mirage III O	Australia
22276	AU	RAAF A-series serial	A3-72	Dassault	Mirage III O	Australia
22281	AU	RAAF A-series serial	A3-55	Government Aircraft Factories	Mirage III O	Australia
21867	AU	RAAF A-series serial	A3-97	Government Aircraft Factories	Mirage III O(A)	Australia
22287	AU	RAAF A-series serial	A3-51	Government Aircraft Factories	Mirage III O(A)	Australia
21865	AU	RAAF A-series serial	A3-3	Government Aircraft Factories	Mirage III O(F)	Australia
21952	AU	RAAF A-series serial	A3-42	Government Aircraft Factories	Mirage III O(F)	Australia
22286	AU	RAAF A-series serial	A3-41	Government Aircraft Factories	Mirage III O(F)	Australia
18788	FR	F- registration	F-PJBG	Jurca	MJ-5	France
17948	US	USAF/US Army fiscal-year serial	56-3659	Jurca	MJ-5Sirocco	Germany
892	US	N-number	N751JR	Jurca	MJ-7	United States
16171	GB	G- registration	G-CLAX	Jurca	MJ5Sirocco F.2	United Kingdom
16024	GB	G- registration	G-AAPZ	Desoutter	Mk I	United Kingdom
21290	CA	C-F/G registration	C-IDPF	Chandelle	Mk IV	Canada
19689	TR	TC- registration	TC-KUJ	MKEK	MKEK-4	Turkey
24099	US	N-number	N12RR	Romano-Bushby	MM-1	United States
21685	AU	VH- registration	VH-GVI	Sunderland	MOBA2	Australia
20245	US	N-number	N636M	Fleet	Model 1	United States
10632	US	US registration (maker is not a UK airframe builder)	N6513	Waco	Model 10	United States
4501	US	N-number	N4963C	Lockheed	Model 10A	United States
21341	CA	CF- registration	CF-TCC	Lockheed	Model 10A	Canada
25026	US	N-number	N57573	Lockheed	Model 10A	United States
21120	CA	CF- registration	CF-TCA	Lockheed	Model 10A Electra	Canada
6456	US	N-number	N72GT	Lockheed	Model 10E	United States
21244	CA	CF- registration	CF-BZM	Stinson	Model 10Voyager	Canada
6394	US	N-number	N872H	Boeing	Model 100	United States
6450	CA	CF- registration	CF-TGE	Lockheed	Model 1049G	United States
20796	CA	CF- registration	CF-DLM	Stinson	Model 105Voyager	Canada
21241	CA	CF- registration	CF-BSJ	Stinson	Model 105Voyager HW-75	Canada
6229	GB	G- registration	G-AFTL	Lockheed	Model 12A	United Kingdom
21121	CA	CF- registration	CF-CCT	Lockheed	Model 12A Electra Junior	Canada
14444	GB	RAF two-letter serial	FT475	Beech	Model 17D-17S	United Kingdom
17617	US	N-number	N69H	Beechcraft	Model 17D17S	Germany
21249	CA	CF- registration	CF-DTE	Beechcraft	Model 17D17S Staggerwing	Canada
22080	AU	VH- registration	VH-CLG	Beech Aircraft	Model 18C18S	Australia
21801	AU	VH- registration	VH-CLI	Beech Aircraft	Model 18D18S	Australia
23607	FI	OH- registration	OH-VKU	Lockheed	Model 18L-18-56 Lodestar	Finland
20676	CA	CF- registration	CF-TCY	Lockheed	Model 18Lodestar	Canada
21297	CA	CF- registration	CF-TDB	Lockheed	Model 18Lodestar	Canada
21298	CA	CF- registration	CF-CEC	Lockheed	Model 18Lodestar	Canada
20504	CA	CF- registration	CF-AOD	Fleet	Model 2	Canada
5998	US	N-number	N384L	Lancair	Model 200	United States
22083	AU	VH- registration	VH-FII	Beech Aircraft	Model 200	Australia
22084	US	N-number	N786BP	Beech Aircraft	Model 2000A	Australia
6447	US	N-number	N154AG	Learjet	Model 23	United States
5833	US	N-number	N802L	Lear	Model 23	United States
6427	US	N-number	N37161	Fairchild	Model 24W-41A	United States
6395	US	N-number	N13347	Boeing	Model 247D	United States
5654	US	N-number	N318SL	Scaled Composites	Model 318	United States
5247	US	N-number	N31WW	Rutan	Model 32SP	United States
9728	US	USAF/US Army fiscal-year serial	65-7992	Boeing Vertol	Model 347	United States
6283	US	N-number	N3870N	Beechcraft	Model 35	United States
22081	AU	VH- registration	VH-AWC	Beech Aircraft	Model 35P35	Australia
10526	US	N-number	N448N	Travel Air	Model 4D	United States
10605	US	N-number	N774H	Stearman	Model 4D	United States
10504	US	US registration (maker is not a UK airframe builder)	N5339	Boeing	Model 40C	United States
10606	US	N-number	N788H	Stearman	Model 6L	United States
5248	US	N-number	N82ST	Rutan	Model 61	United States
22082	AU	VH- registration	VH-FDV	Beech Aircraft	Model 65	Australia
10539	US	N-number	N682M	Fleet	Model 7	United States
10607	US	N-number	N571Y	Stearman	Model 70	United States
5997	US	N-number	N121R	Stearman	Model 75	United States
22500	NZ	ZK- registration	ZK-XAF	Boeing	Model 75N2S-3	New Zealand
22501	NZ	ZK- registration	ZK-RTA	Boeing	Model 75PT-13D	New Zealand
6400	US	N-number	N224M	Boeing	Model 80A-1	United States
10633	US	N-number	N139E	Waco	Model 9	United States
24029	US	N-number	N18339	Taylor-Young	Model A	United States
24134	US	N-number	N285SN	Sonex	Model A	United States
22037	AU	VH- registration	VH-SOF	Wright	Model A	Australia
753	US	N-number	N63N	Convertawings	Model A	United States
25108	US	N-number	N901K	Granville Brothers	Model A	United States
10513	US	US registration (maker is not a UK airframe builder)	N8796	Cessna	Model AW	United States
5988	US	N-number	N1911L	Wright	Model B	United States
10561	US	US registration (maker is not a UK airframe builder)	N9000	Funk	Model B	United States
8546	US	N-number	N3768B	Wright B Flyer Inc	Model B	United States
20240	US	N-number	N44VY	Curtiss	Model D	United States
25202	US	N-number	N1GJ	Curtiss	Model D	United States
6312	US	N-number	N11044	Granville Brothers	Model E	United States
20243	US	N-number	N6073R	Wright	Model EX	United States
10500	US	N-number	N17093	Arrow Aircraft	Model F	United States
25158	US	N-number	N1914C	Curtiss	Model F	United States
10612	US	N-number	N4472N	Stinson	Model R	United States
10617	US	N-number	N12146	Stinson	Model W	United States
11700	RU	RA- registration	RA-104	Molniya	Molniya-1	Russia
2854	US	N-number	N450SP	Monnett	Monerai	United States
9710	US	N-number	N5587X	Reznor	Monerai S	United States
6805	US	N-number	N9020C	Monnett	Monerai S	United States
7877	US	N-number	N124KB	Monnett	Moni	United States
8194	US	N-number	N39JG	Monnett	Moni	United States
10630	US	N-number	N11872	Monocoupe	Monocoach	United States
26935	US	US registration (maker is not a UK airframe builder)	N5297	Mono Aircraft	Monocoupe	United States
8215	US	N-number	N286Y	Hartman	Monoplane	United States
15527	GB	G- registration	G-APRT	Taylor	Monoplane	United Kingdom
16383	GB	G- registration	G-CJEN	Ferguson	Monoplane	United Kingdom
15475	AU	VH- registration	VH-UTH	General Aircraft	Monospar ST-12	United Kingdom
8346	US	N-number	N4799E	Mono Aircraft	Monosport-2	United States
20599	GB	RAF two-letter serial	KB161	de Havilland	Mosquito B.XX	Canada
14690	GB	RAF two-letter serial	TA122	de Havilland	Mosquito FB.VI	United Kingdom
15216	GB	RAF two-letter serial	HJ711	de Havilland	Mosquito NF.II	United Kingdom
9954	GB	RAF two-letter serial	LR480	de Havilland	Mosquito PR.IX	South Africa
14689	GB	RAF pre-war single-letter serial	W4050	de Havilland	Mosquito Prototype	United Kingdom
23296	GB	RAF two-letter serial	TW117	de Havilland	Mosquito T.3	Norway
5638	GB	RAF two-letter serial	TV959	de Havilland	Mosquito T.III	United States
6194	GB	RAF two-letter serial	TA719	de Havilland	Mosquito TT.35	United Kingdom
14691	GB	RAF two-letter serial	TA634	de Havilland	Mosquito TT.35	United Kingdom
14692	GB	RAF two-letter serial	TJ118	de Havilland	Mosquito TT.35	United Kingdom
15843	GB	RAF two-letter serial	TA639	de Havilland	Mosquito TT.35	United Kingdom
15520	GB	RAF two-letter serial	VM590	Slingsby	Motor Cadet T.7	United Kingdom
17811	DE	D- registration	D-EHOG	Pützer	Motorraab	Germany
18795	FR	F- registration	F-PBGE	Max Plan	MP-204	France
3206	US	USAF/US Army fiscal-year serial	00-3069	General Atomics	MQ-1B	United States
4527	US	USAF/US Army fiscal-year serial	00-3067	General Atomics	MQ-1B	United States
6521	US	USAF/US Army fiscal-year serial	03-3116	General Atomics	MQ-1B	United States
6736	US	USAF/US Army fiscal-year serial	03-3108	General Atomics	MQ-1B	United States
7074	US	USAF/US Army fiscal-year serial	07-3185	General Atomics	MQ-1B	United States
14763	US	USAF/US Army fiscal-year serial	03-33120	General Atomics	MQ-1B	United Kingdom
15804	US	USAF/US Army fiscal-year serial	03-3119	General Atomics	MQ-1B	United Kingdom
24904	US	USAF/US Army fiscal-year serial	08-3243	General Atomics	MQ-1B	United States
26997	US	USAF/US Army fiscal-year serial	09-3251	General Atomics	MQ-1B	United States
8258	US	USAF/US Army fiscal-year serial	07-0110	General Atomics	MQ-1C	United States
4171	US	USAF/US Army fiscal-year serial	02-4002	General Atomics	MQ-9A	United States
6735	US	USAF/US Army fiscal-year serial	02-4001	General Atomics	MQ-9A	United States
15930	GB	RAF two-letter serial	ZZ202	General Atomics	MQ-9A Reaper	United Kingdom
24913	US	USAF/US Army fiscal-year serial	85-0271	Teledyne Ryan	MQM-107D	United States
21908	AU	RAAF A-series serial	A40-010	NHIndustries	MRH-90	Australia
19208	FR	F- registration	F-BCBQ	Morane-Saulnier	MS 317	France
19209	FR	F- registration	F-BFZH	Morane-Saulnier	MS 317	France
19211	FR	F- registration	F-BLYG	Morane-Saulnier	MS 733Alcyon	France
18307	FR	F- registration	F-BKYD	Morane-Saulnier	MS 880B Rallye Club	France
4443	FR	F- registration	F-BJQH	Morane-Saulnier	MS-500	United States
24647	US	N-number	N7MS	Morane-Saulnier	MS.130	United States
18149	FR	F- registration	F-AZAH	Morane-Saulnier	MS.315	France
16908	FR	F- registration	F-BBQE	Morane-Saulnier	MS.317	Germany
20294	US	N-number	N42FM	Morane-Saulnier	MS.500	United States
11588	AR	LV- registration	LV-ZIV	Morane-Saulnier	MS.502	Argentina
20295	US	N-number	N111FS	Morane-Saulnier	MS.502	United States
15564	GB	G- registration	G-BIRW	Morane-Saulnier	MS.505Criquet	United Kingdom
16909	DE	D- registration	D-EGTY	Morane-Saulnier	MS.505Criquet	Germany
18812	FR	F- registration	F-BEJI	Morane-Saulnier	MS.572	France
18813	FR	F- registration	F-BMQA	Morane-Saulnier	MS.733	France
18814	FR	F- registration	F-BLXL	Morane-Saulnier	MS.733	France
18815	FR	F- registration	F-BXJR	Morane-Saulnier	MS.733	France
18816	FR	F- registration	F-BLYB	Morane-Saulnier	MS.733	France
18817	FR	F- registration	F-BNEI	Morane-Saulnier	MS.733	France
14550	GB	G- registration	G-ASAT	SOCATA	MS.880B	United Kingdom
15502	GB	G- registration	G-BFTZ	Socata	MS.880 Rallye	United Kingdom
18818	FR	F- registration	F-BRKD	Morane-Saulnier	MS.893	France
9522	TH	HS- registration	HS-ATA	Beechcraft	Musketeer-23A	Thailand
9700	US	N-number	N7XL	Bushby	Mustang II	United States
26159	US	N-number	N1855M	Bushby	Mustang II	United States
3942	US	N-number	N53RM	Bushby	Mustang II	United States
7871	US	N-number	N32DC	Bushby	Mustang II	United States
23388	DK	OY- registration	OY-AXS	Scheibe	Muu 13E	Denmark
23389	DK	OY- registration	OY-REX	Scheibe	Muu 13E	Denmark
23463	DK	OY- registration	OY-XES	Scheibe	Muu 13E	Denmark
18796	FR	F- registration	F-WEAZ	Max Williams	MW-25	France
16167	GB	G- registration	G-BTUS	Whittaker	MW7	United Kingdom
5366	FR	F- registration	F-WLKB	Dassault	Mystère 20	France
24648	US	N-number	N5356J	Morane-Saulnier	N	United States
22146	AU	VH- registration	VH-HIX	Aerospatiale	N 262A	Australia
8737	ID	PK- registration	PK-XNG	IPTN	N-250	Indonesia
21260	CA	CF- registration	CF-BYW	Noury	N-75	Canada
16173	GB	G- registration	G-ELLE	Cameron Balloons	N-90	United Kingdom
13288	UY	CX- registration	CX-AGI	Neybar	N.1	Uruguay
16730	DE	D- registration	D-IBFW	Nord	N.1002Pingouin	Germany
21600	AU	RAAF A-series serial	A18-300	Government Aircraft Factories	N22	Australia
21580	AU	RAAF A-series serial	A18-316	Government Aircraft Factories	N22B	Australia
21618	AU	RAAF A-series serial	A18-307	Government Aircraft Factories	N22B	Australia
22126	AU	VH- registration	VH-BFH	Government Aircraft Factories	N22B	Australia
4452	US	US registration (maker is not a UK airframe builder)	N6328	GAF	N22S	United States
21755	AU	VH- registration	VH-BRP	Government Aircraft Factories	N24A	Australia
6297	US	N-number	N868N	Curtiss	N2C	United States
17807	DE	D- registration	D-EFTX	Boeing	N2S -4 Kaydet	Germany
7066	US	N-number	N84LK	Boeing-Stearman	N2S-3	United States
8662	US	N-number	N47964	Boeing	N2S-3	United States
14764	US	N-number	N9039H	Boeing-Stearman	N2S-3	United Kingdom
20167	US	N-number	N5118N	Boeing	N2S-3	United States
6494	US	N-number	N1387V	Boeing-Stearman	N2S-5	United States
7067	US	N-number	N75272	Boeing-Stearman	N2S-5	United States
20269	US	N-number	N120BH	Naval Aircraft Factory	N3N -3	United States
16053	GB	G- registration	G-CFXT	Naval Aircraft Factory	N3N-3	United Kingdom
5201	US	N-number	N45084	Naval Aircraft Factory	N3N-3	United States
6635	US	N-number	N112D	Naval Aircraft Factory	N3N-3	United States
6649	US	N-number	N45305	Naval Aircraft Factory	N3N-3	United States
10565	US	N-number	N45042	Naval Aircraft Factory	N3N-3	United States
24040	US	N-number	N44718	Naval Aircraft Factory	N3N-3	United States
5211	US	N-number	N4735G	North American	NA-64	United States
19801	TR	TC- registration	TC-ZBC	NAC	NAC-6	Turkey
6993	US	N-number	N4134K	Ryan	Navion A	United States
7657	US	N-number	N6589D	Ryan	Navion A	United States
7798	US	N-number	N4005K	Ryan	Navion A	United States
13271	UY	CX- registration	CX-AJT	Ryan	Navion A	Uruguay
24081	US	N-number	N91528	North American	Navion A	United States
24082	US	N-number	N91410	North American	Navion A	United States
12729	AR	LV- registration	LV-HTY	Ryan	Navion G	Argentina
10645	US	N-number	N896V	Waco	NAZ	United States
10567	US	N-number	N436V	Nicholas-Beazley	NB-8	United States
24651	US	N-number	N576Y	Nicholas-Beazley	NB-8G	United States
6528	US	USAF/US Army fiscal-year serial	57-0526	Lockheed	NC-130B	United States
22826	SE	SE- registration	SE-KAL	Nord	NC.701	Sweden
22915	SE	SE- registration	SE-KAE	Nord	NC.701	Sweden
18825	FR	F- registration	F-PMBC	SNCAN	NC.856G	France
10291	US	N-number	N816NA	Convair	NF-106B	United States
8684	US	USAF/US Army fiscal-year serial	66-0294	McDonnell	NF-4E	United States
8672	US	N-number	N124RX	Lee-Wray	Nieuport 17	United States
8691	US	N-number	N124DK	Braegger	Nieuport 17	United States
10443	US	N-number	N25PH	Henry	Nieuport 17	United States
24510	US	US registration (maker is not a UK airframe builder)	N7864	Mitchell	Nimbus III	United States
6220	GB	RAF pre-war single-letter serial	K3661	Hawker	Nimrod II	United Kingdom
14378	GB	RAF two-letter serial	XV148	Hawker Siddeley	Nimrod MR.1	United Kingdom
20575	GB	RAF two-letter serial	XV239	Hawker Siddeley	Nimrod MR.1	Canada
14273	GB	RAF two-letter serial	XV235	Hawker Siddeley	Nimrod MR.2	United Kingdom
14496	GB	RAF two-letter serial	XV226	Hawker Siddeley	Nimrod MR.2	United Kingdom
14547	GB	RAF two-letter serial	XV255	Hawker Siddeley	Nimrod MR.2	United Kingdom
14666	GB	RAF two-letter serial	XV232	Hawker Siddeley	Nimrod MR.2	United Kingdom
15353	GB	RAF two-letter serial	XV244	Hawker Siddeley	Nimrod MR.2	United Kingdom
15354	GB	RAF two-letter serial	XV240	Hawker Siddeley	Nimrod MR.2	United Kingdom
15544	GB	RAF two-letter serial	XV241	Hawker Siddeley	Nimrod MR.2	United Kingdom
15691	GB	RAF two-letter serial	XV229	Hawker Siddeley	Nimrod MR.2	United Kingdom
15964	GB	RAF two-letter serial	XV231	Hawker Siddeley	Nimrod MR.2	United Kingdom
16131	GB	RAF two-letter serial	XV254	Hawker Siddeley	Nimrod MR.2	United Kingdom
16484	GB	RAF two-letter serial	XV250	Hawker Siddeley	Nimrod MR.2	United Kingdom
14171	GB	RAF two-letter serial	XW664	Hawker Siddeley	Nimrod R.1	United Kingdom
15813	GB	RAF two-letter serial	XV249	Hawker Siddeley	Nimrod R.1	United Kingdom
16244	GB	RAF two-letter serial	XW666	Hawker Siddeley	Nimrod R.1	United Kingdom
17862	GB	RAF two-letter serial	XW665	Hawker Siddeley	Nimrod R.1	Germany
22294	AU	RAAF A-series serial	A18-306	Government Aircraft Factories	Nomad N22	Australia
5070	US	N-number	N4817E	GAF	Nomad N24A	United States
16560	DE	D- registration	D-NORA	Nord	Noratlas N 2501F	Germany
17129	DE	Bundeswehr NN+NN	99+14	Nord	Noratlas N.2501D	Germany
17349	DE	D- registration	D-ACUT	Nord	Noratlas N.2501D	Germany
17699	DE	Bundeswehr NN+NN	53+43	Nord	Noratlas N2501	Germany
23165	NO	LN- registration	LN-BDR	Noorduyn	Norseman IV	Norway
20629	CA	CF- registration	CF-AYO	Noorduyn	Norseman Mk I	Canada
20501	CA	CF- registration	CF-DRE	Noorduyn	Norseman Mk IV	Canada
20628	CA	CF- registration	CF-BFT	Noorduyn	Norseman Mk IV	Canada
21503	CA	CF- registration	CF-SAM	Noorduyn	Norseman Mk V	Canada
21020	US	USAF/US Army fiscal-year serial	45-41747	Noorduyn	Norseman Mk VI	Canada
24663	US	N-number	N211XC	Ryan	NYP	United States
26465	US	US registration (maker is not a UK airframe builder)	N7209	Ryan	NYP	United States
6647	US	USAF/US Army fiscal-year serial	51-12032	Cessna	O-1A	United States
6984	US	USAF/US Army fiscal-year serial	51-16963	Cessna	O-1A	United States
7069	US	N-number	N5073Y	Cessna	O-1A	United States
7514	US	USAF/US Army fiscal-year serial	51-4651	Cessna	O-1A	United States
24879	US	USAF/US Army fiscal-year serial	51-12857	Cessna	O-1A	United States
26059	US	USAF/US Army fiscal-year serial	51-16910	Cessna	O-1A	United States
26358	US	USAF/US Army fiscal-year serial	53-8029	Cessna	O-1A	United States
26895	US	USAF/US Army fiscal-year serial	50-1328	Cessna	O-1A	United States
27004	US	USAF/US Army fiscal-year serial	51-16902	Cessna	O-1A	United States
6613	US	N-number	N305SU	Cessna	O-1E	United States
6614	US	N-number	N305CM	Cessna	O-1E	United States
10186	US	USAF/US Army fiscal-year serial	56-4208	Cessna	O-1E	United States
37937	MT	9H- registration	9H-ACB	Cessna	O-1E	Malta
4157	US	USAF/US Army fiscal-year serial	51-11917	Cessna	O-1G	United States
6808	US	N-number	N7799C	Oldershaw	O-2	United States
20209	US	N-number	N822AS	Cessna	O-2	United States
93	US	USAF/US Army fiscal-year serial	68-11067	Cessna	O-2A	United States
3949	US	USAF/US Army fiscal-year serial	68-6901	Cessna	O-2A	United States
4158	US	USAF/US Army fiscal-year serial	67-21331	Cessna	O-2A	United States
6292	US	USAF/US Army fiscal-year serial	67-21395	Cessna	O-2A	United States
6985	US	USAF/US Army fiscal-year serial	67-21430	Cessna	O-2A	United States
7305	US	USAF/US Army fiscal-year serial	67-21326	Cessna	O-2A	United States
7346	US	USAF/US Army fiscal-year serial	67-21440	Cessna	O-2A	United States
7980	US	USAF/US Army fiscal-year serial	68-11142	Cessna	O-2A	United States
8479	US	USAF/US Army fiscal-year serial	69-7656	Cessna	O-2A	United States
9887	US	USAF/US Army fiscal-year serial	67-21414	Cessna	O-2A	United States
10129	US	USAF/US Army fiscal-year serial	68-6864	Cessna	O-2A	United States
10188	US	USAF/US Army fiscal-year serial	67-21368	Cessna	O-2A	United States
22349	US	USAF/US Army fiscal-year serial	67-21407	Cessna	O-2A	Australia
22436	US	USAF/US Army fiscal-year serial	69-7639	Cessna	O-2A	New Zealand
24691	US	USAF/US Army fiscal-year serial	67-21376	Cessna	O-2A	United States
24880	US	USAF/US Army fiscal-year serial	67-21380	Cessna	O-2A	United States
24881	US	USAF/US Army fiscal-year serial	67-21411	Cessna	O-2A	United States
25122	US	USAF/US Army fiscal-year serial	67-21318	Cessna	O-2A	United States
25927	US	USAF/US Army fiscal-year serial	68-10962	Cessna	O-2A	United States
26528	US	USAF/US Army fiscal-year serial	68-6871	Cessna	O-2A	United States
27299	US	USAF/US Army fiscal-year serial	68-11003	Cessna	O-2A	United States
350	US	USAF/US Army fiscal-year serial	67-21413	Cessna	O-2A	United States
881	US	N-number	N474DF	Cessna	O-2A	United States
1058	US	USAF/US Army fiscal-year serial	68-10848	Cessna	O-2A	United States
6416	US	USAF/US Army fiscal-year serial	67-21363	Cessna	O-2A	United States
6504	US	USAF/US Army fiscal-year serial	68-10853	Cessna	O-2A	United States
7643	US	USAF/US Army fiscal-year serial	67-21324	Cessna	O-2A	United States
24275	US	USAF/US Army fiscal-year serial	68-10966	Cessna	O-2A	United States
24841	US	USAF/US Army fiscal-year serial	68-11149	Cessna	O-2A	United States
26672	US	USAF/US Army fiscal-year serial	68-11160	Cessna	O-2A	United States
26847	US	USAF/US Army fiscal-year serial	68-11144	Cessna	O-2A	United States
27086	US	USAF/US Army fiscal-year serial	67-21422	Cessna	O-2A	United States
94	US	USAF/US Army fiscal-year serial	67-21465	Cessna	O-2B	United States
7774	US	USAF/US Army fiscal-year serial	67-21469	Cessna	O-2B	United States
6809	US	N-number	N2560B	Oldershaw	O-3	United States
3969	US	USAF/US Army fiscal-year serial	40-2746	Curtiss	O-52	United States
24042	US	N-number	N47608	Aeronca	O-58B	United States
10488	US	N-number	N47751	Aeronca	O-58B	United States
24043	US	N-number	N46179	Aeronca	O-58B	United States
26909	US	USAF/US Army fiscal-year serial	43-27141	Aeronca	O-58B	United States
5694	US	USAF/US Army fiscal-year serial	43-43847	Canadian Vickers	OA-10A	United States
27263	US	N-number	N57875	Consolidated	OA-10A	United States
27265	US	N-number	N8563F	Grumman	OA-12	United States
10190	US	USAF/US Army fiscal-year serial	70-1293	Cessna	OA-37B	United States
6289	US	USAF/US Army fiscal-year serial	51-13934	Bell	OH-13E	United States
7512	US	USAF/US Army fiscal-year serial	51-13965	Bell	OH-13E	United States
24277	US	USAF/US Army fiscal-year serial	51-14166	Bell	OH-13E	United States
25235	US	USAF/US Army fiscal-year serial	51-14114	Bell	OH-13E	United States
25433	US	USAF/US Army fiscal-year serial	51-14077	Bell	OH-13E	United States
26893	US	USAF/US Army fiscal-year serial	51-13873	Bell	OH-13E	United States
760	US	N-number	N33507	Bell	OH-13G	United States
25421	US	USAF/US Army fiscal-year serial	52-7834	Bell	OH-13G	United States
26892	US	USAF/US Army fiscal-year serial	52-7807	Bell	OH-13G	United States
7825	US	USAF/US Army fiscal-year serial	55-4619	Bell	OH-13H	United States
27089	US	USAF/US Army fiscal-year serial	58-1520	Bell	OH-13H	United States
7196	US	USAF/US Army fiscal-year serial	63-9085	Bell	OH-13S	United States
7704	US	USAF/US Army fiscal-year serial	51-16122	Hiller	OH-23A	United States
6320	US	USAF/US Army fiscal-year serial	51-16245	Hiller	OH-23B	United States
26041	US	USAF/US Army fiscal-year serial	51-16336	Hiller	OH-23B	United States
26647	US	USAF/US Army fiscal-year serial	51-16226	Hiller	OH-23B	United States
7511	US	USAF/US Army fiscal-year serial	55-4124	Hiller	OH-23C	United States
16648	US	USAF/US Army fiscal-year serial	55-4109	Hiller	OH-23C	Germany
26894	US	USAF/US Army fiscal-year serial	56-2285	Hiller	OH-23C	United States
26747	US	USAF/US Army fiscal-year serial	58-5407	Hiller	OH-23D	United States
9855	US	USAF/US Army fiscal-year serial	62-12508	Hiller	OH-23F	United States
13281	UY	CX- registration	CX-BNR	Hiller	OH-23F	Uruguay
7992	US	USAF/US Army fiscal-year serial	64-15245	Hiller	OH-23G	United States
23899	US	USAF/US Army fiscal-year serial	62-3759	Hiller	OH-23G	United States
25080	US	USAF/US Army fiscal-year serial	62-3812	Hiller	OH-23G	United States
9803	US	USAF/US Army fiscal-year serial	62-4201	Bell	OH-4A	United States
79	US	USAF/US Army fiscal-year serial	71-61668	Bell	OH-58	United States
3663	US	N-number	N206PR	Bell	OH-58A	United States
3905	US	USAF/US Army fiscal-year serial	69-16112	Bell	OH-58A	United States
6986	US	USAF/US Army fiscal-year serial	70-15469	Bell	OH-58A	United States
7445	US	N-number	N60MP	Bell	OH-58A	United States
7509	US	USAF/US Army fiscal-year serial	70-15257	Bell	OH-58A	United States
7901	US	USAF/US Army fiscal-year serial	72-21375	Bell	OH-58A	United States
7995	US	USAF/US Army fiscal-year serial	70-15358	Bell	OH-58A	United States
8124	US	USAF/US Army fiscal-year serial	69-16271	Bell	OH-58A	United States
8477	US	USAF/US Army fiscal-year serial	69-16153	Bell	OH-58A	United States
9760	US	USAF/US Army fiscal-year serial	71-20468	Bell	OH-58A	United States
9804	US	USAF/US Army fiscal-year serial	68-16687	Bell	OH-58A	United States
9894	US	USAF/US Army fiscal-year serial	69-16303	Bell	OH-58A	United States
10161	US	USAF/US Army fiscal-year serial	72-21455	Bell	OH-58A	United States
21845	AU	RAAF A-series serial	A17-018	Bell	OH-58A	Australia
21993	AU	RAAF A-series serial	A17-050	Bell	OH-58A	Australia
22302	AU	RAAF A-series serial	A17-010	Bell	OH-58A	Australia
22416	AU	RAAF A-series serial	A17-054	Bell	OH-58A	Australia
24761	US	USAF/US Army fiscal-year serial	71-20541	Bell	OH-58A	United States
24762	US	USAF/US Army fiscal-year serial	68-16918	Bell	OH-58A	United States
24938	US	USAF/US Army fiscal-year serial	73-21905	Bell	OH-58A	United States
25246	US	USAF/US Army fiscal-year serial	70-15220	Bell	OH-58A	United States
25420	US	USAF/US Army fiscal-year serial	70-15383	Bell	OH-58A	United States
25653	US	USAF/US Army fiscal-year serial	70-15242	Bell	OH-58A	United States
25654	US	USAF/US Army fiscal-year serial	72-21241	Bell	OH-58A	United States
26144	US	USAF/US Army fiscal-year serial	72-21256	Bell	OH-58A	United States
26228	US	USAF/US Army fiscal-year serial	68-16747	Bell	OH-58A	United States
26232	US	USAF/US Army fiscal-year serial	69-16262	Bell	OH-58A	United States
26233	US	USAF/US Army fiscal-year serial	72-21345	Bell	OH-58A	United States
26264	US	USAF/US Army fiscal-year serial	70-15178	Bell	OH-58A	United States
26265	US	USAF/US Army fiscal-year serial	71-20474	Bell	OH-58A	United States
26266	US	USAF/US Army fiscal-year serial	71-20456	Bell	OH-58A	United States
26288	US	USAF/US Army fiscal-year serial	70-15426	Bell	OH-58A	United States
26294	US	USAF/US Army fiscal-year serial	72-21460	Bell	OH-58A	United States
26643	US	USAF/US Army fiscal-year serial	71-20829	Bell	OH-58A	United States
26783	US	USAF/US Army fiscal-year serial	71-20502	Bell	OH-58A	United States
26891	US	USAF/US Army fiscal-year serial	70-15122	Bell	OH-58A	United States
3664	US	N-number	N58WR	Bell	OH-58C	United States
5061	US	USAF/US Army fiscal-year serial	68-16940	Bell	OH-58C	United States
9735	US	USAF/US Army fiscal-year serial	68-16734	Bell	OH-58C	United States
9805	US	USAF/US Army fiscal-year serial	71-20634	Bell	OH-58C	United States
26130	US	USAF/US Army fiscal-year serial	70-15413	Bell	OH-58C	United States
3906	US	USAF/US Army fiscal-year serial	93-0976	Bell	OH-58D	United States
3907	US	USAF/US Army fiscal-year serial	95-0015	Bell	OH-58D	United States
7983	US	USAF/US Army fiscal-year serial	90-00368	Bell	OH-58D	United States
9761	US	USAF/US Army fiscal-year serial	92-00581	Bell	OH-58D	United States
9806	US	USAF/US Army fiscal-year serial	92-00597	Bell	OH-58D	United States
24191	US	USAF/US Army fiscal-year serial	94-00169	Bell	OH-58D	United States
9807	US	USAF/US Army fiscal-year serial	93-00960	Bell	OH-58F	United States
26131	US	USAF/US Army fiscal-year serial	95-00008	Bell	OH-58F	United States
143	US	USAF/US Army fiscal-year serial	68-17252	Hughes	OH-6A	United States
3605	US	USAF/US Army fiscal-year serial	67-16091	Hughes	OH-6A	United States
4482	US	USAF/US Army fiscal-year serial	67-16381	Hughes	OH-6A	United States
6576	US	USAF/US Army fiscal-year serial	67-16132	Hughes	OH-6A	United States
6860	US	USAF/US Army fiscal-year serial	67-16301	Hughes	OH-6A	United States
7827	US	USAF/US Army fiscal-year serial	66-7865	Hughes	OH-6A	United States
7902	US	USAF/US Army fiscal-year serial	67-16066	Hughes	OH-6A	United States
8523	US	USAF/US Army fiscal-year serial	69-15990	Hughes	OH-6A	United States
9666	US	USAF/US Army fiscal-year serial	67-16243	Hughes	OH-6A	United States
9667	US	USAF/US Army fiscal-year serial	67-16087	Hughes	OH-6A	United States
9762	US	USAF/US Army fiscal-year serial	68-17340	Hughes	OH-6A	United States
9876	US	USAF/US Army fiscal-year serial	65-12917	Hughes	OH-6A	United States
15053	US	USAF/US Army fiscal-year serial	67-16506	Hughes	OH-6A	United Kingdom
24147	US	USAF/US Army fiscal-year serial	68-17204	Hughes	OH-6A	United States
24188	US	USAF/US Army fiscal-year serial	66-17829	Hughes	OH-6A	United States
24377	US	USAF/US Army fiscal-year serial	68-17343	Hughes	OH-6A	United States
24721	US	USAF/US Army fiscal-year serial	67-16576	Hughes	OH-6A	United States
25048	US	USAF/US Army fiscal-year serial	67-16127	Hughes	OH-6A	United States
25132	US	USAF/US Army fiscal-year serial	67-16477	Hughes	OH-6A	United States
25234	US	USAF/US Army fiscal-year serial	66-14390	Hughes	OH-6A	United States
25284	US	USAF/US Army fiscal-year serial	68-17197	Hughes	OH-6A	United States
25422	US	USAF/US Army fiscal-year serial	67-16638	Hughes	OH-6A	United States
25457	US	USAF/US Army fiscal-year serial	67-16172	Hughes	OH-6A	United States
25910	US	USAF/US Army fiscal-year serial	65-12958	Hughes	OH-6A	United States
25911	US	USAF/US Army fiscal-year serial	65-12925	Hughes	OH-6A	United States
26023	US	USAF/US Army fiscal-year serial	65-12950	Hughes	OH-6A	United States
26169	US	USAF/US Army fiscal-year serial	66-7804	Hughes	OH-6A	United States
26644	US	USAF/US Army fiscal-year serial	67-16017	Hughes	OH-6A	United States
26645	US	USAF/US Army fiscal-year serial	65-12974	Hughes	OH-6A	United States
23760	IS	TF- registration	TF-SBB	Elliotts of Newbury	Olympia	Iceland
22748	NZ	ZK- registration	ZK-GLY	Elliotts of Newbury	Olympia-2	New Zealand
22485	NZ	ZK- registration	ZK-GAT	Elliotts of Newbury	Olympia Mk.11B	New Zealand
23180	NO	LN- registration	LN-SCA	DFS	Olympia Meise	Norway
24493	US	N-number	N74ZH	DFS	Olympia-Meise	United States
17460	DE	D- registration	D-EMVP	Ostmecklenburgische Flugzeugbau	OMF-100-160 Symphony	Germany
12883	CL	CC- registration	CC-CYL	BAC	One-Eleven-207	Chile
12884	CL	CC- registration	CC-CYM	BAC	One-Eleven-207	Chile
6178	GB	G- registration	G-AVMU	BAC	One-Eleven-500	United Kingdom
11378	AR	LV- registration	LV-MZM	BAC	One-Eleven-515FB	Argentina
11608	AR	LV- registration	LV-OAX	BAC	One-Eleven-515FB	Argentina
37939	NG	5N- registration	5N-BBP	BAC	One-Eleven-518FG	Malta
14387	GB	RAF two-letter serial	XX919	BAC	One-Eleven Series 402AP	United Kingdom
14416	GB	RAF two-letter serial	ZE432	BAC	One-Eleven Series 479FU	United Kingdom
14465	GB	G- registration	G-ASYD	BAC	One-Eleven Srs 475	United Kingdom
16076	GB	RAF two-letter serial	ZH763	BAC	One-Eleven Srs 539GL	United Kingdom
24554	US	N-number	N23727	Warsztaty Szybowcowe	Orlik II	United States
26375	US	N-number	N2RC	Pereira	Osprey-1	United States
5228	US	N-number	N17EH	Pereira	Osprey-2	United States
21588	AU	VH- registration	VH-OLC	Pereira	Osprey 2	Australia
24035	US	N-number	N46275	Meyers	OTW	United States
7677	US	N-number	N15784	Meyers	OTW	United States
24568	US	N-number	N34317	Meyers	OTW-160	United States
7182	US	N-number	N34310	Meyers	OTW-160	United States
8493	US	USAF/US Army fiscal-year serial	63-13128	Grumman	OV-1A	United States
25430	US	USAF/US Army fiscal-year serial	60-3740	Grumman	OV-1A	United States
27131	US	USAF/US Army fiscal-year serial	59-2617	Grumman	OV-1A	United States
5058	US	USAF/US Army fiscal-year serial	59-2621	Grumman	OV-1B	United States
7208	US	N-number	N512NA	Grumman	OV-1B	United States
9736	US	USAF/US Army fiscal-year serial	62-5860	Grumman	OV-1B	United States
24303	US	USAF/US Army fiscal-year serial	59-2633	Grumman	OV-1B	United States
4468	US	USAF/US Army fiscal-year serial	61-2724	Grumman	OV-1C	United States
20202	US	USAF/US Army fiscal-year serial	69-16998	Grumman	OV-1C	United States
24720	US	USAF/US Army fiscal-year serial	62-5856	Grumman	OV-1C	United States
24772	US	USAF/US Army fiscal-year serial	61-2700	Grumman	OV-1C	United States
26897	US	USAF/US Army fiscal-year serial	68-15936	Grumman	OV-1C	United States
6317	US	USAF/US Army fiscal-year serial	67-18902	Grumman	OV-1D	United States
6987	US	USAF/US Army fiscal-year serial	69-17021	Grumman	OV-1D	United States
24184	US	USAF/US Army fiscal-year serial	64-14247	Grumman	OV-1D	United States
24763	US	USAF/US Army fiscal-year serial	69-17005	Grumman	OV-1D	United States
24825	US	USAF/US Army fiscal-year serial	62-5875	Grumman	OV-1D	United States
25709	US	USAF/US Army fiscal-year serial	62-5890	Grumman	OV-1D	United States
25737	US	USAF/US Army fiscal-year serial	62-5874	Grumman	OV-1D	United States
25806	US	USAF/US Army fiscal-year serial	67-18906	Grumman	OV-1D	United States
26338	US	USAF/US Army fiscal-year serial	68-16993	Grumman	OV-1D	United States
26624	US	USAF/US Army fiscal-year serial	67-18900	Grumman	OV-1D	United States
26625	US	USAF/US Army fiscal-year serial	68-16992	Grumman	OV-1D	United States
26162	US	USAF/US Army fiscal-year serial	64-14252	Grumman	OV-1RV-1D	United States
774	US	N-number	N93LM	North American	OV-10A	United States
6553	US	USAF/US Army fiscal-year serial	67-14675	North American Rockwell	OV-10A	United States
6988	US	USAF/US Army fiscal-year serial	68-3825	North American Rockwell	OV-10A	United States
10187	US	USAF/US Army fiscal-year serial	67-14626	North American Rockwell	OV-10A	United States
22408	US	USAF/US Army fiscal-year serial	67-14639	North American Rockwell	OV-10A	Australia
24888	US	USAF/US Army fiscal-year serial	67-14623	Rockwell	OV-10A	United States
25174	US	USAF/US Army fiscal-year serial	67-14621	North American	OV-10A	United States
17137	DE	Bundeswehr NN+NN	99+33	Rockwell	OV-10B	Germany
17363	DE	Bundeswehr NN+NN	99+16	Rockwell	OV-10B	Germany
17430	DE	Bundeswehr NN+NN	99+18	North American Rockwell	OV-10B	Germany
19058	FR	F- registration	F-AZKM	North American	OV-10B	France
19059	DE	Bundeswehr NN+NN	99+27	North American	OV-10B	France
17592	DE	Bundeswehr NN+NN	99+21	North American	OV-10B Bronco	Germany
26626	US	N-number	N615NA	Rockwell	OV-10D	United States
21219	CA	CF- registration	CF-PMH	Welch	OW-8M	Canada
7766	US	US registration (maker is not a UK airframe builder)	N3924	Swallow	OX-5 Swallow	United States
6166	GB	RAF pre-war single-letter serial	V3388	Airspeed	Oxford I	United Kingdom
15777	GB	RAF two-letter serial	MP425	Airspeed	Oxford I	United Kingdom
10571	US	N-number	N952K	Parks	P-1	United States
17631	DE	D- registration	D-EMLR	Pilatus	P-2-05	Germany
18142	FR	F- registration	F-AZCC	Pilatus	P-2-05	France
20250	US	N-number	N26PX	Boeing	P-26	United States
4517	US	N-number	N145CS	Lockheed	P-3	United States
25750	US	N-number	N842JM	Pilatus	P-3-05	United States
22239	AU	RAAF A-series serial	A9-751	Lockheed	P-3C	Australia
22451	NZ	RNZAF serial	NZ4203	Lockheed	P-3K2	New Zealand
4505	US	USAF/US Army fiscal-year serial	42-12847	Lockheed	P-38G	United States
27281	US	USAF/US Army fiscal-year serial	42-13400	Lockheed	P-38G	United States
565	US	USAF/US Army fiscal-year serial	44-23314	Lockheed	P-38J	United States
5837	US	USAF/US Army fiscal-year serial	42-67762	Lockheed	P-38J	United States
6533	US	USAF/US Army fiscal-year serial	42-67638	Lockheed	P-38J	United States
6457	US	USAF/US Army fiscal-year serial	44-53097	Lockheed	P-38L	United States
6827	US	USAF/US Army fiscal-year serial	44-27087	Lockheed	P-38L	United States
10347	US	USAF/US Army fiscal-year serial	44-53236	Lockheed	P-38L	United States
10422	US	N-number	N2114L	Lockheed	P-38L	United States
25605	US	USAF/US Army fiscal-year serial	44-27183	Lockheed	P-38L	United States
26855	US	USAF/US Army fiscal-year serial	44-27231	Lockheed	P-38L	United States
20256	US	N-number	N39FF	Bell	P-39F	United States
3908	US	USAF/US Army fiscal-year serial	42-18814	Bell	P-39N	United States
4124	US	USAF/US Army fiscal-year serial	44-3887	Bell	P-39Q	United States
6920	US	USAF/US Army fiscal-year serial	42-19597	Bell	P-39Q	United States
10288	US	USAF/US Army fiscal-year serial	42-20007	Bell	P-39Q	United States
20524	US	USAF/US Army fiscal-year serial	44-2485	Bell	P-39Q	Canada
24284	US	USAF/US Army fiscal-year serial	42-19995	Bell	P-39Q	United States
26317	US	USAF/US Army fiscal-year serial	44-3908	Bell	P-39Q	United States
6231	GB	G- registration	G-CDWH	Curtiss	P-40B	United Kingdom
25136	US	USAF/US Army fiscal-year serial	41-13297	Curtiss	P-40B	United States
5627	US	USAF/US Army fiscal-year serial	41-13390	Curtiss	P-40C	United States
6232	US	USAF/US Army fiscal-year serial	41-13357	Curtiss	P-40C	United Kingdom
7947	GB	RAF two-letter serial	AK979	Curtiss	P-40D	United States
5783	US	USAF/US Army fiscal-year serial	41-13575	Curtiss	P-40E	United States
6641	GB	RAF two-letter serial	AK933	Curtiss	P-40E	United States
10762	GB	RAF two-letter serial	ET574	Curtiss-Wright	P-40E	Egypt
21564	AU	RAAF A-series serial	A29-53	Curtiss	P-40E	Australia
22400	AU	RAAF A-series serial	A29-133	Curtiss	P-40E	Australia
22438	US	USAF/US Army fiscal-year serial	41-14205	Curtiss	P-40E	New Zealand
22604	NZ	RNZAF serial	NZ3039	Curtiss	P-40E	New Zealand
14790	GB	RAF two-letter serial	AK803	Curtiss	P-40E	United Kingdom
3970	US	USAF/US Army fiscal-year serial	41-25163	Curtiss	P-40E	United States
6825	GB	RAF two-letter serial	AL152	Curtiss	P-40E	United States
10410	US	N-number	N940AK	Curtiss-Wright	P-40E	United States
20255	US	N-number	N1941P	Curtiss	P-40E	United States
26853	GB	RAF two-letter serial	AK823	Curtiss	P-40E	United States
27259	US	USAF/US Army fiscal-year serial	40-0598	Curtiss	P-40E	United States
6233	US	USAF/US Army fiscal-year serial	41-19841	Curtiss	P-40F	United Kingdom
7093	US	USAF/US Army fiscal-year serial	42-10256	Curtiss	P-40K	United States
14304	US	USAF/US Army fiscal-year serial	42-9749	Curtiss	P-40K	United Kingdom
26854	US	USAF/US Army fiscal-year serial	42-10083	Curtiss	P-40K	United States
27260	US	N-number	N45946	Curtiss	P-40K	United States
27235	US	N-number	N440PE	Curtiss	P-40Kittyhawk I	United States
8528	US	USAF/US Army fiscal-year serial	43-5813	Curtiss	P-40M	United States
22704	NZ	RNZAF serial	NZ3043	Curtiss	P-40Mk.IV	New Zealand
22705	NZ	RNZAF serial	NZ3220	Curtiss	P-40Mk.IV	New Zealand
6420	US	USAF/US Army fiscal-year serial	44-4192	Curtiss	P-40N	United States
6945	US	N-number	N1226N	Curtiss	P-40N	United States
22362	AU	VH- registration	VH-MIK	Curtiss-Wright	P-40N	Australia
26318	US	USAF/US Army fiscal-year serial	44-7619	Curtiss	P-40N	United States
490	US	USAF/US Army fiscal-year serial	45-9346	Republic	P-47D	United States
5161	US	USAF/US Army fiscal-year serial	42-23278	Republic	P-47D	United States
5243	US	USAF/US Army fiscal-year serial	42-8130	Republic	P-47D	United States
5428	US	USAF/US Army fiscal-year serial	44-20371	Republic	P-47D	France
5628	US	USAF/US Army fiscal-year serial	45-49406	Republic	P-47D	United States
5863	US	USAF/US Army fiscal-year serial	44-32691	Republic	P-47D	United States
6273	US	USAF/US Army fiscal-year serial	45-49192	Republic	P-47D	United Kingdom
6274	US	USAF/US Army fiscal-year serial	42-26413	Republic	P-47D	United Kingdom
6563	US	USAF/US Army fiscal-year serial	44-32798	Republic	P-47D	United States
8035	US	N-number	N47DF	Republic	P-47D	United States
8055	US	USAF/US Army fiscal-year serial	42-8089	Republic	P-47D	United States
10430	US	N-number	N47DA	Republic	P-47D	United States
15796	GB	RAF two-letter serial	KL216	Republic	P-47D	United Kingdom
25030	US	USAF/US Army fiscal-year serial	45-49458	Republic	P-47D	United States
25930	US	USAF/US Army fiscal-year serial	42-26470	Republic	P-47D	United States
26320	US	N-number	N444SU	Republic	P-47D	United States
26551	US	USAF/US Army fiscal-year serial	44-90368	Republic	P-47D	United States
567	US	USAF/US Army fiscal-year serial	42-25254	Curtiss-Wright	P-47G	United States
7400	US	USAF/US Army fiscal-year serial	44-89348	Republic	P-47N	United States
8072	US	USAF/US Army fiscal-year serial	44-89425	Republic	P-47N	United States
10151	US	USAF/US Army fiscal-year serial	44-89320	Republic	P-47N	United States
24307	US	USAF/US Army fiscal-year serial	44-89444	Republic	P-47N	United States
24799	US	N-number	N844WA	Republic	P-47N	United States
5985	US	N-number	N51G	Poberezny	P-5	United States
24133	US	N-number	N836PD	SAL	P-51	United States
587	US	USAF/US Army fiscal-year serial	43-6251	North American	P-51A	United States
14778	US	USAF/US Army fiscal-year serial	43-24837	North American	P-51B	United Kingdom
6639	US	USAF/US Army fiscal-year serial	43-25057	North American	P-51C	United States
46	US	USAF/US Army fiscal-year serial	44-74936	North American	P-51D	United States
426	US	USAF/US Army fiscal-year serial	44-74910	North American	P-51D	United States
568	US	USAF/US Army fiscal-year serial	45-11582	North American	P-51D	United States
569	US	USAF/US Army fiscal-year serial	44-84961	North American	P-51D	United States
592	US	USAF/US Army fiscal-year serial	44-73415	North American	P-51D	United States
5213	US	USAF/US Army fiscal-year serial	44-63272	North American	P-51D	United States
5629	US	USAF/US Army fiscal-year serial	44-72364	North American	P-51D	United States
5656	US	USAF/US Army fiscal-year serial	45-11525	North American	P-51D	United States
5701	US	USAF/US Army fiscal-year serial	44-73436	North American	P-51D	United States
6270	US	USAF/US Army fiscal-year serial	44-11631	North American	P-51D	United Kingdom
6271	US	USAF/US Army fiscal-year serial	44-13521	North American	P-51D	United Kingdom
6272	US	USAF/US Army fiscal-year serial	44-72216	North American	P-51D	United Kingdom
6460	US	USAF/US Army fiscal-year serial	44-72423	North American	P-51D	United States
6551	US	USAF/US Army fiscal-year serial	44-13371	North American	P-51D	United States
6607	US	USAF/US Army fiscal-year serial	44-74739	North American	P-51D	United States
7502	US	N-number	N991R	North American	P-51D	United States
8526	US	USAF/US Army fiscal-year serial	44-73260	North American	P-51D	United States
8967	US	USAF/US Army fiscal-year serial	44-74627	North American	P-51D	Philippines
9899	US	USAF/US Army fiscal-year serial	44-74216	North American	P-51D	United States
10377	US	USAF/US Army fiscal-year serial	44-72989	North American	P-51D	United States
10429	US	N-number	N551D	North American	P-51D	United States
14306	US	USAF/US Army fiscal-year serial	44-73656	North American	P-51D	United Kingdom
14307	US	USAF/US Army fiscal-year serial	44-73877	North American	P-51D	United Kingdom
14780	US	USAF/US Army fiscal-year serial	44-72035	North American	P-51D	United Kingdom
14828	US	USAF/US Army fiscal-year serial	44-14574	North American	P-51D	United Kingdom
19771	TR	TC- registration	TC-SMO	North American	P-51D	Turkey
20252	US	N-number	N51EA	North American	P-51D	United States
22401	AU	RAAF A-series serial	A68-648	North American	P-51D	Australia
22456	US	USAF/US Army fiscal-year serial	44-74827	North American	P-51D	New Zealand
24241	US	USAF/US Army fiscal-year serial	44-14151	North American	P-51D	United States
24253	US	N-number	N51HR	North American	P-51D	United States
24795	US	N-number	N10601	North American	P-51D	United States
25031	US	USAF/US Army fiscal-year serial	44-72400	North American	P-51D	United States
25665	US	USAF/US Army fiscal-year serial	44-72948	North American	P-51D	United States
25776	US	N-number	N3139T	North American	P-51D	United States
25892	US	USAF/US Army fiscal-year serial	44-63615	North American	P-51D	United States
26000	US	USAF/US Army fiscal-year serial	44-14570	North American	P-51D	United States
26851	US	USAF/US Army fiscal-year serial	44-63864	North American	P-51D	United States
26852	US	USAF/US Army fiscal-year serial	44-72051	North American	P-51D	United States
27000	US	USAF/US Army fiscal-year serial	44-74832	North American	P-51D	United States
27020	US	USAF/US Army fiscal-year serial	45-11586	North American	P-51D	United States
27048	US	USAF/US Army fiscal-year serial	44-74407	North American	P-51D	United States
17249	DE	D- registration	D-FUNN	North American	P-51D Mustang	Germany
38395	US	USAF/US Army fiscal-year serial	44-72202	North American	P-51D-20-NA	South Africa
7401	US	USAF/US Army fiscal-year serial	44-64376	North American	P-51H	United States
24939	US	USAF/US Army fiscal-year serial	44-64265	North American	P-51H	United States
8454	US	USAF/US Army fiscal-year serial	44-12116	North American	P-51K	United States
78	US	USAF/US Army fiscal-year serial	44-22614	Bell	P-59	United States
800	US	USAF/US Army fiscal-year serial	44-22633	Bell	P-59A	United States
8212	US	USAF/US Army fiscal-year serial	44-22656	Bell	P-59B	United States
24060	US	USAF/US Army fiscal-year serial	42-39445	Northrop	P-61B	United States
5118	US	USAF/US Army fiscal-year serial	43-8353	Northrop	P-61C	United States
5855	US	USAF/US Army fiscal-year serial	43-8330	Northrop	P-61C	United States
191	US	USAF/US Army fiscal-year serial	42-68864	Bell	P-63A	United States
20305	US	USAF/US Army fiscal-year serial	42-70609	Bell	P-63A	United States
24797	US	N-number	N191H	Bell	P-63A	United States
6609	US	USAF/US Army fiscal-year serial	43-11223	Bell	P-63C	United States
16451	US	USAF/US Army fiscal-year serial	43-11137	Bell	P-63C	United Kingdom
16455	US	USAF/US Army fiscal-year serial	44-4315	Bell	P-63C	United Kingdom
16456	US	USAF/US Army fiscal-year serial	44-4368	Bell	P-63C	United Kingdom
3909	US	USAF/US Army fiscal-year serial	43-11727	Bell	P-63E	United States
8566	US	USAF/US Army fiscal-year serial	43-11728	Bell	P-63E	United States
6612	US	N-number	N64NA	Hansen	P-64	United States
4506	US	USAF/US Army fiscal-year serial	45-8612	Lockheed	P-80B	United States
7399	US	USAF/US Army fiscal-year serial	46-0262	North American	P-82E	United States
5986	US	N-number	N9PH	Poberezny	P-9	United States
14355	GB	RAF two-letter serial	WG763	English Electric	P.1A	United Kingdom
15922	GB	RAF two-letter serial	WG760	English Electric	P.1A	United Kingdom
15684	GB	RAF two-letter serial	XA847	English Electric	P.1B	United Kingdom
14911	GB	RAF two-letter serial	VX272	Hawker	P.1052	United Kingdom
15252	GB	RAF two-letter serial	VT935	Boulton Paul	P.111A	United Kingdom
15973	GB	RAF two-letter serial	XP831	Hawker	P.1127	United Kingdom
14474	GB	RAF two-letter serial	XP984	Hawker	P.1127	United Kingdom
14902	GB	RAF two-letter serial	XP980	Hawker Siddeley	P.1127	United Kingdom
16240	GB	RAF two-letter serial	XV280	Hawker Siddeley	P.1127(RAF)	United Kingdom
16241	GB	RAF two-letter serial	XV281	Hawker Siddeley	P.1127(RAF)	United Kingdom
15713	GB	RAF two-letter serial	XV279	Hawker Siddeley	P.1127RAF	United Kingdom
7137	US	N-number	N6354T	Piaggio	P.136L1	United States
7268	US	N-number	N40025	Piaggio	P.136L1	United States
16550	DE	Bundeswehr NN+NN	90+77	Piaggio	P.149D	Germany
16780	DE	D- registration	D-EOAO	Piaggio	P.149D	Germany
16949	DE	Bundeswehr NN+NN	90+65	Focke-Wulf	P.149D	Germany
16950	DE	Bundeswehr NN+NN	90+56	Focke-Wulf	P.149D	Germany
16956	DE	Bundeswehr NN+NN	91+61	Piaggio	P.149D	Germany
17031	DE	Bundeswehr NN+NN	92+13	Piaggio	P.149D	Germany
17194	DE	Bundeswehr NN+NN	91+03	Piaggio	P.149D	Germany
17303	DE	Bundeswehr NN+NN	91+90	Piaggio	P.149D	Germany
17428	DE	D- registration	D-EEHG	Piaggio	P.149D	Germany
17473	DE	Bundeswehr NN+NN	90+44	Focke-Wulf	P.149D	Germany
17490	DE	Bundeswehr NN+NN	90+68	Piaggio	P.149D	Germany
17940	DE	D- registration	D-EDSF	Piaggio	P.149D	Germany
18091	DE	Bundeswehr NN+NN	62+50	Piaggio	P.149D	Germany
18114	DE	Bundeswehr NN+NN	91+88	Piaggio	P.149D	Germany
22148	AU	VH- registration	VH-BHK	Piaggio	P.166	Australia
21987	AU	VH- registration	VH-MMP	Piaggio	P.166AL-1	Australia
22562	NZ	ZK- registration	ZK-DPP	Percival	P.28	New Zealand
21805	AU	VH- registration	VH-AVG	Percival Aircraft	P.30II	Australia
21589	AU	VH- registration	VH-AUC	Percival	P.34	Australia
21716	AU	VH- registration	VH-BQR	Percival	P.34A	Australia
22650	NZ	ZK- registration	ZK-DJC	Percival	P.40T.1	New Zealand
22486	NZ	ZK- registration	ZK-AQK	Percival	P.44	New Zealand
21788	GB	RAF two-letter serial	NP336	Percival	P.44	Australia
14930	GB	RAF two-letter serial	XN332	Saunders-Roe	P.531	United Kingdom
14931	GB	RAF two-letter serial	XN334	Saunders-Roe	P.531	United Kingdom
18843	FR	F- registration	F-PRPC	Pottier	P.70S	France
18844	FR	F- registration	F-PYEB	Pottier	P.80S	France
26060	US	N-number	N99RT	Cessna	P172D	United States
10423	US	N-number	N360RR	Lockheed	P2V -7	United States
2269	US	N-number	N443NA	Lockheed	P2V-7	United States
4504	US	N-number	N14448	Lockheed	P2V-7	United States
24070	US	N-number	N45309	Lockheed	P2V-7S	United States
15494	GB	G- registration	G-BKPG	Luscombe	P3 Rattler Strike	United Kingdom
8353	US	N-number	N4615M	Piper	PA-11	United States
24158	US	N-number	N8671M	Piper	PA-12	United States
26877	US	N-number	N4413M	Piper	PA-12	United States
10582	US	N-number	N5158H	Piper	PA-14	United States
10583	US	N-number	N4559H	Piper	PA-15	United States
24159	US	N-number	N4355H	Piper	PA-15	United States
10584	US	N-number	N5732H	Piper	PA-16	United States
23367	DK	OY- registration	OY-AKM	Piper	PA-16	Denmark
24160	US	N-number	N5754H	Piper	PA-16	United States
24161	US	N-number	N5817H	Piper	PA-16	United States
5860	US	N-number	N1872P	Piper	PA-18	United States
12975	CO	HK- registration	HK-234	Piper	PA-18	Colombia
14784	US	USAF/US Army fiscal-year serial	54-2468	Piper	PA-18	United Kingdom
12826	CL	CC- registration	CC-KWA	Piper	PA-18-150	Chile
27278	US	N-number	N2869P	Piper	PA-18-150	United States
27312	US	N-number	N2586P	Piper	PA-18-150	United States
16911	DE	D- registration	D-EKYL	Piper	PA-18-95 Super Cub	Germany
22524	NZ	ZK- registration	ZK-TOW	Piper	PA-18A-150	New Zealand
17355	DE	D- registration	D-EDEW	Piper	PA-18Super Cub	Germany
20436	CA	C-F/G registration	C-FPGD	Piper	PA-18Super Cub	Canada
7242	US	N-number	N4782A	Piper	PA-22	United States
7858	US	N-number	N1129C	Piper	PA-22	United States
19277	CY	5B- registration	5B-CAJ	Piper	PA-22-108	Cyprus
23284	NO	LN- registration	LN-BND	Piper	PA-22-108	Norway
24162	US	N-number	N5545Z	Piper	PA-22-108	United States
24085	US	N-number	N600A	Piper	PA-22-125	United States
24163	US	N-number	N1301C	Piper	PA-22-135	United States
24096	US	N-number	N3601Z	Piper	PA-22-150	United States
10585	US	N-number	N7108D	Piper	PA-22-150	United States
19316	IR	EP- registration	EP-AAB	Piper	PA-22-150	Iran
24164	US	N-number	N3840P	Piper	PA-22-150	United States
24095	US	N-number	N8620D	Piper	PA-22-160	United States
24165	US	N-number	N9243D	Piper	PA-22-160	United States
25779	US	N-number	N9757Z	Piper	PA-22-160	United States
5861	US	N-number	N114DA	Piper	PA-23	United States
7139	US	N-number	N2108P	Piper	PA-23	United States
7859	US	N-number	N1015P	Piper	PA-23	United States
8221	US	N-number	N1030P	Piper	PA-23	United States
11196	BR	PT- registration	PT-ATW	Piper	PA-23	Brazil
22579	NZ	ZK- registration	ZK-BLO	Piper	PA-23	New Zealand
11306	AR	LV- registration	LV-JSX	Piper	PA-23-250	Argentina
8511	US	N-number	N2283P	Piper	PA-23-150	United States
23750	IS	TF- registration	TF-JMH	Piper	PA-23-150	Iceland
7140	US	N-number	N34DA	Piper	PA-23-160	United States
24166	US	N-number	N4916P	Piper	PA-23-235	United States
3608	US	N-number	N513B	Piper	PA-23-250	United States
7860	US	N-number	N4581P	Piper	PA-23-250	United States
9270	TH	HS- registration	HS-TCZ	Piper	PA-23-250	Thailand
10680	UG	5X- registration	5X-UVS	Piper	PA-23-250	Uganda
11523	AR	LV- registration	LV-JXF	Piper	PA-23-250	Argentina
14556	GB	G- registration	G-AYMO	Piper	PA-23-250	United Kingdom
22052	AU	VH- registration	VH-AVL	Piper	PA-23-250	Australia
22150	AU	VH- registration	VH-MBX	Piper Aircraft	PA-23-250	Australia
23796	NI	YN- registration	YN-CAZ	Piper	PA-23-250	Guatemala
24167	US	N-number	N14230	Piper	PA-23-250	United States
23472	FI	OH- registration	OH-PPS	Piper	PA-23-250 Aztec	Finland
23368	DK	OY- registration	OY-DCC	Piper	PA-23-250B	Denmark
9050	TH	HS- registration	HS-CAT	Piper	PA-23-250D	Thailand
19317	IR	EP- registration	EP-PAH	Piper	PA-23-250E	Iran
7855	US	N-number	N110LF	Piper	PA-24-250	United States
11385	AR	LV- registration	LV-HFM	Piper	PA-24-250	Argentina
22319	AU	VH- registration	VH-DOL	Piper	PA-24-250	Australia
15562	GB	G- registration	G-ATOY	Piper	PA-24-260B	United Kingdom
24168	US	N-number	N8400P	Piper	PA-24-400	United States
22580	NZ	ZK- registration	ZK-BZK	Piper	PA-25	New Zealand
24169	US	N-number	N6560Z	Piper	PA-25	United States
22151	NZ	ZK- registration	ZK-CEL	Piper Aircraft	PA-25-235	Australia
26172	US	N-number	N6755Z	Piper	PA-25B	United States
20093	AE	A6- registration	A6-ACE	Piper	PA-28-140	United Arab Emirates
23285	NO	LN- registration	LN-HAK	Piper	PA-28-140	Norway
23777	IS	TF- registration	TF-HER	Piper	PA-28-140	Iceland
23495	FI	OH- registration	OH-PKV	Piper	PA-28-140 Cherokee B	Finland
3609	US	N-number	N7506W	Piper	PA-28-180	United States
23606	FI	OH- registration	OH-PJN	Piper	PA-28R-180 Cherokee Arrow	Finland
10719	TN	TS- registration	TS-APC	Piper	PA-28R-200	Tunisia
24170	US	N-number	N2900M	Piper	PA-29	United States
24171	US	N-number	N8515Y	Piper	PA-30	United States
23706	FI	OH- registration	OH-PRA	Piper	PA-31-310 Navajo	Finland
19318	IR	EP- registration	EP-PAJ	Piper	PA-31-350	Iran
24172	US	N-number	N9198Y	Piper	PA-31P-350	United States
23715	FI	OH- registration	OH-PHR	Piper	PA-31P Navajo	Finland
24173	US	N-number	N7500L	Piper	PA-31T-3	United States
24249	US	N-number	N3411W	Piper	PA-32-260	United States
24108	US	N-number	N5297T	Piper	PA-34-200	United States
19631	US	N-number	N1442H	Piper	PA-34-200T	Qatar
12828	CL	CC- registration	CC-CRM	Piper	PA-38-112	Chile
3610	US	N-number	N23680	Piper	PA-38-112	United States
9073	TH	HS- registration	HS-TCU	Piper	PA-38-112	Thailand
22152	AU	VH- registration	VH-SCK	Piper Aircraft	PA-38-112	Australia
24174	US	N-number	N2476D	Piper	PA-38-112	United States
5950	US	US registration (maker is not a UK airframe builder)	N3908	Pitcairn	PA-39	United States
7082	US	N-number	N3322G	Piper	PA-39	United States
24175	US	N-number	N9941P	Piper	PA-41P	United States
21493	CA	C-F/G registration	C-GSAA	Piper	PA-42-720 Cheyenne IIIA	Canada
5232	US	N-number	N481PE	Piper	PA-48	United States
25192	US	N-number	N13158	Pitcairn	PA-7S	United States
24142	US	N-number	N10753	Pitcairn	PA-8	United States
26917	US	N-number	N13677	Rose	Parrakeet A-1	United States
22056	AU	VH- registration	VH-ASA	Consolidated	PB2B-2	Australia
22437	US	USAF/US Army fiscal-year serial	44-34081	Canadian Vickers	PBV-1A	New Zealand
10409	US	N-number	N2172N	Consolidated	PBY -5A	United States
20257	US	N-number	N9521C	Consolidated	PBY -5A	United States
22506	US	N-number	N9553C	Consolidated	PBY -5A	New Zealand
7060	US	N-number	N4934H	Consolidated	PBY-5A	United States
8030	US	N-number	N427CV	Canadian Vickers	PBY-5A	United States
14073	US	N-number	N5593V	Consolidated	PBY-5A	Saudi Arabia
21563	AU	RAAF A-series serial	A24-88	Consolidated	PBY-5A	Australia
22018	AU	RAAF A-series serial	A24-30	Consolidated	PBY-5A	Australia
22222	AU	RAAF A-series serial	A24-104	Consolidated	PBY-5A	Australia
24426	US	N-number	N4582T	Consolidated	PBY-5A	United States
25164	US	N-number	N459CF	Consolidated	PBY-5A	United States
25175	US	N-number	N983CF	Consolidated	PBY-5A	United States
19481	US	N-number	N285RA	Consolidated	PBY-6A	Israel
21949	AU	RAAF A-series serial	A24-362	Consolidated	PBY-6A	Australia
23247	CA	C-F/G registration	C-FIZO	Consolidated	PBY-6A	Norway
24244	US	N-number	N7057C	Consolidated	PBY-6A	United States
12772	CL	CC- registration	CC-CDT	Canadian Vickers	PBY-5A	Chile
12806	CL	CC- registration	CC-CGY	Consolidated	PBY-5A	Chile
21615	AU	RAAF A-series serial	A14-301	Pilatus	PC-6B1-H2	Australia
22149	AU	RAAF A-series serial	A14-705	Pilatus	PC-6B1-H2	Australia
22188	AU	RAAF A-series serial	A14-704	Pilatus	PC-6B1-H2	Australia
22414	AU	RAAF A-series serial	A14-690	Pilatus	PC-6B1-H2	Australia
21873	AU	RAAF A-series serial	A23-020	Pilatus	PC-9A	Australia
21912	AU	RAAF A-series serial	A23-028	Pilatus	PC-9A	Australia
22200	AU	RAAF A-series serial	A23-036	Pilatus	PC-9A	Australia
22201	AU	RAAF A-series serial	A23-030	Pilatus	PC-9A	Australia
22253	AU	RAAF A-series serial	A23-001	Pilatus	PC-9A	Australia
22280	AU	RAAF A-series serial	A23-022	Pilatus	PC-9A(F)	Australia
25505	US	N-number	N8284M	Beechcraft	PD-373	United States
16168	GB	G- registration	G-BYMT	Cyclone Airsports	Pegasus Quantum-15-912	United Kingdom
21637	AU	VH- registration	VH-GFY	Barratt-Bradley	Pelican II	Australia
15763	GB	RAF two-letter serial	WV746	Hunting Percival	Pembroke C.1	United Kingdom
16121	GB	RAF two-letter serial	XL929	Percival	Pembroke C.1	United Kingdom
16545	DE	Bundeswehr NN+NN	54+08	Percival	Pembroke C.54	Germany
17193	DE	Bundeswehr NN+NN	54+26	Percival	Pembroke C.54	Germany
17353	DE	Bundeswehr NN+NN	54+21	Percival	Pembroke C.54	Germany
17354	DE	Bundeswehr NN+NN	54+24	Percival	Pembroke C.54	Germany
17900	DE	Bundeswehr NN+NN	54+15	Percival	Pembroke C.54	Germany
17901	DE	D- registration	D-CAKE	Percival	Pembroke C.54	Germany
7526	US	N-number	N28DH	Gulfstream American	Peregrine	United States
5987	US	N-number	N111PL	Poberezny	Pete III	United States
24514	US	N-number	N8146H	Perl	PG-130	United States
6807	US	N-number	N68582	Nelson	PG-185B	United States
14662	GB	RAF two-letter serial	XT597	McDonnell Douglas	Phantom FG.1	United Kingdom
14892	GB	RAF two-letter serial	XT596	McDonnell Douglas	Phantom FG.1	United Kingdom
15355	GB	RAF two-letter serial	XV586	McDonnell Douglas	Phantom FG.1	United Kingdom
15872	GB	RAF two-letter serial	XV591	McDonnell Douglas	Phantom FG.1	United Kingdom
16133	GB	RAF two-letter serial	XV582	McDonnell Douglas	Phantom FG.1	United Kingdom
16287	GB	RAF two-letter serial	XV581	McDonnell Douglas	Phantom FG.1	United Kingdom
16347	GB	RAF two-letter serial	XT864	McDonnell Douglas	Phantom FG.1	United Kingdom
14297	GB	RAF two-letter serial	XV401	McDonnell Douglas	Phantom FGR.2	United Kingdom
14549	GB	RAF two-letter serial	XV426	McDonnell Douglas	Phantom FGR.2	United Kingdom
14565	GB	RAF two-letter serial	XT891	McDonnell Douglas	Phantom FGR.2	United Kingdom
14663	GB	RAF two-letter serial	XT905	McDonnell Douglas	Phantom FGR.2	United Kingdom
14664	GB	RAF two-letter serial	XV490	McDonnell Douglas	Phantom FGR.2	United Kingdom
15345	GB	RAF two-letter serial	XT903	McDonnell Douglas	Phantom FGR.2	United Kingdom
15639	GB	RAF two-letter serial	XV497	McDonnell Douglas	Phantom FGR.2	United Kingdom
15662	GB	RAF two-letter serial	XV415	McDonnell Douglas	Phantom FGR.2	United Kingdom
15760	GB	RAF two-letter serial	XV424	McDonnell Douglas	Phantom FGR.2	United Kingdom
16091	GB	RAF two-letter serial	XV406	McDonnell Douglas	Phantom FGR.2	United Kingdom
16132	GB	RAF two-letter serial	XV499	McDonnell Douglas	Phantom FGR.2	United Kingdom
16315	GB	RAF two-letter serial	XV408	McDonnell Douglas	Phantom FGR.2	United Kingdom
16432	GB	RAF two-letter serial	XT914	McDonnell Douglas	Phantom FGR.2	United Kingdom
23123	GB	RAF two-letter serial	XV399	McDonnell Douglas	Phantom FGR.2	Norway
21638	AU	VH- registration	VH-GSW	Bolkow	Phoebus C	Australia
14392	GB	RAF two-letter serial	ZJ477	BAE Systems	Phoenix	United Kingdom
14419	GB	RAF two-letter serial	ZJ469	BAE Systems	Phoenix	United Kingdom
14719	GB	RAF two-letter serial	ZJ369	BAE Systems	Phoenix	United Kingdom
15371	GB	RAF two-letter serial	ZJ385	BAE Systems	Phoenix	United Kingdom
15940	GB	RAF two-letter serial	ZJ449	BAE Systems	Phoenix	United Kingdom
23614	FI	OH- registration	OH-PXA	PIK	PIK-10	Finland
23634	FI	OH- registration	OH-KYC	PIK	PIK-12Gabriel	Finland
23621	FI	OH- registration	OH-YKA	PIK	PIK-3a	Finland
23638	FI	OH- registration	OH-YKY	PIK	PIK-3c Kajava	Finland
23630	FI	OH- registration	OH-PAR	PIK	PIK-5b	Finland
22232	AU	RAAF A-series serial	A93-2	Government Aircraft Factories	Pika	Australia
27276	US	N-number	N709Y	Fairchild	Pilgrim-100B	United States
15926	GB	RAF two-letter serial	XL703	Scottish Aviation	Pioneer CC.1	United Kingdom
24113	US	N-number	N4RE	Marske	Pioneer II	United States
9714	US	N-number	N14RH	Hayes	Pitts S-1C	United States
7879	US	N-number	N8509Z	Pober	Pixie	United States
5907	US	N-number	N3947B	Harlow	PJC-2	United States
22063	AU	VH- registration	VH-TRN	Transavia	PL-12	Australia
22165	NZ	ZK- registration	ZK-CWX	Transavia	PL-12	Australia
22584	NZ	ZK- registration	ZK-DMX	Transavia	PL-12	New Zealand
22637	NZ	ZK- registration	ZK-CVB	Transavia	PL-12	New Zealand
23332	DK	OY- registration	OY-DRL	Transavia	PL-12	Denmark
23375	DK	OY- registration	OY-DVZ	Transavia	PL-12	Denmark
9711	US	N-number	N43NP	Pazmany	PL-4A	United States
26369	US	N-number	N44BN	Pazmany	PL-4A	United States
24076	US	N-number	N30031	Zuck	Plane-Mobile	United States
23369	DK	OY- registration	OY-DSH	Taylorcraft	Plus D	Denmark
14230	GB	RAF two-letter serial	LB294	Taylorcraft	Plus D	United Kingdom
18835	FR	F- registration	F-AJUL	Peyret-Mauboussin	PM-XI	France
12583	RU	CCCP- registration	CCCP-1988	Polikarpov	Po-2	Russia
16041	GB	G- registration	G-BSSY	Polikarpov	Po-2	United Kingdom
17251	DE	D- registration	D-EEPO	Polikarpov	Po-2	Germany
19215	FR	F- registration	F-AZPO	Polikarpov	Po-2	France
5996	US	N-number	N6119G	Nicholas-Beazley	Pobjoy Special	United States
23427	DK	OY- registration	OY-CYS	Halbronn	Polliwagen	Denmark
5992	US	N-number	N43993	Mignet	Pou du Ciel	United States
3965	US	USAF/US Army fiscal-year serial	44-21819	Culver	PQ-14B	United States
4130	US	USAF/US Army fiscal-year serial	44-68462	Culver	PQ-14B	United States
5911	US	N-number	N999ML	Culver	PQ-14B	United States
26913	US	N-number	N5526A	Culver	PQ-14B	United States
20267	US	US registration (maker is not a UK airframe builder)	N2776	Culver	PQ-14B	United States
24515	US	N-number	N5346G	Pratt-Read	PR-G1	United States
16193	GB	RAF two-letter serial	WE987	Slingsby	Prefect TX.1	United Kingdom
15295	GB	RAF two-letter serial	VS623	Percival	Prentice T.1	United Kingdom
15505	GB	RAF two-letter serial	VR249	Percival	Prentice T.1	United Kingdom
16188	GB	RAF two-letter serial	VS621	Percival	Prentice T.1	United Kingdom
20679	CA	CF- registration	CF-ZAX	Dagling	Primary Glider	Canada
6262	GB	RAF two-letter serial	LZ766	Percival	Proctor III	United Kingdom
15154	GB	RAF two-letter serial	RM169	Percival	Proctor IV	United Kingdom
14033	GB	RAF two-letter serial	XF868	Percival	Provost T.1	Oman
14187	GB	RAF two-letter serial	WW442	Percival	Provost T.1	United Kingdom
14402	GB	RAF two-letter serial	WW450	Percival	Provost T.1	United Kingdom
15506	GB	RAF two-letter serial	WV606	Percival	Provost T.1	United Kingdom
15571	GB	RAF two-letter serial	WV493	Percival	Provost T.1	United Kingdom
15623	GB	RAF two-letter serial	WV605	Percival	Provost T.1	United Kingdom
15875	GB	RAF two-letter serial	WV562	Percival	Provost T.1	United Kingdom
16040	GB	G- registration	G-KAPW	Percival	Provost T.1	United Kingdom
16116	GB	RAF two-letter serial	XF690	Percival	Provost T.1	United Kingdom
16310	GB	RAF two-letter serial	XF840	Percival	Provost T.1	United Kingdom
16438	GB	RAF two-letter serial	WV679	Percival	Provost T.1	United Kingdom
25189	GB	RAF two-letter serial	WV495	Percival	Provost T.1	United States
6794	US	N-number	N452Y	Franklin	PS-2	United States
10543	US	N-number	N15195	Franklin	PS-2	United States
24496	US	N-number	N451Y	Franklin	PS-2	United States
10558	US	N-number	N412M	Lincoln-Page	PT K	United States
24177	US	US registration (maker is not a UK airframe builder)	N4300	Piper	PT-1	United States
5934	US	N-number	N31PT	Consolidated	PT-1	United States
6948	US	N-number	N4813V	Boeing-Stearman	PT-13	United States
7221	US	N-number	N50685	Boeing-Stearman	PT-13	United States
7659	US	N-number	N234X	Stearman	PT-13	United States
20273	US	N-number	N54896	Boeing	PT-13	United States
6475	US	N-number	N8FL	Stearman	PT-13A	United States
183	US	USAF/US Army fiscal-year serial	42-16388	Stearman	PT-13D	United States
2488	US	USAF/US Army fiscal-year serial	42-17698	Boeing	PT-13D	United States
6842	US	USAF/US Army fiscal-year serial	42-17250	Boeing-Stearman	PT-13D	United States
8025	US	N-number	N1312N	Stearman	PT-13D	United States
8111	US	USAF/US Army fiscal-year serial	42-17780	Stearman	PT-13D	United States
14777	US	USAF/US Army fiscal-year serial	42-17313	Boeing-Stearman	PT-13D	United Kingdom
26174	US	N-number	N3998B	Boeing	PT-13D	United States
26356	US	USAF/US Army fiscal-year serial	42-17573	Boeing-Stearman	PT-13D	United States
26735	US	USAF/US Army fiscal-year serial	42-17458	Boeing	PT-13D	United States
599	US	USAF/US Army fiscal-year serial	41-8746	Stearman	PT-17	United States
1987	US	US registration (maker is not a UK airframe builder)	N3188	Stearman	PT-17	United States
2833	US	US registration (maker is not a UK airframe builder)	N3946	Boeing	PT-17	United States
3932	US	USAF/US Army fiscal-year serial	41-8882	Boeing	PT-17	United States
6185	US	USAF/US Army fiscal-year serial	41-8169	Boeing-Stearman	PT-17	United Kingdom
6591	US	N-number	N2803D	Boeing	PT-17	United States
6949	US	N-number	N580RS	Boeing-Stearman	PT-17	United States
7103	US	N-number	N5635V	Boeing-Stearman	PT-17	United States
7276	US	N-number	N450HS	Boeing-Stearman	PT-17	United States
7439	US	N-number	N27933	Boeing	PT-17	United States
9794	US	USAF/US Army fiscal-year serial	41-7121	Boeing	PT-17	United States
12834	CL	CC- registration	CC-DMG	Boeing-Stearman	PT-17	Chile
13116	US	USAF/US Army fiscal-year serial	41-7888	Boeing-Stearman	PT-17	Venezuela
14774	US	USAF/US Army fiscal-year serial	41-25251	Boeing-Stearman	PT-17	United Kingdom
14776	US	USAF/US Army fiscal-year serial	42-16525	Boeing-Stearman	PT-17	United Kingdom
17374	US	N-number	N56786	Boeing	PT-17	Germany
20116	US	USAF/US Army fiscal-year serial	41-8575	Boeing-Stearman	PT-17	United States
20168	US	N-number	N3716C	Boeing	PT-17	United States
20272	US	N-number	N41EE	Boeing	PT-17	United States
24283	US	USAF/US Army fiscal-year serial	42-16438	Stearman	PT-17	United States
24872	US	USAF/US Army fiscal-year serial	42-16365	Boeing	PT-17	United States
25045	US	N-number	N374RA	Boeing	PT-17	United States
25151	US	N-number	N450UR	Boeing	PT-17	United States
25152	US	USAF/US Army fiscal-year serial	41-8246	Boeing	PT-17	United States
25195	US	N-number	N55361	Boeing	PT-17	United States
25196	US	N-number	N75980	Boeing	PT-17	United States
25414	US	USAF/US Army fiscal-year serial	40-1825	Boeing-Stearman	PT-17	United States
25531	US	N-number	N8NP	Boeing-Stearman	PT-17	United States
26145	US	N-number	N61818	Boeing	PT-17	United States
26552	US	N-number	N50142	Boeing	PT-17	United States
26865	US	N-number	N63502	Boeing-Stearman	PT-17	United States
6502	US	USAF/US Army fiscal-year serial	41-25284	Boeing-Stearman	PT-17A	United States
20700	US	USAF/US Army fiscal-year serial	41-8621	Boeing	PT-17Stearman Kaydet	Canada
18144	FR	F- registration	F-AZST	Boeing	PT-18	France
1063	US	USAF/US Army fiscal-year serial	41-20230	Fairchild	PT-19	United States
6929	US	N-number	N6072C	Fairchild	PT-19	United States
7073	US	N-number	N1941N	Fairchild	PT-19	United States
7155	US	N-number	N49797	Fairchild	PT-19	United States
7497	US	N-number	N464BC	Fairchild	PT-19	United States
8026	US	N-number	N51939	Fairchild	PT-19	United States
8050	US	N-number	N54801	Fairchild	PT-19	United States
12817	CL	CC- registration	CC-DMF	Fairchild	PT-19	Chile
20275	US	N-number	N74621	Fairchild	PT-19	United States
24036	US	N-number	N119EC	Fairchild	PT-19	United States
1858	US	N-number	N641BP	Fairchild	PT-19A	United States
4011	US	USAF/US Army fiscal-year serial	41-14675	Fairchild	PT-19A	United States
6307	US	USAF/US Army fiscal-year serial	42-83239	Fairchild	PT-19A	United States
7165	US	N-number	N38992	Fairchild	PT-19A	United States
7660	US	N-number	N50481	Fairchild	PT-19A	United States
7791	US	N-number	N49942	Fairchild	PT-19A	United States
8442	US	USAF/US Army fiscal-year serial	42-34382	Fairchild	PT-19A	United States
8473	US	USAF/US Army fiscal-year serial	43-31365	Aeronca	PT-19A	United States
12921	US	USAF/US Army fiscal-year serial	43-33769	Fairchild	PT-19A	Chile
20274	US	N-number	N129PT	Fairchild	PT-19A	United States
24046	US	N-number	N57621	Fairchild	PT-19A	United States
24942	US	USAF/US Army fiscal-year serial	42-2802	Fairchild	PT-19A	United States
25542	US	USAF/US Army fiscal-year serial	42-65485	Fairchild	PT-19A	United States
25543	US	USAF/US Army fiscal-year serial	42-83447	Fairchild	PT-19A	United States
25544	US	USAF/US Army fiscal-year serial	44-33689	Fairchild	PT-19A	United States
26862	US	USAF/US Army fiscal-year serial	43-33687	Fairchild	PT-19A	United States
26898	US	N-number	N54901	Fairchild	PT-19A	United States
27006	US	USAF/US Army fiscal-year serial	42-48007	Fairchild	PT-19A	United States
10538	US	N-number	N56268	Fairchild	PT-19B	United States
416	US	USAF/US Army fiscal-year serial	41-20850	Ryan	PT-22	United States
5250	US	USAF/US Army fiscal-year serial	41-15736	Ryan	PT-22	United States
6368	US	USAF/US Army fiscal-year serial	41-20952	Ryan	PT-22	United States
6950	US	N-number	N22AL	Ryan	PT-22	United States
7522	US	US registration (maker is not a UK airframe builder)	N7082	Ryan	PT-22	United States
7663	US	N-number	N46220	Ryan	PT-22	United States
7799	US	N-number	N46741	Ryan	PT-22	United States
8537	US	USAF/US Army fiscal-year serial	41-20995	Ryan	PT-22	United States
10594	US	N-number	N57026	Ryan Aeronautical	PT-22	United States
14433	US	USAF/US Army fiscal-year serial	41-15687	Ryan	PT-22	United Kingdom
24039	US	N-number	N49049	Ryan	PT-22	United States
24937	US	USAF/US Army fiscal-year serial	41-1987	Ryan	PT-22	United States
26351	US	USAF/US Army fiscal-year serial	41-20652	Ryan	PT-22	United States
26864	US	N-number	N57184	Ryan	PT-22	United States
26884	US	USAF/US Army fiscal-year serial	41-1902	Ryan	PT-22	United States
26910	US	USAF/US Army fiscal-year serial	41-15225	Ryan	PT-22	United States
27309	US	N-number	N50880	Ryan	PT-22	United States
25100	US	USAF/US Army fiscal-year serial	42-57492	Ryan	PT-22A	United States
373	US	USAF/US Army fiscal-year serial	42-49354	Fairchild	PT-23	United States
24044	US	N-number	N50024	Fairchild	PT-23	United States
24049	US	N-number	N3925M	Fairchild	PT-23	United States
26352	US	USAF/US Army fiscal-year serial	42-49268	Fairchild	PT-23	United States
7661	US	N-number	N64176	Fairchild	PT-23A	United States
24045	US	N-number	N5427N	Fairchild	PT-23A	United States
6706	US	N-number	N5519N	Fairchild	PT-26	United States
6951	US	N-number	N4732G	Fairchild	PT-26	United States
7214	US	N-number	N58810	Fairchild	PT-26	United States
23166	NO	LN- registration	LN-BIO	Fairchild	PT-26	Norway
24050	US	N-number	N60651	Fairchild	PT-26	United States
26863	GB	RAF two-letter serial	FH950	Fairchild	PT-26	United States
7792	US	N-number	N91095	Fairchild	PT-26A	United States
24566	US	N-number	N1132N	Fairchild	PT-26A	United States
20793	GB	RAF two-letter serial	FV725	Fairchild Aircraft Ltd	PT-26A Cornell II	Canada
24434	US	N-number	N1321V	Fairchild	PT-26B	United States
20677	CA	CF- registration	CF-FLY	Fairchild Aircraft Ltd	PT-26Cornell	Canada
20843	GB	RAF two-letter serial	FV720	Fairchild	PT-26Cornell II	Canada
21034	GB	RAF two-letter serial	FV688	Fairchild	PT-26Cornell II	Canada
21261	GB	RAF two-letter serial	FX192	Fairchild Aircraft Ltd	PT-26Cornell II	Canada
21371	GB	RAF two-letter serial	FV705	Fairchild Aircraft Ltd	PT-26Cornell II	Canada
20716	GB	RAF two-letter serial	FV702	Fairchild	PT-26Cornell Mk II	Canada
23416	NO	LN- registration	LN-BIF	Fairchild	PT-26FA	Denmark
15606	US	USAF/US Army fiscal-year serial	42-15662	Boeing-Stearman	PT-27	United Kingdom
27240	US	N-number	N77AA	Boeing	PT-27	United States
21471	US	USAF/US Army fiscal-year serial	42-15736	Boeing	PT-27Kaydet	Canada
5893	US	N-number	N275N	Lincoln	PT-K	United States
15982	GB	RAF pre-war single-letter serial	J8067	Westland	Pterodactyl Mk Ia	United Kingdom
10498	US	N-number	N895K	Alfaro	PTG-2	United States
7880	US	N-number	N62817	Aero Designs	Pulsar-582	United States
16376	GB	RAF two-letter serial	XW222	Westland	Puma HC.1	United Kingdom
14978	GB	RAF two-letter serial	XW223	Aerospatiale	Puma HC.1	United Kingdom
15525	GB	RAF two-letter serial	XW208	Aerospatiale	Puma HC.1	United Kingdom
15661	GB	RAF two-letter serial	ZA937	Aerospatiale	Puma HC.1	United Kingdom
15931	GB	RAF two-letter serial	XW210	Aerospatiale	Puma HC.1	United Kingdom
16277	GB	RAF two-letter serial	XW202	Aerospatiale	Puma HC.1	United Kingdom
16443	GB	RAF two-letter serial	ZE449	Aerospatiale	Puma HC.1	United Kingdom
16135	GB	RAF two-letter serial	XW209	Aerospatiale	Puma HC.2	United Kingdom
14236	GB	British serial (maker is a UK airframe builder)	N5195	Sopwith	Pup	United Kingdom
14896	GB	British serial (maker is a UK airframe builder)	N6452	Sopwith	Pup	United Kingdom
15835	GB	British serial (maker is a UK airframe builder)	N5182	Sopwith	Pup	United Kingdom
16046	GB	G- registration	G-EBKY	Sopwith	Pup	United Kingdom
20220	US	N-number	N98LM	Sopwith	Pup	United States
22245	GB	RAF pre-war single-letter serial	D4170	Sopwith	Pup	Australia
7780	US	N-number	N41PP	Prescott	Pusher	United States
9722	US	US registration (maker is not a UK airframe builder)	N1496	Pruett	Pusher	United States
5885	US	N-number	N24034	Curtiss	Pusher A-1	United States
24675	US	N-number	N4720G	Thomas	Pusher Model E	United States
15556	AU	VH- registration	VH-UQB	de Havilland	Puss Moth DH.80A	United Kingdom
3084	US	N-number	N183PL	Lockheed	PV-1	United States
22142	AU	RAAF A-series serial	A59-96	Lockheed	PV-1	Australia
22269	AU	VH- registration	VH-SFF	Lockheed	PV-1	Australia
20264	US	N-number	N7265C	Lockheed	PV-2	United States
10424	US	N-number	N83L	Lockheed	PV-2D	United States
24518	US	N-number	N737BS	PZL-Swidnik	PW-5	United States
23764	IS	TF- registration	TF-PZL	PZL	PZL-101A	Iceland
19693	TR	TC- registration	TC-ECL	PZL	PZL-104-35A	Turkey
19854	TR	TC- registration	TC-ECU	PZL	PZL-104-35A	Turkey
17464	DE	DDR- registration	DDR-VPT	PZL-Warszawa	PZL-104Wilga 35A	Germany
17759	DE	D- registration	D-EOXS	PZL-Warszawa	PZL-104Wilga 35A	Germany
18116	PL	SP- registration	SP-EBA	PZL-Okęcie	PZL-104Wilga 35A	Germany
17726	DE	DDR- registration	DDR-TED	PZL-Mielec	PZL-106Kruk	Germany
7152	US	N-number	N14307	Moss	QED	United States
3883	US	N-number	N1387J	Aerosport	Quail	United States
11219	BR	PT- registration	PT-CXQ	Beechcraft	Queen Air	Brazil
13638	IN	VT- registration	VT-DOQ	Beechcraft	Queen Air-65	India
18074	UG	5X- registration	5X-SEM	Beechcraft	Queen Air-80	Germany
14686	GB	RAF two-letter serial	LF789	de Havilland	Queen Bee	United Kingdom
7881	US	N-number	N1176L	Rutan	Quickie	United States
5249	US	N-number	N80EB	Rutan	Quickie	United States
10482	US	N-number	N5588L	Rutan	Quickie	United States
16714	DE	D- registration	D-EEWQ	Rutan	Quickie	Germany
17431	DE	D- registration	D-EGWW	Rutan	Quickie	Germany
21160	CA	C-F/G registration	C-GGLC	Rutan	Quickie	Canada
25109	US	N-number	N175HM	Rutan	Quickie	United States
20653	CA	C-F/G registration	C-GTDJ	Quickie Aircraft	Quickie-1	Canada
20512	CA	C-F/G registration	C-GTDV	Rutan	Quickie Q2	Canada
20900	CA	C-F/G registration	C-GRNI	Rutan	Quickie Q2	Canada
15508	GB	G- registration	G-MJDW	Eipper	Quicksilver MX	United Kingdom
26072	US	N-number	N614K	Travel Air	R	United States
24521	US	N-number	N18134	Ross	R-1	United States
25066	US	N-number	N14215	Rider	R-3	United States
5169	US	USAF/US Army fiscal-year serial	43-46506	Sikorsky	R-4B	United States
9764	US	USAF/US Army fiscal-year serial	43-46592	Sikorsky	R-4B	United States
15765	GB	RAF two-letter serial	KL110	Sikorsky	R-4B	United Kingdom
25052	US	USAF/US Army fiscal-year serial	43-46503	Sikorsky	R-4B	United States
21146	US	USAF/US Army fiscal-year serial	43-46565	Sikorsky	R-4B Hoverfly	Canada
9765	US	USAF/US Army fiscal-year serial	43-46645	Sikorsky	R-5A	United States
24520	US	N-number	N34H	Ross	R-6	United States
5168	US	USAF/US Army fiscal-year serial	43-45379	Sikorsky	R-6A	United States
9795	US	USAF/US Army fiscal-year serial	43-45473	Sikorsky	R-6A	United States
23904	US	N-number	N75610	Sikorsky	R-6A	United States
10471	US	N-number	N34TM	Fisher	R-80	United States
21789	AU	VH- registration	VH-MVB	Victa	R.101	Australia
21991	AU	VH- registration	VH-MVR	Victa	R.2	Australia
5920	US	US registration (maker is not a UK airframe builder)	N9360	Hegy	R.C.H.I.	United States
12924	CL	CC- registration	CC-KSL	Cessna	R182RG	Chile
9089	TH	HS- registration	HS-TZJ	Robinson	R22	Thailand
16381	GB	G- registration	G-RENT	Robinson	R22	United Kingdom
19803	TR	TC- registration	TC-TBM	Robinson	R22	Turkey
22672	NZ	ZK- registration	ZK-IMG	Robinson	R22	New Zealand
21732	AU	VH- registration	VH-NDT	Robinson	R22Alpha	Australia
22155	AU	VH- registration	VH-SBQ	Robinson Helicopter	R22Beta	Australia
22581	NZ	ZK- registration	ZK-HDB	Robinson	R22Beta	New Zealand
15071	GB	G- registration	G-OTED	Robinson	R22HP	United Kingdom
22156	AU	VH- registration	VH-RMN	Robinson Helicopter	R44Raven	Australia
21733	AU	VH- registration	VH-HUS	Robinson	R44Raven I	Australia
22582	NZ	ZK- registration	ZK-HQV	Robinson	R44Raven II	New Zealand
24061	US	N-number	N229GB	Douglas	R4D-6	United States
7437	US	N-number	N151ZE	Douglas	R4D-6S	United States
368	US	USAF/US Army fiscal-year serial	44-9137	Douglas	R5D-4	United States
18913	FR	F- registration	F-PJCN	Adam	RA-14	France
18849	FR	F- registration	F-PEVV	Adam	RA-14	France
18850	FR	F- registration	F-PHZC	Adam	RA-15	France
5246	US	N-number	N7234U	Rotary Air Force	RAF 2000GTX	United States
15070	GB	G- registration	G-CBIT	Rotary Air Force	RAF-2000GTX-SE	United Kingdom
5364	FR	F- registration	F-ZWRE	Dassault	Rafale A	France
9766	US	USAF/US Army fiscal-year serial	95-00001	Boeing Sikorsky	RAH-66	United States
9817	US	USAF/US Army fiscal-year serial	94-0327	Boeing Sikorsky	RAH-66	United States
9833	US	USAF/US Army fiscal-year serial	23-2500	Sikorsky	Raider X	United States
16390	GB	G- registration	G-MBJV	Rotec	Rally-2B	United Kingdom
7867	US	N-number	N83RE	Rotec	Rally 3	United States
20963	CA	CF- registration	CF-ABQ	Curtiss-Reid	Rambler	Canada
10398	US	N-number	N63TH	Hansen	Ranger	United States
7557	US	N-number	N204NA	Rockwell	Ranger 2000	United States
18845	FR	F- registration	F-PYIO	Saint-Germain	Raz Mut	France
7935	US	USAF/US Army fiscal-year serial	44-35596	Douglas	RB-26C	United States
360	US	USAF/US Army fiscal-year serial	51-13730	Convair	RB-36H	United States
8273	US	USAF/US Army fiscal-year serial	48-0017	North American	RB-45C	United States
7570	US	USAF/US Army fiscal-year serial	53-4257	Boeing	RB-47E	United States
10127	US	USAF/US Army fiscal-year serial	53-4296	Boeing	RB-47H	United States
6538	US	USAF/US Army fiscal-year serial	52-1492	Martin	RB-57A	United States
7409	US	USAF/US Army fiscal-year serial	52-1482	Martin	RB-57A	United States
24723	US	USAF/US Army fiscal-year serial	52-1459	Martin	RB-57A	United States
25038	US	USAF/US Army fiscal-year serial	52-1488	Glenn L. Martin	RB-57A	United States
25462	US	USAF/US Army fiscal-year serial	52-1467	Martin	RB-57A	United States
25463	US	USAF/US Army fiscal-year serial	52-1446	Martin	RB-57A	United States
26406	US	USAF/US Army fiscal-year serial	52-1485	Martin	RB-57A	United States
26439	US	USAF/US Army fiscal-year serial	52-1426	Martin	RB-57A	United States
7895	US	USAF/US Army fiscal-year serial	52-1480	Martin	RB-57B	United States
5094	US	USAF/US Army fiscal-year serial	53-3982	Martin	RB-57D	United States
4163	US	USAF/US Army fiscal-year serial	53-0475	Douglas	RB-66B	United States
18182	FR	F- registration	F-PYND	Lisiewicz	RC-01	France
9841	US	USAF/US Army fiscal-year serial	80-23376	Beechcraft	RC-12D	United States
24186	US	USAF/US Army fiscal-year serial	83-24314	Beechcraft	RC-12H	United States
3892	US	USAF/US Army fiscal-year serial	85-0148	Beechcraft	RC-12K	United States
6366	US	N-number	N6481K	Republic	RC-3	United States
6594	US	N-number	N781RD	Republic	RC-3	United States
7974	US	N-number	N6255K	Republic	RC-3	United States
9691	US	N-number	N6537K	Republic	RC-3	United States
10591	US	N-number	N6048K	Republic	RC-3	United States
19482	US	N-number	N6564K	Republic	RC-3	Israel
24083	US	N-number	N6202K	Republic	RC-3	United States
24312	US	N-number	N6461K	Republic	RC-3	United States
25103	US	N-number	N6705K	Republic	RC-3	United States
27275	US	N-number	N66CB	Republic	RC-3	United States
17633	US	N-number	N87493	Republic	RC-3Seabee	Germany
20505	CA	C-F/G registration	C-FJLC	Republic	RC-3Seabee	Canada
20630	CA	CF- registration	CF-DKG	Republic	RC-3Seabee	Canada
21264	CA	C-F/G registration	C-GCEK	Republic	RC-3Seabee	Canada
23711	FI	OH- registration	OH-EGA	Republic	RC-3Seabee	Finland
6345	US	N-number	N711WH	Murphy	Rebel	United States
15397	GB	RAF two-letter serial	FK877	Stinson	Reliant	United Kingdom
7125	US	N-number	N18422	Stinson	Reliant SR-9F	United States
26373	US	N-number	N366WS	Murphy	Renegade Spirit	United States
4432	US	USAF/US Army fiscal-year serial	56-0214	McDonnell	RF-101C	United States
8682	US	USAF/US Army fiscal-year serial	56-0112	McDonnell	RF-101C	United States
8683	US	USAF/US Army fiscal-year serial	56-0130	McDonnell	RF-101C	United States
20154	US	USAF/US Army fiscal-year serial	56-0231	McDonnell	RF-101C	United States
24477	US	USAF/US Army fiscal-year serial	56-0185	McDonnell	RF-101C	United States
24954	US	USAF/US Army fiscal-year serial	56-0229	McDonnell	RF-101C	United States
25924	US	USAF/US Army fiscal-year serial	56-0099	McDonnell	RF-101C	United States
26139	US	USAF/US Army fiscal-year serial	56-0125	McDonnell	RF-101C	United States
26170	US	USAF/US Army fiscal-year serial	56-0228	McDonnell	RF-101C	United States
26252	US	USAF/US Army fiscal-year serial	56-0068	McDonnell	RF-101C	United States
26268	US	USAF/US Army fiscal-year serial	56-0217	McDonnell	RF-101C	United States
26398	US	USAF/US Army fiscal-year serial	56-0048	McDonnell	RF-101C	United States
20098	US	USAF/US Army fiscal-year serial	56-0011	McDonnell	RF-101H	United States
26235	US	USAF/US Army fiscal-year serial	56-0001	McDonnell	RF-101H	United States
22409	AU	RAAF A-series serial	A8-134	General Dynamics	RF-111C	Australia
18777	FR	F- registration	F-BMTS	Fournier	RF-3	France
5252	US	N-number	N116XD	Saab	RF-35XD	United States
156	US	USAF/US Army fiscal-year serial	63-7746	McDonnell Douglas	RF-4C	United States
850	US	USAF/US Army fiscal-year serial	64-1004	McDonnell	RF-4C	United States
6543	US	USAF/US Army fiscal-year serial	66-0469	McDonnell Douglas	RF-4C	United States
6605	US	USAF/US Army fiscal-year serial	69-0350	McDonnell Douglas	RF-4C	United States
7435	US	USAF/US Army fiscal-year serial	67-0444	McDonnell Douglas	RF-4C	United States
7455	US	USAF/US Army fiscal-year serial	68-0570	McDonnell Douglas	RF-4C	United States
7462	US	USAF/US Army fiscal-year serial	64-1000	McDonnell	RF-4C	United States
8240	US	USAF/US Army fiscal-year serial	64-0998	McDonnell	RF-4C	United States
8267	US	USAF/US Army fiscal-year serial	65-0903	McDonnell Douglas	RF-4C	United States
8686	US	USAF/US Army fiscal-year serial	65-0941	McDonnell	RF-4C	United States
8687	US	USAF/US Army fiscal-year serial	66-0384	McDonnell	RF-4C	United States
9637	US	USAF/US Army fiscal-year serial	63-7745	McDonnell	RF-4C	United States
10142	US	USAF/US Army fiscal-year serial	67-0452	McDonnell	RF-4C	United States
10214	US	USAF/US Army fiscal-year serial	69-0372	McDonnell Douglas	RF-4C	United States
25928	US	USAF/US Army fiscal-year serial	63-7748	McDonnell	RF-4C	United States
26046	US	USAF/US Army fiscal-year serial	62-12201	McDonnell	RF-4C	United States
26236	US	USAF/US Army fiscal-year serial	64-1081	McDonnell	RF-4C	United States
26251	US	USAF/US Army fiscal-year serial	67-0438	McDonnell Douglas	RF-4C	United States
26830	US	USAF/US Army fiscal-year serial	64-1061	McDonnell	RF-4C	United States
19664	US	USAF/US Army fiscal-year serial	69-7522	McDonnell Douglas	RF-4E	Turkey
19714	US	USAF/US Army fiscal-year serial	69-7490	McDonnell Douglas	RF-4E	Turkey
19741	US	USAF/US Army fiscal-year serial	69-7465	McDonnell Douglas	RF-4E	Turkey
19794	US	USAF/US Army fiscal-year serial	69-7503	McDonnell Douglas	RF-4E	Turkey
19808	US	USAF/US Army fiscal-year serial	69-7489	McDonnell Douglas	RF-4E	Turkey
19809	US	USAF/US Army fiscal-year serial	69-7530	McDonnell Douglas	RF-4E	Turkey
19814	US	USAF/US Army fiscal-year serial	69-7501	McDonnell Douglas	RF-4E	Turkey
19902	US	USAF/US Army fiscal-year serial	69-7478	McDonnell Douglas	RF-4E	Turkey
20007	US	USAF/US Army fiscal-year serial	69-7448	McDonnell Douglas	RF-4E	Turkey
20040	US	USAF/US Army fiscal-year serial	69-7473	McDonnell Douglas	RF-4E	Turkey
20068	US	USAF/US Army fiscal-year serial	69-7458	McDonnell Douglas	RF-4E	Turkey
5244	US	USAF/US Army fiscal-year serial	51-1944	Republic	RF-84F	United States
7304	US	USAF/US Army fiscal-year serial	51-11293	Republic	RF-84F	United States
7626	US	USAF/US Army fiscal-year serial	53-7604	Republic	RF-84F	United States
8197	US	USAF/US Army fiscal-year serial	53-7560	Republic	RF-84F	United States
8239	US	USAF/US Army fiscal-year serial	51-11259	Republic	RF-84F	United States
8242	US	USAF/US Army fiscal-year serial	51-1929	Republic	RF-84F	United States
8294	US	USAF/US Army fiscal-year serial	52-7251	Republic	RF-84F	United States
9645	US	USAF/US Army fiscal-year serial	52-7409	Republic	RF-84F	United States
19141	US	USAF/US Army fiscal-year serial	53-7577	Republic	RF-84F	France
19674	US	USAF/US Army fiscal-year serial	51-1901	Republic	RF-84F	Turkey
20101	US	USAF/US Army fiscal-year serial	51-11292	Republic	RF-84F	United States
20102	US	USAF/US Army fiscal-year serial	53-7543	Republic	RF-84F	United States
24238	US	USAF/US Army fiscal-year serial	53-7595	Republic	RF-84F	United States
25465	US	USAF/US Army fiscal-year serial	53-7554	Republic	RF-84F	United States
25904	US	USAF/US Army fiscal-year serial	53-7570	Republic	RF-84F	United States
26211	US	USAF/US Army fiscal-year serial	53-7529	Republic	RF-84F	United States
26269	US	USAF/US Army fiscal-year serial	53-7636	Republic	RF-84F	United States
26395	US	USAF/US Army fiscal-year serial	51-1896	Republic	RF-84F	United States
26446	US	USAF/US Army fiscal-year serial	52-7421	Republic	RF-84F	United States
26989	US	USAF/US Army fiscal-year serial	52-7244	Republic	RF-84F	United States
27134	US	USAF/US Army fiscal-year serial	53-7638	Republic	RF-84F	United States
27152	US	USAF/US Army fiscal-year serial	51-1948	Republic	RF-84F	United States
8160	US	USAF/US Army fiscal-year serial	52-7266	Republic	RF-84K	United States
5124	US	USAF/US Army fiscal-year serial	52-4492	North American	RF-86F	United States
26573	US	USAF/US Army fiscal-year serial	62-6421	North American	RF-86F	United States
18784	FR	F- registration	F-PDPZ	Holleville	RH-01	France
10592	US	N-number	N6257T	Schleicher	Rhonbussard	United States
23566	FI	OH- registration	OH-RAA	Schleicher	Rhönbussard	Finland
24522	US	N-number	N79T	Ross-Johnson	RJ-5	United States
14530	IE	EI- registration	EI-RJN	Avro	RJ85	United Kingdom
18792	FR	F- registration	F-PAGT	Leduc	RL-19	France
18892	FR	F- registration	F-WJDT	Leduc	RL-21	France
10444	US	US registration (maker is not a UK airframe builder)	N2545	Breezy	RLU-1	United States
5958	US	N-number	N59Y	Roloff-Unger	RLU-1	United States
7870	US	N-number	N1380E	Roloff-Liposky-Unger	RLU-1	United States
10640	US	N-number	N143Y	Waco	RNF	United States
26147	US	N-number	N11456	Waco	RNF	United States
5287	US	N-number	N6892C	Trautmann	RoadAir	United States
7116	US	N-number	N3277G	Curtiss-Wright	Robin	United States
10522	US	US registration (maker is not a UK airframe builder)	N8332	Curtiss-Wright	Robin	United States
23803	CR	TI- registration	TI-BGZ	Curtiss	Robin	Costa Rica
26362	US	US registration (maker is not a UK airframe builder)	N7912	Curtiss	Robin	United States
5889	US	N-number	N50H	Curtiss-Wright	Robin B-2	United States
6298	US	US registration (maker is not a UK airframe builder)	N9283	Curtiss	Robin C-1	United States
6421	US	N-number	N979K	Curtiss-Robertson	Robin C-1	United States
21206	CA	CF- registration	CF-ALZ	Curtiss-Robertson	Robin C-1	Canada
10523	US	N-number	N511N	Curtiss-Wright	Robin J-1	United States
26117	US	N-number	N41674	Johnson	Rocket-125	United States
16004	GB	G- registration	G-ARSG	Avro	Roe IV	United Kingdom
6172	GB	RAF two-letter serial	HM580	Avro	Rota I	United Kingdom
15740	GB	RAF pre-war single-letter serial	K4232	Avro	Rota I	United Kingdom
16676	DE	D- registration	D-HAGU	Wagner	Rotocar III	Germany
15046	GB	RAF two-letter serial	XE521	Fairey	Rotodyne	United Kingdom
1917	US	N-number	N990RR	Rotary Rocket	Roton ATV	United States
22157	AU	RAAus construction-class registration	10-0281	Seabird Aviation	Rouseabout Mk 3	Australia
24383	US	N-number	N8482U	Schweizer	RP-1	United States
7402	US	USAF/US Army fiscal-year serial	45-57295	Bell	RP-63G	United States
8541	US	N-number	N29375	Waco	RPT	United States
4201	US	USAF/US Army fiscal-year serial	94-3009	General Atomics	RQ-1K	United States
7323	US	USAF/US Army fiscal-year serial	95-3013	General Atomics	RQ-1K	United States
5117	US	USAF/US Army fiscal-year serial	98-2003	Northrop Grumman	RQ-4A	United States
7319	US	USAF/US Army fiscal-year serial	02-2013	Northrop Grumman	RQ-4A	United States
24905	US	USAF/US Army fiscal-year serial	02-2011	Northrop Grumman	RQ-4B	United States
23973	US	N-number	N810TW	Waco	RTO	United States
20206	US	USAF/US Army fiscal-year serial	67-18113	Beechcraft	RU-21A	United States
7695	US	USAF/US Army fiscal-year serial	58-1358	Beechcraft	RU-8D	United States
9842	US	USAF/US Army fiscal-year serial	56-3712	Beechcraft	RU-8D	United States
23963	US	N-number	N1915E	Slingsby	Rumpler C.V	United States
5959	US	N-number	N17RV	Van's Aircraft	RV-3	United States
22536	NZ	ZK- registration	ZK-RVE	Van's Aircraft	RV-3	New Zealand
5960	US	N-number	N14RV	Van's Aircraft	RV-4	United States
22321	AU	VH- registration	VH-NOJ	Van's Aircraft	RV-4	Australia
23767	IS	TF- registration	TF-ART	Van's Aircraft	RV-6	Iceland
24131	US	N-number	N333JA	Van's	RV-6A	United States
10569	US	N-number	N814DP	Van's Aircraft	RV-8	United States
9699	US	US registration (maker is not a UK airframe builder)	N3306	Brothers	RW 152	United States
16881	DE	D- registration	D-EIFF	Rhein-Flugzeugbau	RW 3Multoplan	Germany
17506	DE	D- registration	D-EFTV	Rhein-Flugzeugbau	RW 3Multoplan	Germany
21166	CA	C-F/G registration	C-IGOW	Spectrum	RX-550SB Beaver	Canada
7876	US	N-number	N22RM	Miller	S-1	United States
5938	US	N-number	N442X	Pitts	S-1	United States
5939	US	N-number	N9J	Pitts	S-1	United States
5940	US	N-number	N58J	Pitts	S-1	United States
23220	NO	LN- registration	LN-DAV	Interstate	S-1A	Norway
16385	US	N-number	N80BA	Pitts	S-1A Special	United Kingdom
2008	CA	C-F/G registration	C-FXTT	Pitts	S-1C	United States
5234	US	US registration (maker is not a UK airframe builder)	N6119	Pitts	S-1C	United States
21288	CA	C-F/G registration	C-GRLJ	Pitts	S-1C	Canada
22525	US	N-number	N7BH	Pitts	S-1C	New Zealand
24112	US	N-number	N2AH	Pitts	S-1C	United States
26956	US	N-number	N20P	Pitts	S-1C	United States
15990	GB	G- registration	G-AZPH	Pitts	S-1S	United Kingdom
23751	IS	TF- registration	TF-ABJ	Pitts	S-1S	Iceland
23752	IS	TF- registration	TF-PHG	Pitts	S-1S	Iceland
10552	US	N-number	N40270	Interstate	S-1B-1	United States
5941	US	N-number	N22Q	Pitts	S-2	United States
5274	US	N-number	N3695F	Snow	S-2A	United States
26173	US	N-number	N4982C	Ayres	S-2A	United States
20191	US	N-number	N8114T	Grumman	S-2A	United States
21158	CA	C-F/G registration	C-FAMR	Pitts	S-2A Special	Canada
19529	IL	4X- registration	4X-AWJ	Ayres	S-2D	Israel
19150	FR	F- registration	F-ZBAU	Grumman	S-2F-1	France
18258	FR	F- registration	F-ZBAZ	Grumman	S-2FT	France
19530	IL	4X- registration	4X-AWH	Ayres	S-2RT	Israel
19764	TR	TC- registration	TC-ZMC	Ayres	S-2R-600	Turkey
10550	US	N-number	N573K	Inland	S-300	United States
25054	US	N-number	N803W	Sikorsky	S-39B	United States
10480	US	N-number	N91373	Rans	S-4	United States
24440	US	US registration (maker is not a UK airframe builder)	N4741	Thomas-Morse	S-4B	United States
10627	US	N-number	N3307T	Thomas-Morse	S-4C	United States
20238	US	N-number	N38863	Thomas-Morse	S-4C	United States
22271	AU	RAAF A-series serial	A80-374	Sikorsky	S-51	Australia
25053	US	US registration (maker is not a UK airframe builder)	N5219	Sikorsky	S-51	United States
754	US	N-number	N9433H	Sikorsky	S-52-3	United States
25128	US	USAF/US Army fiscal-year serial	52-7573	Sikorsky	S-55	United States
20902	CA	CF- registration	CF-JTI	Sikorsky	S-55H-19	Canada
24321	US	N-number	N349N	Savoia-Marchetti	S-56B	United States
17064	DE	D- registration	D-HAUD	Sikorsky	S-58C	Germany
16665	DE	Bundeswehr NN+NN	81+09	Sikorsky	S-58H-34G	Germany
17202	DE	Bundeswehr NN+NN	80+34	Sikorsky	S-58H-34G	Germany
17844	DE	Bundeswehr NN+NN	80+73	Sikorsky	S-58H-34G	Germany
17909	DE	D- registration	D-HAUF	Sikorsky	S-58H-34G	Germany
27226	US	US registration (maker is not a UK airframe builder)	N8865	Travel Air	S-6000B	United States
27270	US	US registration (maker is not a UK airframe builder)	N8159	Travel Air	S-6000B	United States
22192	AU	RAAF A-series serial	A25-105	Sikorsky	S-70A-9	Australia
25127	US	N-number	N5415X	Sikorsky	S-76A	United States
19948	TR	TC- registration	TC-HKN	Sikorsky	S-76B	Turkey
16399	GB	G- registration	G-ACUX	Short	S.16Scion I	United Kingdom
22583	NZ	RNZAF serial	NZ4112	Short Brothers	S.25Mk.5	New Zealand
22635	NZ	RNZAF serial	NZ4115	Short Brothers	S.25MR.V	New Zealand
5442	FR	F- registration	F-OBIP	Short	S.25Sandringham 7	France
22636	NZ	ZK- registration	ZK-AMO	Short Brothers	S.45Mk.IV	New Zealand
16065	GB	British serial (maker is a UK airframe builder)	N248	Supermarine	S.6A	United Kingdom
15971	GB	RAF pre-war single-letter serial	S1595	Supermarine	S.6B	United Kingdom
18855	FR	F- registration	F-BGAA	SIPA	S.901	France
7785	US	N-number	N3922D	Royal Aircraft Factory	S.E.5a	United States
8144	US	N-number	N1917J	Royal Aircraft Factory	S.E.5a	United States
8145	US	N-number	N52RT	Royal Aircraft Factory	S.E.5a	United States
9772	US	USAF/US Army fiscal-year serial	18-0012	Royal Aircraft Factory	S.E.5a	United States
15978	GB	G- registration	G-EBIB	Royal Aircraft Factory	S.E.5a	United Kingdom
16042	GB	G- registration	G-EBIA	Royal Aircraft Factory	S.E.5a	United Kingdom
20668	CA	CF- registration	CF-QGL	Royal Aircraft Factory	S.E.5a	Canada
22244	AU	RAAF A-series serial	A2-31	Royal Aircraft Factory	S.E.5a	Australia
25807	US	N-number	N640DH	Royal Aircraft Factory	S.E.5a	United States
26478	US	N-number	N1031G	Royal Aircraft Factory	S.E.5A	United States
20222	US	N-number	N685SE	Royal Aircraft Factory	S.E.5a	United States
20223	US	N-number	N113TS	Royal Aircraft Factory	S.E.5a	United States
20863	CA	C-F/G registration	C-GRJC	Royal Aircraft Factory	S.E.5a	Canada
20864	CA	C-F/G registration	C-FQGM	Royal Aircraft Factory	S.E.5a	Canada
22394	AU	RAAF A-series serial	A2-4	Royal Aircraft Factory	S.E.5a	Australia
26382	US	N-number	N9104A	SPAD	S.VII	United States
3893	US	N-number	N55681	Beechcraft	S18D	United States
6797	US	N-number	N98HP	Strojnik	S2A	United States
7807	US	N-number	N5470C	Grumman	S2F-1	United States
18274	FR	F- registration	F-CAXX	Arsenal	SA 103	France
18275	FR	F- registration	F-CRHI	Arsenal	SA 103	France
22660	NZ	ZK- registration	ZK-HSK	Aerospatiale	SA 315B	New Zealand
20520	CA	C-F/G registration	C-FCAX	Aerospatiale	SA 316Alouette III	Canada
20876	CA	C-F/G registration	C-FCAZ	Aerospatiale	SA 316Alouette III	Canada
21326	CA	CF- registration	CF-CAW	Aerospatiale	SA 316Alouette III	Canada
5313	FR	F- registration	F-ZBAN	Aérospatiale	SA 316B	France
16685	DE	D- registration	D-HBJI	Sud Aviation	SA 318C Alouette II	Germany
22497	EC	HC- registration	HC-BKU	Aerospatiale	SA 319B	New Zealand
18499	FR	F- registration	F-XCCI	Sud Aviation	SA 321Gb	France
16616	SD	ST- registration	ST-AXU	Aérospatiale	SA 330J Puma	Germany
18272	FR	F- registration	F-GCQR	Aérospatiale	SA 365C-3	France
16617	DE	D- registration	D-HAAK	Aérospatiale	SA 365C3 Dauphin	Germany
2859	US	N-number	N163G	Stolp-Adams	SA-100	United States
18783	FR	F- registration	F-CRDO	Guerchais-Roche	SA-104	France
23933	US	USAF/US Army fiscal-year serial	49-0082	Grumman	SA-16A	United States
1059	US	USAF/US Army fiscal-year serial	51-7254	Grumman	SA-16B	United States
21989	US	N-number	N224HR	Swearingen	SA-226T	Australia
22164	AU	VH- registration	VH-BPV	Swearingen Aircraft	SA-226TC	Australia
21159	CA	C-F/G registration	C-FRAD	Stits	SA-3A Playboy	Canada
23733	IS	TF- registration	TF-SIF	Aérospatiale	SA-365N-1	Iceland
7236	US	N-number	N808JR	Stolp	SA-500	United States
21284	CA	CF- registration	CF-OWA	Stits	SA-7D Skycoupe	Canada
14142	CI	TU- registration	TU-VAP	Aérospatiale	SA.330C	Côte d'Ivoire
14844	GB	RAF two-letter serial	XW241	Aerospatiale	SA.330E	United Kingdom
14143	CI	TU- registration	TU-VAV	Aérospatiale	SA.365C2	Côte d'Ivoire
16400	GB	G- registration	G-AKLW	Short	SA.6Sealand	United Kingdom
11609	AR	LQ- registration	LQ-MLV	Fairchild Swearingen	SA226TC	Argentina
7238	US	N-number	N566UP	Fairchild Swearingen	SA227	United States
14518	DE	Bundeswehr NN+NN	75+48	Sud Aviation	SA318C	United Kingdom
15017	FR	F- registration	F-WQAP	Aerospatiale	SA365N	United Kingdom
26779	AU	RAAF A-series serial	A94-916	Commonwealth Aircraft Corporation	Sabre-30	United States
15866	GB	RAF two-letter serial	XB812	Canadair	Sabre F.4	United Kingdom
25186	US	N-number	N401BD	Baumann	Safari-400	United States
16064	GB	RAF two-letter serial	JM715	Short	Sandringham Mk IV	United Kingdom
9835	US	N-number	N100FV	Sikorsky Boeing	SB-1	United States
26464	US	US registration (maker is not a UK airframe builder)	NC857	Stinson	SB-1	United States
8427	US	USAF/US Army fiscal-year serial	44-61671	Boeing	SB-29	United States
16363	GB	RAF two-letter serial	WG768	Short	SB.5	United Kingdom
3936	GB	RAF two-letter serial	FF443	Brewster	SB2A	United States
6009	GB	RAF two-letter serial	FF860	Brewster	SB2A-1	United States
8043	US	N-number	N75552	Curtiss	SB2C-1A	United States
22159	AU	VH- registration	VH-SBU	Seabird Aviation	SB5E	Australia
22158	AU	VH- registration	VH-SBI	Seabird Aviation	SB5N	Australia
22160	AU	VH- registration	VH-EQN	Seabird Aviation	SB7L-360A3	Australia
8041	US	N-number	N34N	Douglas	SBD-4	United States
24798	US	N-number	N82GA	Douglas	SBD-5	United States
6588	US	N-number	N15UT	PZL-Mielec	SBLim-2	United States
11598	AR	LV- registration	LV-X216	WSK-Mielec	SBLim-2M	Argentina
15975	GB	RAF two-letter serial	XG900	Short Brothers	SC.1	United Kingdom
16398	GB	RAF two-letter serial	XG905	Short	SC.1	United Kingdom
16770	DE	D- registration	D-HBAT	Schneider	Sch-2Fledermaus	Germany
14361	GB	RAF two-letter serial	WT859	Supermarine	Scimitar F.1	United Kingdom
14888	GB	RAF two-letter serial	XD317	Supermarine	Scimitar F.1	United Kingdom
24371	GB	RAF two-letter serial	XD220	Supermarine	Scimitar F1	United States
4015	US	N-number	N6WM	Flaglor	Scooter	United States
8887	MY	9M- registration	9M-ARY	RotorWay	Scorpion	Malaysia
22733	NZ	ZK- registration	ZK-SPH	Sopwith	Scout	New Zealand
14157	GB	RAF two-letter serial	XT638	Westland	Scout AH.1	United Kingdom
14250	GB	RAF two-letter serial	XP847	Westland	Scout AH.1	United Kingdom
14251	GB	RAF two-letter serial	XP910	Westland	Scout AH.1	United Kingdom
14254	GB	RAF two-letter serial	XV127	Westland	Scout AH.1	United Kingdom
14370	GB	RAF two-letter serial	XP899	Westland	Scout AH.1	United Kingdom
14458	GB	RAF two-letter serial	XT633	Westland	Scout AH.1	United Kingdom
14717	GB	RAF two-letter serial	XV122	Westland	Scout AH.1	United Kingdom
14841	GB	RAF two-letter serial	XP848	Westland	Scout AH.1	United Kingdom
15081	GB	RAF two-letter serial	XP165	Westland	Scout AH.1	United Kingdom
15301	GB	RAF two-letter serial	XR635	Westland	Scout AH.1	United Kingdom
15324	GB	RAF two-letter serial	XP854	Westland	Scout AH.1	United Kingdom
15336	GB	RAF two-letter serial	XP855	Westland	Scout AH.1	United Kingdom
15377	GB	RAF two-letter serial	XP895	Westland	Scout AH.1	United Kingdom
15938	GB	RAF two-letter serial	XV141	Westland	Scout AH.1	United Kingdom
16231	GB	RAF two-letter serial	XP902	Westland	Scout AH.1	United Kingdom
16232	GB	RAF two-letter serial	XP905	Westland	Scout AH.1	United Kingdom
16239	GB	RAF two-letter serial	XV139	Westland	Scout AH.1	United Kingdom
16379	GB	RAF two-letter serial	XV136	Westland	Scout AH.1	United Kingdom
16413	GB	RAF two-letter serial	XV123	Westland	Scout AH.1	United Kingdom
16435	GB	RAF two-letter serial	XT617	Westland	Scout AH.1	United Kingdom
17388	GB	RAF two-letter serial	XR597	Westland	Scout AH.1	Germany
17389	GB	RAF two-letter serial	XW799	Westland	Scout AH.1	Germany
14901	GB	British serial (maker is a UK airframe builder)	N5419	Bristol	Scout D	United Kingdom
7129	US	N-number	N18900	Ryan	SCW-145	United States
15429	GB	G- registration	G-OGIL	Short	SD3-30-200	United Kingdom
27008	US	N-number	N94KL	Velocity	SE	United States
9402	KH	XU- registration	XU-JTB	Sud Aviation	SE 210	Thailand
18944	FR	F- registration	F-RAFG	Sud Aviation	SE 210	France
5459	FR	F- registration	F-GCVL	Sud Aviation	SE 210-12	France
18184	FR	F- registration	F-BTOE	Sud Aviation	SE 210-12	France
18329	FR	F- registration	F-BHRY	Sud Aviation	SE 210Caravelle III	France
23474	SE	SE- registration	SE-DAF	Sud Aviation	SE 210Caravelle III	Finland
18605	FR	F- registration	F-BOHA	Sud-Aviation	SE 210III	France
13202	EC	HC- registration	HC-BDS	Sud Aviation	SE 210VI-N	Ecuador
9082	DE	Bundeswehr NN+NN	75+16	Sud Aviation	SE 3130	Thailand
9083	DE	Bundeswehr NN+NN	75+19	Sud Aviation	SE 3130	Thailand
17736	DE	D- registration	D-HIBE	Sud Aviation	SE 3130Alouette II	Germany
5279	US	N-number	N1001U	Sud Aviation	SE-210	United States
10667	IT	I- registration	I-DABA	Sud Aviation	SE-210VI-N	Uganda
19696	TR	TC- registration	TC-ABA	Sud Aviation	SE.210-10B1R	Turkey
23305	NO	LN- registration	LN-KLH	Sud Aviation	SE.210III	Norway
23412	DK	OY- registration	OY-KRD	Sud Aviation	SE.210III	Denmark
5449	FR	F- registration	F-ZWWE	Sud-Est	SE.3210	France
5450	FR	F- registration	F-ZWTV	Sud-Est	SE.5003	France
15923	GB	RAF two-letter serial	WL732	Boulton Paul	Sea Balliol T.21	United Kingdom
9717	US	N-number	N667RR	Ross	Sea Bird-1	United States
15380	GB	RAF two-letter serial	XK896	de Havilland	Sea Devon C.20	United Kingdom
16118	GB	RAF two-letter serial	XK895	de Havilland	Sea Devon C.20	United Kingdom
24009	US	US registration (maker is not a UK airframe builder)	N9735	Rogers	Sea Eagle RBX	United States
6219	GB	RAF two-letter serial	SR661	Hawker	Sea Fury FB.11	United Kingdom
14814	GB	RAF two-letter serial	VX653	Hawker	Sea Fury FB.11	United Kingdom
14875	GB	RAF two-letter serial	WJ231	Hawker	Sea Fury FB.11	United Kingdom
15211	GB	RAF two-letter serial	VW589	Hawker	Sea Fury FB.11	United Kingdom
15389	GB	RAF two-letter serial	VR930	Hawker	Sea Fury FB.11	United Kingdom
20283	US	N-number	N60SF	Hawker	Sea Fury FB.11	United States
21088	GB	RAF two-letter serial	TG119	Hawker	Sea Fury FB.11	Canada
21527	GB	RAF two-letter serial	WG565	Hawker	Sea Fury FB.11	Canada
21787	GB	RAF two-letter serial	VW647	Hawker	Sea Fury FB.11	Australia
21977	GB	RAF two-letter serial	WG630	Hawker	Sea Fury FB.11	Australia
22402	GB	RAF two-letter serial	VX730	Hawker	Sea Fury FB.11	Australia
7102	GB	RAF two-letter serial	WJ288	Hawker	Sea Fury Mk 10	United States
17624	GB	RAF two-letter serial	WG655	Hawker	Sea Fury TT.20	Germany
14908	GB	British serial (maker is a UK airframe builder)	N5518	Gloster	Sea Gladiator Mk II	United Kingdom
14895	GB	RAF two-letter serial	XZ499	British Aerospace	Sea Harrier F/A.2	United Kingdom
15385	GB	RAF two-letter serial	ZD611	British Aerospace	Sea Harrier F/A.2	United Kingdom
15944	GB	RAF two-letter serial	ZD578	British Aerospace	Sea Harrier F/A.2	United Kingdom
15424	GB	RAF two-letter serial	ZD582	British Aerospace	Sea Harrier F/A2	United Kingdom
16096	GB	RAF two-letter serial	ZE697	British Aerospace	Sea Harrier F/A2	United Kingdom
16474	GB	RAF two-letter serial	ZE691	British Aerospace	Sea Harrier F/A2	United Kingdom
14211	GB	RAF two-letter serial	ZD610	British Aerospace	Sea Harrier FA.2	United Kingdom
14388	GB	RAF two-letter serial	XZ457	British Aerospace	Sea Harrier FA.2	United Kingdom
14529	GB	RAF two-letter serial	ZH811	British Aerospace	Sea Harrier FA.2	United Kingdom
14658	GB	RAF two-letter serial	ZH796	British Aerospace	Sea Harrier FA.2	United Kingdom
14824	GB	RAF two-letter serial	ZA175	British Aerospace	Sea Harrier FA.2	United Kingdom
15250	GB	RAF two-letter serial	ZE694	British Aerospace	Sea Harrier FA.2	United Kingdom
15450	GB	RAF two-letter serial	ZA176	British Aerospace	Sea Harrier FA.2	United Kingdom
15641	GB	RAF two-letter serial	ZD607	British Aerospace	Sea Harrier FA.2	United Kingdom
15996	GB	RAF two-letter serial	XZ494	British Aerospace	Sea Harrier FA.2	United Kingdom
16146	GB	RAF two-letter serial	ZA195	British Aerospace	Sea Harrier FA.2	United Kingdom
16317	GB	RAF two-letter serial	XZ459	British Aerospace	Sea Harrier FA.2	United Kingdom
19278	GB	RAF two-letter serial	ZH808	British Aerospace	Sea Harrier FA.2	Cyprus
20838	GB	RAF two-letter serial	ZD615	British Aerospace	Sea Harrier FA.2	Canada
3940	GB	RAF two-letter serial	ZH810	British Aerospace	Sea Harrier FA2	United States
14900	GB	RAF two-letter serial	XZ493	British Aerospace	Sea Harrier FRS.1	United Kingdom
14912	GB	RAF two-letter serial	WF219	Hawker	Sea Hawk F.1	United Kingdom
15941	GB	RAF two-letter serial	WF225	Hawker	Sea Hawk F.1	United Kingdom
15574	GB	RAF two-letter serial	WF259	Hawker	Sea Hawk F.2	United Kingdom
6216	GB	RAF two-letter serial	WM969	Hawker	Sea Hawk FB.5	United Kingdom
14182	GB	RAF two-letter serial	WF299	Hawker	Sea Hawk FB.5	United Kingdom
14220	GB	RAF two-letter serial	WM961	Hawker	Sea Hawk FB.5	United Kingdom
14966	GB	RAF two-letter serial	WM983	Hawker	Sea Hawk FB.5	United Kingdom
15486	GB	RAF two-letter serial	WM913	Hawker	Sea Hawk FB.5	United Kingdom
16353	GB	RAF two-letter serial	WN108	Hawker	Sea Hawk FB.5	United Kingdom
14362	GB	RAF two-letter serial	WV910	Hawker	Sea Hawk FGA.4	United Kingdom
14759	GB	RAF two-letter serial	WV795	Hawker	Sea Hawk FGA.6	United Kingdom
14885	GB	RAF two-letter serial	WV856	Hawker	Sea Hawk FGA.6	United Kingdom
14921	GB	RAF two-letter serial	XE340	Hawker	Sea Hawk FGA.6	United Kingdom
15241	GB	RAF two-letter serial	XE368	Hawker	Sea Hawk FGA.6	United Kingdom
15249	GB	RAF two-letter serial	WV797	Hawker	Sea Hawk FGA.6	United Kingdom
15390	GB	RAF two-letter serial	WV908	Hawker	Sea Hawk FGA.6	United Kingdom
15624	GB	RAF two-letter serial	WV838	Hawker	Sea Hawk FGA.6	United Kingdom
17107	GB	RAF two-letter serial	WV865	Hawker	Sea Hawk FGA.6	Germany
17310	GB	RAF two-letter serial	XE327	Hawker	Sea Hawk FGA.6	Germany
16386	IE	EI- registration	EI-BUO	Aero Composites	Sea Hawker	United Kingdom
14697	GB	RAF two-letter serial	VX250	de Havilland	Sea Hornet NF.21	United Kingdom
14698	GB	RAF two-letter serial	VW957	de Havilland	Sea Hornet NF.21	United Kingdom
16030	GB	G- registration	G-BKTH	Hawker	Sea Hurricane IB	United Kingdom
20686	GB	RAF two-letter serial	BW862	Hawker	Sea Hurricane Mk IIB	Canada
14309	GB	RAF two-letter serial	AE977	Hawker	Sea Hurricane Mk X	United Kingdom
14938	GB	RAF two-letter serial	XV714	Westland	Sea King ASaC.7	United Kingdom
15130	GB	RAF two-letter serial	XZ588	Westland	Sea King HAR.3	United Kingdom
15131	GB	RAF two-letter serial	XZ597	Westland	Sea King HAR.3	United Kingdom
15143	GB	RAF two-letter serial	ZE368	Westland	Sea King HAR.3	United Kingdom
15352	GB	RAF two-letter serial	XZ592	Westland	Sea King HAR.3	United Kingdom
15423	GB	RAF two-letter serial	XZ590	Westland	Sea King HAR.3	United Kingdom
15656	GB	RAF two-letter serial	XZ587	Westland	Sea King HAR.3	United Kingdom
15725	GB	RAF two-letter serial	XZ585	Westland	Sea King HAR.3	United Kingdom
16478	GB	RAF two-letter serial	XZ589	Westland	Sea King HAR.3	United Kingdom
16479	GB	RAF two-letter serial	ZE369	Westland	Sea King HAR.3	United Kingdom
14217	GB	RAF two-letter serial	XZ575	Westland	Sea King HAS.5	United Kingdom
14941	GB	RAF two-letter serial	XZ574	Westland	Sea King HAS.5	United Kingdom
6260	GB	RAF two-letter serial	XV712	Westland	Sea King HAS.6	United Kingdom
14578	GB	RAF two-letter serial	ZG461	Westland	Sea King HAS.6	United Kingdom
14864	GB	RAF two-letter serial	XV663	Westland	Sea King HAS.6	United Kingdom
15082	GB	RAF two-letter serial	ZA133	Westland	Sea King HAS.6	United Kingdom
15139	GB	RAF two-letter serial	XZ921	Westland	Sea King HAS.6	United Kingdom
15322	GB	RAF two-letter serial	ZA136	Westland	Sea King HAS.6	United Kingdom
16092	GB	RAF two-letter serial	XV659	Westland	Sea King HAS.6	United Kingdom
16242	GB	RAF two-letter serial	XV677	Westland	Sea King HAS.6	United Kingdom
14195	GB	RAF two-letter serial	ZD477	Westland	Sea King HC.4	United Kingdom
14218	GB	RAF two-letter serial	ZD476	Westland	Sea King HC.4	United Kingdom
14726	GB	RAF two-letter serial	ZD480	Westland	Sea King HC.4	United Kingdom
14904	GB	RAF two-letter serial	ZA298	Westland	Sea King HC.4	United Kingdom
14961	GB	RAF two-letter serial	ZG822	Westland	Sea King HC.4	United Kingdom
15133	GB	RAF two-letter serial	ZA314	Westland	Sea King HC.4	United Kingdom
15140	GB	RAF two-letter serial	ZA291	Westland	Sea King HC.4	United Kingdom
15141	GB	RAF two-letter serial	ZA313	Westland	Sea King HC.4	United Kingdom
15142	GB	RAF two-letter serial	ZD625	Westland	Sea King HC.4	United Kingdom
15144	GB	RAF two-letter serial	ZE425	Westland	Sea King HC.4	United Kingdom
15145	GB	RAF two-letter serial	ZE428	Westland	Sea King HC.4	United Kingdom
15146	GB	RAF two-letter serial	ZF121	Westland	Sea King HC.4	United Kingdom
15948	GB	RAF two-letter serial	ZF118	Westland	Sea King HC.4	United Kingdom
16149	GB	RAF two-letter serial	ZD627	Westland	Sea King HC.4	United Kingdom
16418	GB	RAF two-letter serial	ZA299	Westland	Sea King HC.4	United Kingdom
15138	GB	RAF two-letter serial	XV651	Westland	Sea King HU.5	United Kingdom
15943	GB	RAF two-letter serial	XV673	Westland	Sea King HU.5	United Kingdom
16134	GB	RAF two-letter serial	XV647	Westland	Sea King HU.5	United Kingdom
17145	DE	Bundeswehr NN+NN	89+55	Westland	Sea King Mk 41	Germany
17637	DE	Bundeswehr NN+NN	89+61	Westland	Sea King Mk 41	Germany
21914	GB	RAF two-letter serial	JN200	Supermarine	Sea Otter I	Australia
15619	GB	RAF two-letter serial	WF128	Percival	Sea Prince T.1	United Kingdom
14342	GB	RAF two-letter serial	WF118	Percival	Sea Prince T.1	United Kingdom
14914	GB	RAF two-letter serial	WP313	Percival	Sea Prince T.1	United Kingdom
14967	GB	RAF two-letter serial	WP308	Percival	Sea Prince T.1	United Kingdom
15936	GB	RAF two-letter serial	WM735	Percival	Sea Prince T.1	United Kingdom
16081	GB	RAF two-letter serial	WP314	Percival	Sea Prince T.1	United Kingdom
16111	GB	RAF two-letter serial	WP321	Percival	Sea Prince T.1	United Kingdom
16360	GB	RAF two-letter serial	WF122	Percival	Sea Prince T.1	United Kingdom
14854	GB	RAF two-letter serial	XG743	de Havilland	Sea Vampire T.22	United Kingdom
14867	GB	RAF two-letter serial	XA127	de Havilland	Sea Vampire T.22	United Kingdom
14918	GB	RAF two-letter serial	XA129	de Havilland	Sea Vampire T.22	United Kingdom
15189	GB	RAF two-letter serial	XG775	de Havilland	Sea Vampire T.22	United Kingdom
15344	GB	RAF two-letter serial	XA109	de Havilland	Sea Vampire T.22	United Kingdom
14506	GB	RAF two-letter serial	WM571	de Havilland	Sea Venom FAW.21	United Kingdom
15414	GB	RAF two-letter serial	XG680	de Havilland	Sea Venom FAW.21	United Kingdom
15461	GB	RAF two-letter serial	WW217	de Havilland	Sea Venom FAW.21	United Kingdom
14180	GB	RAF two-letter serial	XG737	de Havilland	Sea Venom FAW.22	United Kingdom
14705	GB	RAF two-letter serial	XG730	de Havilland	Sea Venom FAW.22	United Kingdom
14886	GB	RAF two-letter serial	WW138	de Havilland	Sea Venom FAW.22	United Kingdom
15575	GB	RAF two-letter serial	WW145	de Havilland	Sea Venom FAW.22	United Kingdom
14971	GB	RAF two-letter serial	XS587	de Havilland	Sea Vixen D.3	United Kingdom
15391	GB	RAF two-letter serial	XP924	de Havilland	Sea Vixen D.3	United Kingdom
14367	GB	RAF two-letter serial	XJ476	de Havilland	Sea Vixen FAW.1	United Kingdom
14924	GB	RAF two-letter serial	XJ481	de Havilland	Sea Vixen FAW.1	United Kingdom
15631	GB	RAF two-letter serial	XJ482	de Havilland	Sea Vixen FAW.1	United Kingdom
15953	GB	RAF two-letter serial	XJ488	de Havilland	Sea Vixen FAW.1	United Kingdom
6195	GB	RAF two-letter serial	XS576	de Havilland	Sea Vixen FAW.2	United Kingdom
14167	GB	RAF two-letter serial	XN647	de Havilland	Sea Vixen FAW.2	United Kingdom
14498	GB	RAF two-letter serial	XJ494	de Havilland	Sea Vixen FAW.2	United Kingdom
14704	GB	RAF two-letter serial	XJ565	de Havilland	Sea Vixen FAW.2	United Kingdom
14890	GB	RAF two-letter serial	XS590	de Havilland	Sea Vixen FAW.2	United Kingdom
15260	GB	RAF two-letter serial	XN685	de Havilland	Sea Vixen FAW.2	United Kingdom
15261	GB	RAF two-letter serial	XJ579	de Havilland	Sea Vixen FAW.2	United Kingdom
15420	GB	RAF two-letter serial	XN696	de Havilland	Sea Vixen FAW.2	United Kingdom
15462	GB	RAF two-letter serial	XJ560	de Havilland	Sea Vixen FAW.2	United Kingdom
16072	GB	RAF two-letter serial	XJ571	de Havilland	Sea Vixen FAW.2	United Kingdom
16312	GB	RAF two-letter serial	XJ580	de Havilland	Sea Vixen FAW.2	United Kingdom
16440	GB	RAF two-letter serial	XJ575	de Havilland	Sea Vixen FAW.2	United Kingdom
14882	GB	RAF two-letter serial	SX137	Supermarine	Seafire F.17	United Kingdom
27236	US	N-number	N47SF	Supermarine	Seafire FR.47	United States
21528	GB	RAF two-letter serial	PR451	Supermarine	Seafire Mk XV	Canada
22246	GB	RAF two-letter serial	HD874	Supermarine	Seagull V	Australia
6823	US	N-number	N941WB	Slingsby	Sedbergh TX.1	United States
14985	GB	RAF two-letter serial	WB990	Slingsby	Sedbergh TX.1	United Kingdom
15074	GB	RAF two-letter serial	VX275	Slingsby	Sedbergh TX.1	United Kingdom
16191	GB	RAF two-letter serial	WB969	Slingsby	Sedbergh TX.1	United Kingdom
16436	GB	RAF two-letter serial	XN186	Slingsby	Sedbergh TX.1	United Kingdom
16894	DE	D- registration	D-KHOP	Scheibe	SF 28A Tandem-Falke	Germany
23323	NO	LN- registration	LN-GBD	Scheibe	SF-25C	Norway
19733	US	USAF/US Army fiscal-year serial	93-0815	SIAI-Marchetti	SF.260D	Turkey
18914	FR	F- registration	F-CBHK	Schleicher	SG 38	France
18871	FR	F- registration	F-CAJB	Schneider	SG 38	France
23288	NO	LN- registration	LN-GBM	DFS	SG-38	Norway
21322	CA	CF- registration	CF-FGG	Sznycer-Gottlieb	SG-VI D	Canada
24531	US	N-number	N50SZ	Schweizer	SGP 1-1	United States
24532	US	N-number	N91856	Schweizer	SGS 1-21	United States
24533	US	N-number	N91899	Schweizer	SGS 1-23D	United States
24534	US	N-number	N94298	Schweizer	SGS 1-23HM	United States
8178	US	N-number	N91888	Schweizer	SGS 1-24	United States
24535	US	N-number	N91889	Schweizer	SGS 1-26	United States
25564	US	N-number	N5777S	Schweizer	SGS 1-26B	United States
6817	US	N-number	N1155S	Schweizer	SGS 1-26C	United States
25563	US	N-number	N2792Z	Schweizer	SGS 1-26C	United States
24536	US	N-number	N36122	Schweizer	SGS 1-26E	United States
24538	US	N-number	N17900	Schweizer	SGS 1-35	United States
24539	US	N-number	N502NA	Schweizer	SGS 1-36	United States
21677	AU	VH- registration	VH-GDI	Schweizer	SGS 2-12	Australia
24540	US	N-number	N91833	Schweizer	SGS 2-22	United States
6369	US	N-number	N8600R	Schweizer	SGS 2-32	United States
24541	US	N-number	N2767Z	Schweizer	SGS 2-32	United States
10598	US	N-number	N5709S	Schweizer	SGS 2-33	United States
6595	US	N-number	N1179S	Schweizer	SGS 2-33A	United States
10599	US	N-number	N7773S	Schweizer	SGS 2-33A	United States
24543	US	N-number	N10VV	Schweizer	SGS 2-8	United States
2316	US	USAF/US Army fiscal-year serial	42-53018	Schweizer	SGS 2-8	United States
26957	US	N-number	N2708A	Schweizer	SGU-1-20	United States
24544	US	N-number	N91806	Schweizer	SGU 1-19	United States
24546	CA	CF- registration	CF-ZBE	Schweizer	SGU 1-19	United States
6819	US	N-number	N91874	Schweizer	SGU 1-23	United States
6818	US	N-number	N8661R	Schweizer	SGU 1-26A	United States
6820	US	N-number	N17973	Schweizer	SGU 1-34	United States
24548	US	N-number	N61279	Schweizer	SGU 2-12	United States
21338	CA	C-F/G registration	C-FACL	Schweizer	SGU 2-22E	Canada
5881	US	N-number	N2790Z	Schweizer	SGU 2-22EK	United States
22448	NZ	RNZAF serial	NZ3442	Kaman	SH-2F	New Zealand
3879	GB	RAF two-letter serial	WL790	Avro	Shackleton AEW.2	United States
14268	GB	RAF two-letter serial	WR960	Avro	Shackleton AEW.2	United Kingdom
16485	GB	RAF two-letter serial	WR963	Avro	Shackleton AEW.2	United Kingdom
6173	GB	RAF two-letter serial	XF708	Avro	Shackleton MR.3	United Kingdom
14968	GB	RAF two-letter serial	WR982	Avro	Shackleton MR.3	United Kingdom
15448	GB	RAF two-letter serial	WR977	Avro	Shackleton MR.3	United Kingdom
16112	GB	RAF two-letter serial	WR974	Avro	Shackleton MR.3	United Kingdom
14164	GB	RAF two-letter serial	WG511	Avro	Shackleton T.4	United Kingdom
16486	GB	RAF two-letter serial	VP293	Avro	Shackleton T.4	United Kingdom
14257	GB	RAF two-letter serial	XZ795	Northrop	Shelduck D.1	United Kingdom
14372	GB	RAF two-letter serial	XR898	Northrop	Shelduck D.1	United Kingdom
14408	GB	RAF two-letter serial	XR346	Northrop	Shelduck D.1	United Kingdom
14576	GB	RAF two-letter serial	XZ791	Northrop	Shelduck D.1	United Kingdom
14822	GB	RAF two-letter serial	XT581	Northrop	Shelduck D.1	United Kingdom
14934	GB	RAF two-letter serial	XS574	Northrop	Shelduck D.1	United Kingdom
5254	US	N-number	N7732G	Schempp-Hirth	SHK-1	United States
5853	US	N-number	N500RA	North American Rockwell	Shrike Commander-500S	United States
19697	TR	TC- registration	TC-EAF	SIAT	SIAT 223K1	Turkey
19752	TR	TC- registration	TC-EAC	SIAT	SIAT 223K1	Turkey
19831	TR	TC- registration	TC-EAI	SIAT	SIAT 223K1	Turkey
19983	TR	TC- registration	TC-EAN	SIAT	SIAT 223K1	Turkey
14158	GB	RAF two-letter serial	XT827	Westland-Bell	Sioux AH.1	United Kingdom
14253	GB	RAF two-letter serial	XT108	Agusta-Bell	Sioux AH.1	United Kingdom
15020	GB	RAF two-letter serial	XT190	Agusta-Bell	Sioux AH.1	United Kingdom
14757	GB	RAF two-letter serial	XT236	Westland	Sioux AH.1	United Kingdom
14935	GB	RAF two-letter serial	XT176	Westland	Sioux AH.1	United Kingdom
15535	GB	RAF two-letter serial	XT200	Westland	Sioux AH.1	United Kingdom
16237	GB	RAF two-letter serial	XT150	Westland	Sioux AH.1	United Kingdom
16238	GB	RAF two-letter serial	XT242	Westland	Sioux AH.1	United Kingdom
15445	GB	G- registration	G-MNRT	Aviasud	Sirocco	United Kingdom
24512	US	US registration (maker is not a UK airframe builder)	N1003	Niemi	Sisu-1-A	United States
14246	GB	RAF two-letter serial	XL813	Saro	Skeeter AOP.12	United Kingdom
14247	GB	RAF two-letter serial	XL814	Saro	Skeeter AOP.12	United Kingdom
15072	GB	RAF two-letter serial	XL811	Saunders-Roe	Skeeter AOP.12	United Kingdom
15121	GB	RAF two-letter serial	XL736	Saunders-Roe	Skeeter AOP.12	United Kingdom
15122	GB	RAF two-letter serial	XM557	Saunders-Roe	Skeeter AOP.12	United Kingdom
15123	GB	RAF two-letter serial	XN345	Saunders-Roe	Skeeter AOP.12	United Kingdom
15417	GB	RAF two-letter serial	XM555	Saunders-Roe	Skeeter AOP.12	United Kingdom
15513	GB	RAF two-letter serial	XL764	Saunders-Roe	Skeeter AOP.12	United Kingdom
15585	GB	RAF two-letter serial	XL762	Saro	Skeeter AOP.12	United Kingdom
15633	GB	RAF two-letter serial	XL739	Saunders-Roe	Skeeter AOP.12	United Kingdom
15976	GB	RAF two-letter serial	XN344	Saunders-Roe	Skeeter AOP.12	United Kingdom
16074	GB	RAF two-letter serial	XL770	Saro	Skeeter AOP.12	United Kingdom
16225	GB	RAF two-letter serial	XM561	Saunders-Roe	Skeeter AOP.12	United Kingdom
16326	GB	RAF two-letter serial	XM564	Saunders-Roe	Skeeter AOP.12	United Kingdom
16447	GB	RAF two-letter serial	XL765	Saro	Skeeter AOP.12	United Kingdom
16517	GB	RAF two-letter serial	XM553	Saunders-Roe	Skeeter AOP.12	United Kingdom
16666	GB	RAF two-letter serial	XN348	Saunders-Roe	Skeeter AOP.12	Germany
17203	GB	RAF two-letter serial	XM556	Saunders-Roe	Skeeter AOP.12	Germany
17702	GB	RAF two-letter serial	XN339	Saunders-Roe	Skeeter AOP.12	Germany
14880	GB	RAF pre-war single-letter serial	L2940	Blackburn	Skua Mk I	United Kingdom
22614	NZ	ZK- registration	ZK-EYL	Flaglor	Sky Scooter	New Zealand
10647	US	N-number	N1933A	Pietenpol	Sky Scout	United States
22062	US	N-number	N211SB	Clancy	Skybaby	Australia
6625	US	N-number	N360QB	Ebershoff	Skybolt	United States
5277	US	N-number	N13CD	Steen	Skybolt	United States
7885	US	N-number	N120VL	Steen	Skybolt	United States
24116	US	N-number	N827DH	Steen	Skybolt	United States
24382	US	US registration (maker is not a UK airframe builder)	N3834	Stits	Skycoupe	United States
5055	US	N-number	N221SF	Boeing	Skyfox	United States
7243	US	N-number	N32765	Sawyer	Skyjacker	United States
7765	US	N-number	N302V	Watkins	Skylark SL	United States
15488	GB	G- registration	G-MBVE	Hiway	Skytrike	United Kingdom
8767	ID	PK- registration	PK-SLX	Star-Lite	SL-1	Indonesia
24672	US	US registration (maker is not a UK airframe builder)	N1517	Stinson	SM-1B	United States
7124	US	N-number	N11153	Stinson	SM-6000B	United States
3998	US	USAF/US Army fiscal-year serial	59-2406	Douglas	SM-75	United States
10615	US	N-number	N411M	Stinson	SM-8A	United States
5314	FR	F- registration	F-GJAP	Aérospatiale	SN 601	France
23372	DK	OY- registration	OY-SBR	Aerospatiale	SN.601	Denmark
8011	US	N-number	N49265	Beechcraft	SNB-5	United States
18508	FR	F- registration	F-AZHD	North American	SNJ	France
20270	US	N-number	N55729	North American	SNJ -2	United States
20271	US	N-number	N22518	North American	SNJ -4	United States
6616	US	N-number	N676JD	North American	SNJ-3	United States
7100	US	N-number	N696WM	North American	SNJ-3	United States
1864	US	N-number	N6411D	North American	SNJ-4	United States
6928	US	N-number	N7024C	North American	SNJ-4	United States
24054	US	N-number	N24554	North American	SNJ-4B	United States
1863	US	N-number	N89014	North American	SNJ-5	United States
7079	US	N-number	N566TX	North American	SNJ-5	United States
7156	US	N-number	N101X	North American	SNJ-5	United States
8663	US	N-number	N3246G	North American	SNJ-5	United States
20170	US	N-number	N5488V	North American	SNJ-5	United States
24246	US	N-number	N26862	North American	SNJ-5	United States
12969	CO	HK- registration	HK-2049	North American	SNJ-5	Colombia
792	US	N-number	N621BC	North American	SNJ-5C	United States
8052	US	N-number	N9525H	Consolidated Vultee	SNV-1	United States
22161	AU	VH- registration	VH-INP	Sud-Ouest	SO-1221S	Australia
5453	FR	F- registration	F-WGVD	Sud-Ouest	SO.1220	France
23905	US	USAF/US Army fiscal-year serial	57-6106	Sud-Ouest	SO.1221	United States
732	FR	F- registration	F-BRGC	Sud-Ouest	SO.1221S	United States
18330	GB	RAF two-letter serial	FR144	Sud-Ouest	SO.1221S Djinn	France
5451	FR	F- registration	F-WFKY	Sud-Ouest	SO.6000	France
16717	DE	D- registration	D-MXOL	Solar	Solar 1	Germany
893	GB	G- registration	G-AKNP	Short	Solent III	United States
9708	US	N-number	N64RD	Macaro	Sonerai II	United States
24122	US	N-number	N86FF	Monnett	Sonerai II	United States
26368	US	N-number	N78LJ	Monnett	Sonerai II	United States
15767	GB	British serial (maker is a UK airframe builder)	N9899	Supermarine	Southampton I	United Kingdom
12909	CL	CC- registration	CC-CHU	Lockheed	SP-2H	Chile
21982	AU	RAAF A-series serial	A89-281	Lockheed	SP-2H	Australia
21983	AU	RAAF A-series serial	A89-273	Lockheed	SP-2H	Australia
22005	AU	RAAF A-series serial	A89-272	Lockheed	SP-2H	Australia
22006	AU	RAAF A-series serial	A89-302	Lockheed	SP-2H	Australia
22143	AU	RAAF A-series serial	A89-277	Lockheed	SP-2H	Australia
22205	AU	RAAF A-series serial	A89-280	Lockheed	SP-2H	Australia
22268	AU	RAAF A-series serial	A89-275	Lockheed	SP-2H	Australia
21852	AU	RAAus construction-class registration	19-4353	Australian Lightwing	SP-2000TW	Australia
24595	US	N-number	N899W	Ashley	SP-5	United States
17981	DE	D- registration	D-ANAF	Technoavia	SP-91	Germany
24555	US	N-number	N899DC	Windward Performance	SparrowHawk	United States
22490	NZ	ZK- registration	ZK-ABK	Simmonds	Spartan	New Zealand
22589	NZ	ZK- registration	ZK-ABZ	Simmonds	Spartan	New Zealand
23390	DK	OY- registration	OY-AXU	Scheibe	Spatz B	Denmark
26938	US	US registration (maker is not a UK airframe builder)	N1087	Scheibe	Spatz L-55	United States
5897	US	N-number	N12930	Chester	Special	United States
26480	US	US registration (maker is not a UK airframe builder)	N3203	Baker	Special	United States
26942	US	N-number	N64573	Loose	Special	United States
10446	US	N-number	N1337N	Storey	Special No. 2	United States
7781	US	N-number	N1473V	Pretty Prairie	Special III	United States
5280	GB	RAF two-letter serial	MT847	Supermarine	Spitfire	United States
6255	GB	RAF two-letter serial	PK624	Supermarine	Spitfire-22	United Kingdom
16066	GB	RAF two-letter serial	PK683	Supermarine	Spitfire F Mk 24	United Kingdom
15203	GB	RAF two-letter serial	LA198	Supermarine	Spitfire F.21	United Kingdom
21697	GB	RAF two-letter serial	PK481	Supermarine	Spitfire F.22	Australia
6242	GB	RAF two-letter serial	VN485	Supermarine	Spitfire F.24	United Kingdom
15770	GB	RAF two-letter serial	PK724	Supermarine	Spitfire F.24	United Kingdom
14807	GB	RAF two-letter serial	PL258	Supermarine	Spitfire F.IX	United Kingdom
26011	GB	RAF two-letter serial	BL370	Supermarine	Spitfire F.Vb	United States
17255	US	N-number	N280TP	Supermarine	Spitfire F.XVIII	Germany
14320	GB	RAF two-letter serial	RM694	Supermarine	Spitfire FR Mk XIVe	United Kingdom
17515	GB	RAF two-letter serial	MV370	Supermarine	Spitfire FR.XIV	Germany
6247	GB	RAF two-letter serial	MV293	Supermarine	Spitfire FR.XIVE	United Kingdom
14812	GB	RAF two-letter serial	SM845	Supermarine	Spitfire FR.XVIII	United Kingdom
14321	GB	RAF two-letter serial	TA805	Supermarine	Spitfire HF Mk IX	United Kingdom
6246	GB	RAF two-letter serial	MT928	Supermarine	Spitfire HF.VIIIC	United Kingdom
14819	GB	RAF pre-war single-letter serial	X4650	Supermarine	Spitfire I	United Kingdom
6250	GB	British serial (maker is a UK airframe builder)	N3200	Supermarine	Spitfire IA	United Kingdom
14791	GB	RAF two-letter serial	AR213	Supermarine	Spitfire IA	United Kingdom
26583	GB	RAF pre-war single-letter serial	P9306	Supermarine	Spitfire Ia	United States
21085	GB	RAF two-letter serial	NH188	Supermarine	Spitfire LF Mk IX	Canada
14314	GB	RAF two-letter serial	MA764	Supermarine	Spitfire LF Mk IXe	United Kingdom
14316	GB	RAF two-letter serial	ML119	Supermarine	Spitfire LF Mk IXe	United Kingdom
20253	US	N-number	N730MJ	Supermarine	Spitfire LF Mk IXe	United States
20736	GB	RAF two-letter serial	TE214	Supermarine	Spitfire LF Mk XVI	Canada
14322	GB	RAF two-letter serial	TE184	Supermarine	Spitfire LF Mk XVIe	United Kingdom
14324	GB	RAF two-letter serial	TE356	Supermarine	Spitfire LF Mk XVIe	United Kingdom
15567	GB	RAF two-letter serial	TE462	Supermarine	Spitfire LF Mk XVIe	United Kingdom
15769	GB	RAF two-letter serial	RW393	Supermarine	Spitfire LF Mk XVIe	United Kingdom
16268	GB	RAF two-letter serial	TB752	Supermarine	Spitfire LF Mk XVIe	United Kingdom
16442	GB	RAF two-letter serial	JG668	Supermarine	Spitfire LF Mk.VIIIc	United Kingdom
22461	GB	RAF two-letter serial	TE288	Supermarine	Spitfire LF Mk.XVIe	New Zealand
22494	GB	RAF two-letter serial	TE456	Supermarine	Spitfire LF Mk.XVIe	New Zealand
14800	GB	RAF two-letter serial	MJ444	Supermarine	Spitfire LF.IX	United Kingdom
14811	GB	RAF two-letter serial	RK858	Supermarine	Spitfire LF.IX	United Kingdom
15000	GB	RAF two-letter serial	PT879	Supermarine	Spitfire LF.IX	United Kingdom
6245	GB	RAF two-letter serial	MH434	Supermarine	Spitfire LF.IXB	United Kingdom
14801	GB	RAF two-letter serial	ML417	Supermarine	Spitfire LF.IXE	United Kingdom
23297	GB	RAF two-letter serial	MH350	Supermarine	Spitfire LF.IXe	Norway
14797	GB	RAF two-letter serial	JG891	Supermarine	Spitfire LF.VC	United Kingdom
16050	GB	G- registration	G-AWII	Supermarine	Spitfire LF.VC	United Kingdom
5463	GB	RAF two-letter serial	RR263	Supermarine	Spitfire LF.XVI	France
6248	GB	RAF two-letter serial	RN201	Supermarine	Spitfire LF.XVIE	United Kingdom
6249	GB	RAF two-letter serial	RW382	Supermarine	Spitfire LF.XVIE	United Kingdom
14284	GB	RAF two-letter serial	TE311	Supermarine	Spitfire LF.XVIE	United Kingdom
15653	GB	RAF two-letter serial	RW388	Supermarine	Spitfire LF.XVIE	United Kingdom
21698	GB	RAF two-letter serial	TB592	Supermarine	Spitfire LF.XVIe	Australia
14325	GB	RAF pre-war single-letter serial	X4276	Supermarine	Spitfire Mk I	United Kingdom
15171	GB	RAF pre-war single-letter serial	R6915	Supermarine	Spitfire Mk I	United Kingdom
15768	GB	RAF pre-war single-letter serial	X4590	Supermarine	Spitfire Mk I	United Kingdom
15837	GB	RAF pre-war single-letter serial	K9942	Supermarine	Spitfire Mk I	United Kingdom
22163	GB	RAF pre-war single-letter serial	K9787	Supermarine	Spitfire Mk I	Australia
15966	GB	RAF pre-war single-letter serial	P9444	Supermarine	Spitfire Mk Ia	United Kingdom
16267	GB	RAF pre-war single-letter serial	P9337	Supermarine	Spitfire Mk Ia	United Kingdom
14282	GB	RAF pre-war single-letter serial	P7350	Supermarine	Spitfire Mk IIA	United Kingdom
14319	GB	RAF pre-war single-letter serial	P7913	Supermarine	Spitfire Mk IIa	United Kingdom
14751	GB	RAF pre-war single-letter serial	P7540	Supermarine	Spitfire Mk IIa	United Kingdom
21084	GB	RAF pre-war single-letter serial	P8332	Supermarine	Spitfire Mk IIB	Canada
14313	GB	RAF two-letter serial	LZ842	Supermarine	Spitfire Mk IX	United Kingdom
14317	GB	RAF two-letter serial	ML295	Supermarine	Spitfire Mk IX	United Kingdom
16328	GB	RAF two-letter serial	ML427	Supermarine	Spitfire Mk IX	United Kingdom
19000	GB	RAF two-letter serial	ML407	Supermarine	Spitfire Mk IX	France
19780	GB	RAF two-letter serial	TE517	Supermarine	Spitfire Mk IX	Turkey
14283	GB	RAF two-letter serial	AB910	Supermarine	Spitfire Mk VB	United Kingdom
15221	GB	RAF two-letter serial	BL655	Supermarine	Spitfire Mk VB	United Kingdom
15724	GB	RAF two-letter serial	BL614	Supermarine	Spitfire Mk Vb	United Kingdom
14312	GB	RAF two-letter serial	EF545	Supermarine	Spitfire Mk Vc	United Kingdom
22320	AU	RAAF A-series serial	A58-146	Supermarine	Spitfire Mk Vc	Australia
22340	AU	RAAF A-series serial	A58-758	Supermarine	Spitfire Mk VIII	Australia
22341	GB	RAF two-letter serial	TB863	Supermarine	Spitfire Mk XVI	Australia
6474	US	N-number	N521R	Supermarine	Spitfire Mk.IX	United States
5636	GB	RAF two-letter serial	AR614	Supermarine	Spitfire Mk.Vc	United States
1862	GB	RAF two-letter serial	NH749	Supermarine	Spitfire Mk.XIV	United States
6252	GB	RAF two-letter serial	PL983	Supermarine	Spitfire PR.XI	United Kingdom
14808	GB	RAF two-letter serial	PL965	Supermarine	Spitfire PR.XI	United Kingdom
23222	GB	RAF two-letter serial	PL979	Supermarine	Spitfire PR.XI	Norway
14285	GB	RAF two-letter serial	PM631	Supermarine	Spitfire PR.XIX	United Kingdom
14286	GB	RAF two-letter serial	PS915	Supermarine	Spitfire PR.XIX	United Kingdom
15152	GB	RAF two-letter serial	PM651	Supermarine	Spitfire PRXIX	United Kingdom
14310	GB	RAF two-letter serial	BS410	Supermarine	Spitfire T Mk IX	United Kingdom
14315	GB	RAF two-letter serial	MJ627	Supermarine	Spitfire T Mk IX	United Kingdom
14323	GB	RAF two-letter serial	TE308	Supermarine	Spitfire T Mk IX	United Kingdom
14318	GB	RAF two-letter serial	MT818	Supermarine	Spitfire T Mk VIII	United Kingdom
6251	GB	RAF two-letter serial	PV202	Supermarine	Spitfire T.9	United Kingdom
6253	GB	RAF two-letter serial	PT462	Supermarine	Spitfire T.9	United Kingdom
14792	GB	RAF two-letter serial	BS548	Supermarine	Spitfire T.9	United Kingdom
17254	DE	D- registration	D-FMKN	Supermarine	Spitfire T.9	Germany
6243	GB	RAF two-letter serial	BM597	Supermarine	Spitfire VB	United Kingdom
6254	GB	RAF two-letter serial	EP120	Supermarine	Spitfire VB	United Kingdom
6244	GB	RAF two-letter serial	EE602	Supermarine	Spitfire VC	United Kingdom
21453	GB	RAF two-letter serial	SL721	Supermarine	Spitfire XVI	Canada
20511	CA	CF- registration	CF-AWA	Lincoln	Sport	Canada
10334	US	N-number	N13139	Franklin	Sport-90	United States
10542	US	N-number	N13271	Franklin	Sport-90	United States
23934	US	N-number	N10779	Franklin	Sport-90	United States
23957	US	N-number	N10147	Franklin	Sport A	United States
21231	CA	CF- registration	CF-BGQ	Arrow	Sport Model F	Canada
26045	US	N-number	N459RP	Pratt	Sport Spitfire	United States
8355	US	N-number	N15856	Rearwin	Sportster	United States
9705	US	US registration (maker is not a UK airframe builder)	N1099	Holland	SPT FY	United States
21406	CA	CF- registration	CF-AUS	Stinson	SR Junior	Canada
27310	US	N-number	N13482	Stinson	SR Junior	United States
21067	CA	CF- registration	CF-HAW	Stinson	SR Reliant	Canada
25575	US	US registration (maker is not a UK airframe builder)	N2311	Stinson	SR-10F	United States
20577	CA	CF- registration	CF-CAJ	Stinson	SR-10Reliant	Canada
27024	US	N-number	N13872	Stinson	SR-5A	United States
8366	US	N-number	N15112	Stinson	SR-6	United States
23753	IS	TF- registration	TF-AZX	Stinson	SR-7B	Iceland
56	US	USAF/US Army fiscal-year serial	61-7976	Lockheed	SR-71A	United States
105	US	USAF/US Army fiscal-year serial	61-7951	Lockheed Martin	SR-71A	United States
106	US	USAF/US Army fiscal-year serial	61-7956	Lockheed Martin	SR-71A	United States
107	US	USAF/US Army fiscal-year serial	61-7958	Lockheed Martin	SR-71A	United States
108	US	USAF/US Army fiscal-year serial	61-7959	Lockheed Martin	SR-71A	United States
109	US	USAF/US Army fiscal-year serial	61-7960	Lockheed Martin	SR-71A	United States
110	US	USAF/US Army fiscal-year serial	61-7962	Lockheed Martin	SR-71A	United Kingdom
111	US	USAF/US Army fiscal-year serial	61-7963	Lockheed Martin	SR-71A	United States
112	US	USAF/US Army fiscal-year serial	61-7964	Lockheed	SR-71A	United States
113	US	USAF/US Army fiscal-year serial	61-7967	Lockheed Martin	SR-71A	United States
114	US	USAF/US Army fiscal-year serial	61-7968	Lockheed Martin	SR-71A	United States
115	US	USAF/US Army fiscal-year serial	61-7971	Lockheed Martin	SR-71A	United States
116	US	USAF/US Army fiscal-year serial	61-7972	Lockheed Martin	SR-71A	United States
117	US	USAF/US Army fiscal-year serial	61-7973	Lockheed Martin	SR-71A	United States
118	US	USAF/US Army fiscal-year serial	61-7980	Lockheed Martin	SR-71A	United States
119	US	USAF/US Army fiscal-year serial	61-7979	Lockheed Martin	SR-71A	United States
120	US	USAF/US Army fiscal-year serial	61-7975	Lockheed Martin	SR-71A	United States
834	US	USAF/US Army fiscal-year serial	61-7955	Lockheed	SR-71A	United States
7719	US	USAF/US Army fiscal-year serial	61-7961	Lockheed	SR-71A	United States
6534	US	USAF/US Army fiscal-year serial	61-7981	Lockheed	SR-71C	United States
10616	US	N-number	N17119	Stinson	SR-8B	United States
21352	CA	CF- registration	CF-AZV	Stinson	SR-8CM	Canada
24813	US	N-number	N16181	Stinson	SR-8E	United States
27268	US	N-number	N18419	Stinson	SR-9C	United States
20502	CA	CF- registration	CF-OAZ	Stinson	SR-9E Reliant	Canada
20437	CA	C-F/G registration	C-FOAY	Stinson	SR-9FM Reliant	Canada
15909	GB	RAF two-letter serial	XD145	Saunders-Roe	SR.53	United Kingdom
16067	GB	RAF two-letter serial	TG263	Saunders-Roe	SR.A/1	United Kingdom
7120	US	N-number	N20961	Waco	SRE	United States
6806	US	N-number	N4072B	Moore	SS-1	United States
26911	US	N-number	N18902	Ryan	ST A	United States
10593	US	N-number	N17368	Ryan Aeronautical	ST A Special	United States
23426	DK	OY- registration	OY-DAZ	General Aircraft	ST-25	Denmark
20631	CA	C-F/G registration	C-GCML	Saunders	ST-27	Canada
2597	US	N-number	N1381N	Marketello	Stahltaube	United States
18868	FR	F- registration	F-AZIH	Schempp-Hirth	Standard Austria	France
9698	US	N-number	N111JB	Brantley	Starduster-1	United States
17237	DE	D- registration	D-ERAX	Boeing	Stearman A75N1	Germany
14443	GB	RAF two-letter serial	FJ991	Boeing	Stearman PT-27	United Kingdom
15797	GB	RAF two-letter serial	LK488	Short Brothers	Stirling III	United Kingdom
16055	US	US registration (maker is not a UK airframe builder)	N7779	Ryan	STM-2	United Kingdom
22679	NZ	ZK- registration	ZK-BEM	Ryan	STM S-2	New Zealand
22345	AU	VH- registration	VH-RSY	Ryan	STM S2	Australia
5286	US	N-number	N34RJ	TL-Ultralight	Stream	United States
17138	DE	Bundeswehr NN+NN	98+61	Sukhoi	Su-20	Germany
17034	DE	Bundeswehr NN+NN	25+04	Sukhoi	Su-22M4	Germany
17051	DE	Bundeswehr NN+NN	25+06	Sukhoi	Su-22M4	Germany
17065	DE	Bundeswehr NN+NN	25+31	Sukhoi	Su-22M4	Germany
17682	DE	Bundeswehr NN+NN	25+17	Sukhoi	Su-22M4	Germany
17704	DE	Bundeswehr NN+NN	25+13	Sukhoi	Su-22M4	Germany
17910	DE	Bundeswehr NN+NN	25+20	Sukhoi	Su-22M4	Germany
17980	DK	OY- registration	OY-TOR	Sukhoi	Su-22M4	Germany
18017	DE	Bundeswehr NN+NN	25+09	Sukhoi	Su-22M4	Germany
18046	DE	Bundeswehr NN+NN	25+38	Sukhoi	Su-22M4	Germany
17141	DE	Bundeswehr NN+NN	25+52	Sukhoi	Su-22UM-3K	Germany
16772	DE	Bundeswehr NN+NN	25+51	Sukhoi	Su-22UM3K	Germany
17584	DE	Bundeswehr NN+NN	25+48	Sukhoi	Su-22UM3K	Germany
12422	RU	RF- registration	RF-00179	Sukhoi	Su-31M	Russia
6241	GB	RAF two-letter serial	ML796	Short	Sunderland MR.5	United Kingdom
15723	GB	RAF two-letter serial	ML824	Short Brothers	Sunderland MR.5	United Kingdom
21347	CA	CF- registration	CF-AUJ	Fairchild Aircraft Ltd	Super 71	Canada
16558	FR	F- registration	F-GDSG	Aero Spacelines	Super Guppy-377SGT	Germany
16101	FR	F- registration	F-BTGV	Aero Spacelines	Super Guppy Turbine	United Kingdom
10547	US	N-number	N2864A	Heath	Super Parasol	United States
24380	US	N-number	N598K	Heath	Super Parasol	United States
21345	CA	CF- registration	CF-AAM	Fokker	Super Universal	Canada
20625	CA	CF- registration	CF-AJE	Fokker	Super Universal	Canada
26103	US	N-number	N3124V	Pine Air	Super V	United States
26374	US	N-number	N8HH	Haigh	Superstar	United States
23371	DK	OY- registration	OY-DBC	Stampe	SV.4B	Denmark
10797	MA	CN- registration	CN-TUJ	Stampe et Vertongen	SV.4C	Morocco
16912	DE	D- registration	D-EJKA	Stampe et Vertongen	SV.4C	Germany
21545	AU	VH- registration	VH-UUM	British Aircraft Manufacturing	Swallow	Australia
10619	US	US registration (maker is not a UK airframe builder)	N7797	Swallow	Swallow	United States
5989	US	US registration (maker is not a UK airframe builder)	N4028	Swallow	Swallow	United States
10618	US	US registration (maker is not a UK airframe builder)	N6079	Swallow	Swallow	United States
13885	IN	VT- registration	VT-STP	BHEL	Swati	India
16013	GB	G- registration	G-ACTF	Comper	Swift	United Kingdom
14480	GB	RAF two-letter serial	WK198	Supermarine	Swift F.4	United Kingdom
14364	GB	RAF two-letter serial	XF113	Supermarine	Swift F.7	United Kingdom
16071	GB	RAF two-letter serial	XF114	Supermarine	Swift F.7	United Kingdom
16109	GB	RAF two-letter serial	WK277	Supermarine	Swift FR.5	United Kingdom
16307	GB	RAF two-letter serial	WK281	Supermarine	Swift FR.5	United Kingdom
6203	GB	RAF two-letter serial	NF370	Fairey	Swordfish	United Kingdom
16355	GB	RAF two-letter serial	HS503	Fairey	Swordfish II	United Kingdom
21459	GB	RAF two-letter serial	HS554	Fairey	Swordfish IV	Canada
14869	GB	RAF two-letter serial	HS618	Fairey	Swordfish Mk II	United Kingdom
15386	GB	RAF two-letter serial	LS326	Fairey	Swordfish Mk II	United Kingdom
15388	GB	RAF two-letter serial	NF389	Fairey	Swordfish Mk III	United Kingdom
21093	GB	RAF two-letter serial	NS122	Fairey	Swordfish Mk III	Canada
15387	GB	RAF pre-war single-letter serial	W5856	Fairey	Swordfish Mk IV	United Kingdom
20313	GB	RAF two-letter serial	HS469	Fairey	Swordfish Mk IV	Canada
21239	GB	RAF two-letter serial	HS498	Fairey	Swordfish Mk IV	Canada
14752	GB	RAF two-letter serial	WA576	Bristol	Sycamore-3	United Kingdom
14222	GB	RAF two-letter serial	WV781	Bristol	Sycamore HR.12	United Kingdom
15746	GB	RAF two-letter serial	WV783	Bristol	Sycamore HR.12	United Kingdom
14210	GB	RAF two-letter serial	XL824	Bristol	Sycamore HR.14	United Kingdom
14244	GB	RAF two-letter serial	XG502	Bristol	Sycamore HR.14	United Kingdom
15036	GB	RAF two-letter serial	XL829	Bristol	Sycamore HR.14	United Kingdom
15415	GB	RAF two-letter serial	XJ917	Bristol	Sycamore HR.14	United Kingdom
15628	GB	RAF two-letter serial	XG518	Bristol	Sycamore HR.14	United Kingdom
15629	GB	RAF two-letter serial	XG523	Bristol	Sycamore HR.14	United Kingdom
16214	GB	RAF two-letter serial	XE317	Bristol	Sycamore HR.14	United Kingdom
16380	GB	RAF two-letter serial	XJ918	Bristol	Sycamore HR.14	United Kingdom
15455	GB	RAF two-letter serial	WT933	Bristol	Sycamore Mk 3	United Kingdom
16554	DE	D- registration	D-HALC	Bristol	Sycamore Mk 52	Germany
16892	DE	D- registration	D-HELM	Bristol	Sycamore Mk 52	Germany
14352	GB	RAF two-letter serial	WA577	Bristol	Sycamore Mk.3	United Kingdom
15035	GB	G- registration	G-ALSX	Bristol	Sycamore Mk.3	United Kingdom
23631	FI	OH- registration	OH-KCC	SZD	SZD-10bis Czapla	Finland
21689	AU	VH- registration	VH-GYN	SZD	SZD-30	Australia
21686	AU	VH- registration	VH-GNL	SZD	SZD-9bis	Australia
21687	AU	VH- registration	VH-GPH	SZD	SZD-9bis	Australia
17225	DE	D- registration	D-GESZ	Experimental	SZG 10	Germany
7776	US	N-number	N41672	Rawdon	T-1	United States
5972	US	N-number	N455DT	Thorp	T-18	United States
6379	US	N-number	N3BF	Thorp	T-18	United States
7889	US	N-number	N35GW	Thorp	T-18	United States
11026	BR	PP- registration	PP-ZTT	Aerotec	T-23	Brazil
7157	US	N-number	N70743	North American	T-28	United States
170	US	USAF/US Army fiscal-year serial	49-1617	North American	T-28A	United States
171	US	USAF/US Army fiscal-year serial	50-0203	North American	T-28A	United States
5121	US	USAF/US Army fiscal-year serial	49-1494	North American	T-28A	United States
6990	US	USAF/US Army fiscal-year serial	51-7582	North American	T-28A	United States
7041	US	USAF/US Army fiscal-year serial	49-1544	North American	T-28A	United States
7101	US	USAF/US Army fiscal-year serial	51-7789	North American	T-28A	United States
7326	US	USAF/US Army fiscal-year serial	49-1679	North American	T-28A	United States
7331	US	USAF/US Army fiscal-year serial	49-1695	North American	T-28A	United States
7358	US	USAF/US Army fiscal-year serial	49-1682	North American	T-28A	United States
7424	US	USAF/US Army fiscal-year serial	49-1611	North American	T-28A	United States
7585	US	USAF/US Army fiscal-year serial	49-1689	North American	T-28A	United States
7647	US	N-number	N212DP	North American	T-28A	United States
8012	US	N-number	N92TL	North American	T-28A	United States
8508	US	USAF/US Army fiscal-year serial	51-3565	North American	T-28A	United States
10180	US	USAF/US Army fiscal-year serial	49-1663	North American	T-28A	United States
14091	US	USAF/US Army fiscal-year serial	49-1713	North American	T-28A	Saudi Arabia
24926	US	USAF/US Army fiscal-year serial	51-3612	North American	T-28A	United States
26256	US	USAF/US Army fiscal-year serial	51-3734	North American	T-28A	United States
26349	US	USAF/US Army fiscal-year serial	51-7700	North American	T-28A	United States
27021	US	USAF/US Army fiscal-year serial	50-0300	North American	T-28A	United States
9843	US	USAF/US Army fiscal-year serial	53-7747	North American	T-28B	United States
7505	US	N-number	N2800N	North American	T-28C	United States
8045	US	N-number	N928C	North American	T-28C	United States
20281	US	N-number	N99160	North American	T-28D	United States
8253	US	USAF/US Army fiscal-year serial	50-0190	Convair	T-29A	United States
7374	US	USAF/US Army fiscal-year serial	49-1934	Convair	T-29A	United States
3963	US	USAF/US Army fiscal-year serial	51-7906	Convair	T-29B	United States
13305	BO	CP- registration	CP-1356	Convair	T-29B	Bolivia
7423	US	USAF/US Army fiscal-year serial	51-5172	Convair	T-29B	United States
6510	US	USAF/US Army fiscal-year serial	52-1119	Convair	T-29C	United States
7293	US	USAF/US Army fiscal-year serial	52-1175	Convair	T-29C	United States
7337	US	USAF/US Army fiscal-year serial	53-3489	Convair	T-29C	United States
1060	US	USAF/US Army fiscal-year serial	55-3021	Lockheed	T-33	United States
148	US	USAF/US Army fiscal-year serial	58-0513	Lockheed	T-33A	United States
388	US	USAF/US Army fiscal-year serial	58-0629	Lockheed	T-33A	United States
716	US	USAF/US Army fiscal-year serial	53-5205	Lockheed	T-33A	United States
769	US	USAF/US Army fiscal-year serial	53-5850	Lockheed	T-33A	United States
835	US	USAF/US Army fiscal-year serial	58-0669	Lockheed	T-33A	United States
836	US	USAF/US Army fiscal-year serial	52-9846	Lockheed	T-33A	United States
1878	US	USAF/US Army fiscal-year serial	58-0491	Lockheed	T-33A	United States
1899	US	USAF/US Army fiscal-year serial	51-4533	Lockheed	T-33A	United States
2837	US	USAF/US Army fiscal-year serial	53-6001	Lockheed	T-33A	United States
3606	US	N-number	N32GB	Lockheed	T-33A	United States
4198	US	USAF/US Army fiscal-year serial	53-5974	Lockheed	T-33A	United States
4509	US	USAF/US Army fiscal-year serial	51-16992	Lockheed	T-33A	United States
4510	US	USAF/US Army fiscal-year serial	53-6145	Lockheed	T-33A	United States
5697	US	USAF/US Army fiscal-year serial	58-2106	Lockheed	T-33A	United States
5838	US	USAF/US Army fiscal-year serial	53-5226	Lockheed	T-33A	United States
6331	US	USAF/US Army fiscal-year serial	53-5943	Lockheed	T-33A	United States
6530	US	USAF/US Army fiscal-year serial	52-9535	Lockheed	T-33A	United States
6535	US	USAF/US Army fiscal-year serial	51-9271	Lockheed	T-33A	United States
6602	US	USAF/US Army fiscal-year serial	53-5007	Lockheed	T-33A	United States
6656	US	USAF/US Army fiscal-year serial	55-4351	Lockheed	T-33A	United States
6710	US	USAF/US Army fiscal-year serial	58-0503	Lockheed	T-33A	United States
6991	US	USAF/US Army fiscal-year serial	53-5215	Lockheed	T-33A	United States
7038	US	USAF/US Army fiscal-year serial	56-1573	Lockheed	T-33A	United States
7039	US	USAF/US Army fiscal-year serial	57-0606	Lockheed	T-33A	United States
7045	US	USAF/US Army fiscal-year serial	58-0621	Lockheed	T-33A	United States
7203	US	USAF/US Army fiscal-year serial	53-5219	Lockheed	T-33A	United States
7306	US	USAF/US Army fiscal-year serial	51-4300	Lockheed	T-33A	United States
7334	US	USAF/US Army fiscal-year serial	53-6147	Lockheed	T-33A	United States
7360	US	USAF/US Army fiscal-year serial	51-8629	Lockheed	T-33A	United States
7436	US	USAF/US Army fiscal-year serial	52-9233	Lockheed	T-33A	United States
7450	US	USAF/US Army fiscal-year serial	51-4380	Lockheed	T-33A	United States
7451	US	USAF/US Army fiscal-year serial	51-6753	Lockheed	T-33A	United States
7452	US	USAF/US Army fiscal-year serial	51-6656	Lockheed	T-33A	United States
7460	US	USAF/US Army fiscal-year serial	52-9202	Lockheed	T-33A	United States
7461	US	USAF/US Army fiscal-year serial	58-0542	Lockheed	T-33A	United States
7519	US	USAF/US Army fiscal-year serial	58-0633	Lockheed	T-33A	United States
7586	US	USAF/US Army fiscal-year serial	51-4301	Lockheed	T-33A	United States
7618	US	USAF/US Army fiscal-year serial	51-8896	Lockheed	T-33A	United States
7625	US	USAF/US Army fiscal-year serial	51-9080	Lockheed	T-33A	United States
7642	US	USAF/US Army fiscal-year serial	53-6011	Lockheed	T-33A	United States
7705	US	USAF/US Army fiscal-year serial	52-9632	Lockheed	T-33A	United States
7923	US	USAF/US Army fiscal-year serial	53-5998	Lockheed	T-33A	United States
7930	US	USAF/US Army fiscal-year serial	52-9258	Lockheed	T-33A	United States
7962	US	USAF/US Army fiscal-year serial	51-6533	Lockheed	T-33A	United States
8017	US	USAF/US Army fiscal-year serial	57-0587	Lockheed	T-33A	United States
8060	US	USAF/US Army fiscal-year serial	57-0713	Lockheed	T-33A	United States
8187	US	USAF/US Army fiscal-year serial	56-1710	Lockheed	T-33A	United States
8203	US	USAF/US Army fiscal-year serial	51-8880	Lockheed	T-33A	United States
8206	US	USAF/US Army fiscal-year serial	51-9111	Lockheed	T-33A	United States
8207	US	USAF/US Army fiscal-year serial	52-9205	Lockheed	T-33A	United States
8211	US	USAF/US Army fiscal-year serial	53-5882	Lockheed	T-33A	United States
8238	US	USAF/US Army fiscal-year serial	52-9264	Lockheed	T-33A	United States
8262	US	USAF/US Army fiscal-year serial	58-0548	Lockheed	T-33A	United States
8405	US	USAF/US Army fiscal-year serial	52-9446	Lockheed	T-33A	United States
8496	US	USAF/US Army fiscal-year serial	53-5250	Lockheed	T-33A	United States
8553	US	USAF/US Army fiscal-year serial	51-9263	Lockheed	T-33A	United States
8554	US	USAF/US Army fiscal-year serial	51-9766	Lockheed	T-33A	United States
8558	US	USAF/US Army fiscal-year serial	52-9785	Lockheed	T-33A	United States
8633	US	USAF/US Army fiscal-year serial	52-9776	Lockheed	T-33A	United States
8650	US	USAF/US Army fiscal-year serial	57-0586	Lockheed	T-33A	United States
8652	US	USAF/US Army fiscal-year serial	51-16988	Lockheed	T-33A	United States
8654	US	USAF/US Army fiscal-year serial	53-4932	Lockheed	T-33A	United States
8685	US	USAF/US Army fiscal-year serial	53-6008	Lockheed	T-33A	United States
8932	US	USAF/US Army fiscal-year serial	52-9257	Lockheed	T-33A	Philippines
8983	US	USAF/US Army fiscal-year serial	52-9806	Lockheed	T-33A	Philippines
9660	US	USAF/US Army fiscal-year serial	57-0602	Lockheed	T-33A	United States
10138	US	USAF/US Army fiscal-year serial	53-5947	Lockheed	T-33A	United States
10210	US	USAF/US Army fiscal-year serial	51-9086	Lockheed	T-33A	United States
10312	US	USAF/US Army fiscal-year serial	53-5986	Lockheed	T-33A	United States
10318	US	USAF/US Army fiscal-year serial	53-5849	Lockheed	T-33A	United States
10320	US	USAF/US Army fiscal-year serial	53-6026	Lockheed	T-33A	United States
10322	US	USAF/US Army fiscal-year serial	51-9106	Lockheed	T-33A	United States
10360	US	USAF/US Army fiscal-year serial	53-4897	Lockheed	T-33A	United States
10361	US	USAF/US Army fiscal-year serial	53-5905	Lockheed	T-33A	United States
10367	US	USAF/US Army fiscal-year serial	53-4903	Lockheed	T-33A	United States
10368	US	USAF/US Army fiscal-year serial	51-8814	Lockheed	T-33A	United States
10369	US	USAF/US Army fiscal-year serial	52-9770	Lockheed	T-33A	United States
10372	US	USAF/US Army fiscal-year serial	53-5476	Lockheed	T-33A	United States
10391	US	USAF/US Army fiscal-year serial	53-6069	Lockheed	T-33A	United States
10395	US	USAF/US Army fiscal-year serial	51-6653	Lockheed	T-33A	United States
14548	US	USAF/US Army fiscal-year serial	51-6718	Lockheed	T-33A	United Kingdom
15284	US	USAF/US Army fiscal-year serial	51-4419	Lockheed	T-33A	United Kingdom
15285	US	USAF/US Army fiscal-year serial	51-7473	Lockheed	T-33A	United Kingdom
15608	US	USAF/US Army fiscal-year serial	55-4433	Lockheed	T-33A	United Kingdom
16940	DE	Bundeswehr NN+NN	94+59	Lockheed	T-33A	Germany
16959	DE	Bundeswehr NN+NN	94+55	Lockheed	T-33A	Germany
17005	DE	Bundeswehr NN+NN	94+69	Lockheed	T-33A	Germany
17421	DE	Bundeswehr NN+NN	94+64	Lockheed	T-33A	Germany
17831	DE	Bundeswehr NN+NN	94+47	Lockheed	T-33A	Germany
17949	DE	Bundeswehr NN+NN	25+66	Lockheed	T-33A	Germany
18106	US	USAF/US Army fiscal-year serial	58-2098	Lockheed	T-33A	Germany
18217	US	USAF/US Army fiscal-year serial	51-4230	Lockheed	T-33A	France
18549	US	USAF/US Army fiscal-year serial	51-6524	Lockheed	T-33A	France
19060	US	USAF/US Army fiscal-year serial	53-5778	Lockheed	T-33A	France
19701	US	USAF/US Army fiscal-year serial	54-1543	Lockheed	T-33A	Turkey
19927	US	USAF/US Army fiscal-year serial	51-4350	Lockheed	T-33A	Turkey
20030	US	USAF/US Army fiscal-year serial	53-5742	Lockheed	T-33A	Turkey
20039	US	USAF/US Army fiscal-year serial	55-3092	Lockheed	T-33A	Turkey
20070	US	USAF/US Army fiscal-year serial	51-4192	Lockheed	T-33A	Turkey
20103	US	USAF/US Army fiscal-year serial	51-8965	Lockheed	T-33A	United States
20105	US	USAF/US Army fiscal-year serial	56-1673	Lockheed	T-33A	United States
20145	US	USAF/US Army fiscal-year serial	53-6073	Lockheed	T-33A	United States
20182	US	USAF/US Army fiscal-year serial	57-0569	Lockheed	T-33A	United States
20905	US	USAF/US Army fiscal-year serial	53-5413	Lockheed	T-33A	Canada
24002	US	USAF/US Army fiscal-year serial	51-8513	Lockheed	T-33A	United States
24182	US	USAF/US Army fiscal-year serial	53-6038	Lockheed	T-33A	United States
24202	US	USAF/US Army fiscal-year serial	49-0955	Lockheed	T-33A	United States
24687	US	USAF/US Army fiscal-year serial	51-8604	Lockheed	T-33A	United States
24735	US	USAF/US Army fiscal-year serial	51-6635	Lockheed	T-33A	United States
24740	US	USAF/US Army fiscal-year serial	52-9574	Lockheed	T-33A	United States
24820	US	USAF/US Army fiscal-year serial	51-6132	Lockheed	T-33A	United States
24828	US	USAF/US Army fiscal-year serial	51-6699	Lockheed	T-33A	United States
24843	US	USAF/US Army fiscal-year serial	53-6096	Lockheed	T-33A	United States
24849	US	USAF/US Army fiscal-year serial	51-6612	Lockheed	T-33A	United States
24860	US	USAF/US Army fiscal-year serial	52-9191	Lockheed	T-33A	United States
24896	US	USAF/US Army fiscal-year serial	53-5199	Lockheed	T-33A	United States
25020	US	USAF/US Army fiscal-year serial	52-9225	Lockheed	T-33A	United States
25143	US	USAF/US Army fiscal-year serial	51-6953	Lockheed	T-33A	United States
25259	US	USAF/US Army fiscal-year serial	52-9734	Lockheed	T-33A	United States
25262	US	USAF/US Army fiscal-year serial	51-4335	Lockheed	T-33A	United States
25263	US	USAF/US Army fiscal-year serial	53-5960	Lockheed	T-33A	United States
25279	US	USAF/US Army fiscal-year serial	58-0592	Lockheed	T-33A	United States
25394	US	USAF/US Army fiscal-year serial	52-9497	Lockheed	T-33A	United States
25471	US	USAF/US Army fiscal-year serial	53-5854	Lockheed	T-33A	United States
25660	US	USAF/US Army fiscal-year serial	52-9650	Lockheed	T-33A	United States
25661	US	USAF/US Army fiscal-year serial	51-4157	Lockheed	T-33A	United States
25675	US	USAF/US Army fiscal-year serial	51-17431	Lockheed	T-33A	United States
25734	US	USAF/US Army fiscal-year serial	52-9529	Lockheed	T-33A	United States
25905	US	USAF/US Army fiscal-year serial	56-1782	Lockheed	T-33A	United States
25917	US	USAF/US Army fiscal-year serial	52-9766	Lockheed	T-33A	United States
25919	US	USAF/US Army fiscal-year serial	51-4505	Lockheed	T-33A	United States
25938	US	USAF/US Army fiscal-year serial	51-6915	Lockheed	T-33A	United States
25975	US	USAF/US Army fiscal-year serial	53-6089	Lockheed	T-33A	United States
25976	US	USAF/US Army fiscal-year serial	58-0504	Lockheed	T-33A	United States
25977	US	USAF/US Army fiscal-year serial	58-0539	Lockheed	T-33A	United States
25998	US	USAF/US Army fiscal-year serial	58-0615	Lockheed	T-33A	United States
26037	US	USAF/US Army fiscal-year serial	53-4967	Lockheed	T-33A	United States
26154	US	USAF/US Army fiscal-year serial	51-8786	Lockheed	T-33A	United States
26176	US	USAF/US Army fiscal-year serial	51-6601	Lockheed	T-33A	United States
26177	US	USAF/US Army fiscal-year serial	52-9608	Lockheed	T-33A	United States
26193	US	USAF/US Army fiscal-year serial	51-6756	Lockheed	T-33A	United States
26196	US	USAF/US Army fiscal-year serial	51-6861	Lockheed	T-33A	United States
26199	US	USAF/US Army fiscal-year serial	53-6132	Lockheed	T-33A	United States
26203	US	USAF/US Army fiscal-year serial	53-6009	Lockheed	T-33A	United States
26254	US	USAF/US Army fiscal-year serial	58-0567	Lockheed	T-33A	United States
26258	US	USAF/US Army fiscal-year serial	52-9311	Lockheed	T-33A	United States
26267	US	USAF/US Army fiscal-year serial	52-9590	Lockheed	T-33A	United States
26304	US	USAF/US Army fiscal-year serial	52-9349	Lockheed	T-33A	United States
26310	US	USAF/US Army fiscal-year serial	51-9091	Lockheed	T-33A	United States
26405	US	USAF/US Army fiscal-year serial	53-6099	Lockheed	T-33A	United States
26447	US	USAF/US Army fiscal-year serial	58-0492	Lockheed	T-33A	United States
26470	US	USAF/US Army fiscal-year serial	51-4263	Lockheed	T-33A	United States
26474	US	USAF/US Army fiscal-year serial	52-9843	Lockheed	T-33A	United States
26475	US	USAF/US Army fiscal-year serial	53-5948	Lockheed	T-33A	United States
26525	US	USAF/US Army fiscal-year serial	52-9563	Lockheed	T-33A	United States
26543	US	USAF/US Army fiscal-year serial	56-1669	Lockheed	T-33A	United States
26561	US	USAF/US Army fiscal-year serial	53-5979	Lockheed	T-33A	United States
26597	US	USAF/US Army fiscal-year serial	58-0632	Lockheed	T-33A	United States
26610	US	USAF/US Army fiscal-year serial	51-6680	Lockheed	T-33A	United States
26618	US	USAF/US Army fiscal-year serial	52-9526	Lockheed	T-33A	United States
26678	US	USAF/US Army fiscal-year serial	57-0553	Lockheed	T-33A	United States
26689	US	USAF/US Army fiscal-year serial	52-9651	Lockheed	T-33A	United States
26706	US	USAF/US Army fiscal-year serial	53-4914	Lockheed	T-33A	United States
26719	US	USAF/US Army fiscal-year serial	52-9402	Lockheed	T-33A	United States
26721	US	USAF/US Army fiscal-year serial	52-9663	Lockheed	T-33A	United States
26730	US	USAF/US Army fiscal-year serial	52-9604	Lockheed	T-33A	United States
26742	US	USAF/US Army fiscal-year serial	52-9797	Lockheed	T-33A	United States
26752	US	USAF/US Army fiscal-year serial	54-1547	Lockheed	T-33A	United States
26753	US	USAF/US Army fiscal-year serial	52-9326	Lockheed	T-33A	United States
26761	US	USAF/US Army fiscal-year serial	51-6745	Lockheed	T-33A	United States
26784	US	USAF/US Army fiscal-year serial	58-0510	Lockheed	T-33A	United States
26793	US	USAF/US Army fiscal-year serial	51-4067	Lockheed	T-33A	United States
26803	US	USAF/US Army fiscal-year serial	51-8673	Lockheed	T-33A	United States
26804	US	USAF/US Army fiscal-year serial	53-5073	Lockheed	T-33A	United States
26807	US	USAF/US Army fiscal-year serial	53-5610	Lockheed	T-33A	United States
26808	US	USAF/US Army fiscal-year serial	58-0509	Lockheed	T-33A	United States
26824	US	USAF/US Army fiscal-year serial	53-6081	Lockheed	T-33A	United States
26991	US	USAF/US Army fiscal-year serial	51-9282	Lockheed	T-33A	United States
27018	US	USAF/US Army fiscal-year serial	57-0616	Lockheed	T-33A	United States
27052	US	USAF/US Army fiscal-year serial	58-0466	Lockheed	T-33A	United States
27078	US	USAF/US Army fiscal-year serial	57-0590	Lockheed	T-33A	United States
27101	US	USAF/US Army fiscal-year serial	53-5158	Lockheed	T-33A	United States
27102	US	USAF/US Army fiscal-year serial	52-9171	Lockheed	T-33A	United States
27113	US	USAF/US Army fiscal-year serial	51-9235	Lockheed	T-33A	United States
27116	US	USAF/US Army fiscal-year serial	56-1779	Lockheed	T-33A	United States
27120	US	USAF/US Army fiscal-year serial	52-9842	Lockheed	T-33A	United States
27140	US	USAF/US Army fiscal-year serial	52-9697	Lockheed	T-33A	United States
27144	US	USAF/US Army fiscal-year serial	53-5916	Lockheed	T-33A	United States
27155	US	USAF/US Army fiscal-year serial	53-5933	Lockheed	T-33A	United States
27157	US	USAF/US Army fiscal-year serial	51-4406	Lockheed	T-33A	United States
27163	US	USAF/US Army fiscal-year serial	53-6100	Lockheed	T-33A	United States
27165	US	USAF/US Army fiscal-year serial	52-9614	Lockheed	T-33A	United States
27166	US	USAF/US Army fiscal-year serial	58-0579	Lockheed	T-33A	United States
27169	US	USAF/US Army fiscal-year serial	53-5078	Lockheed	T-33A	United States
27171	US	USAF/US Army fiscal-year serial	53-6007	Lockheed	T-33A	United States
27172	US	USAF/US Army fiscal-year serial	51-6721	Lockheed	T-33A	United States
27175	US	USAF/US Army fiscal-year serial	57-0701	Lockheed	T-33A	United States
27182	US	USAF/US Army fiscal-year serial	51-9100	Lockheed	T-33A	United States
27186	US	USAF/US Army fiscal-year serial	58-0619	Lockheed	T-33A	United States
27192	US	USAF/US Army fiscal-year serial	51-8665	Lockheed	T-33A	United States
27205	US	USAF/US Army fiscal-year serial	57-0574	Lockheed	T-33A	United States
27210	US	USAF/US Army fiscal-year serial	52-9672	Lockheed	T-33A	United States
27218	US	USAF/US Army fiscal-year serial	52-9564	Lockheed	T-33A	United States
27238	US	N-number	N22ES	Lockheed	T-33A	United States
27246	US	USAF/US Army fiscal-year serial	56-3661	Lockheed	T-33A	United States
27255	US	USAF/US Army fiscal-year serial	51-4489	Lockheed	T-33A	United States
27287	US	USAF/US Army fiscal-year serial	53-6021	Lockheed	T-33A	United States
27302	US	USAF/US Army fiscal-year serial	53-6064	Lockheed	T-33A	United States
27326	US	USAF/US Army fiscal-year serial	52-9772	Lockheed	T-33A	United States
25119	US	USAF/US Army fiscal-year serial	57-6558	Lockheed	T-33B	United States
74	US	USAF/US Army fiscal-year serial	52-7648	Beechcraft	T-34A	United States
75	US	USAF/US Army fiscal-year serial	53-3347	Beechcraft	T-34A	United States
2313	US	N-number	N4WL	Beechcraft	T-34A	United States
4176	US	USAF/US Army fiscal-year serial	53-3310	Beech	T-34A	United States
6957	US	N-number	N6849C	Beechcraft	T-34A	United States
7425	US	USAF/US Army fiscal-year serial	55-0206	Beechcraft	T-34A	United States
7648	US	N-number	N56ZZ	Beechcraft	T-34A	United States
7649	US	N-number	N54654	Beechcraft	T-34A	United States
7650	US	N-number	N84639	Beechcraft	T-34A	United States
7651	US	N-number	N855MC	Beechcraft	T-34A	United States
7652	US	N-number	N88796	Beechcraft	T-34A	United States
8981	US	USAF/US Army fiscal-year serial	59-07106	Beechcraft	T-34A	Philippines
19702	US	USAF/US Army fiscal-year serial	54-5216	Beechcraft	T-34A	Turkey
19703	US	USAF/US Army fiscal-year serial	54-5224	Beechcraft	T-34A	Turkey
19735	US	USAF/US Army fiscal-year serial	54-5206	Beechcraft	T-34A	Turkey
19763	US	USAF/US Army fiscal-year serial	54-5212	Beechcraft	T-34A	Turkey
19804	TR	TC- registration	TC-CCE	Beechcraft	T-34A	Turkey
19970	US	USAF/US Army fiscal-year serial	54-5201	Beechcraft	T-34A	Turkey
19982	US	USAF/US Army fiscal-year serial	54-5217	Beechcraft	T-34A	Turkey
24465	US	N-number	N34Z	Beechcraft	T-34A	United States
24928	US	USAF/US Army fiscal-year serial	52-7627	Beechcraft	T-34A	United States
26659	US	USAF/US Army fiscal-year serial	52-8276	Beechcraft	T-34A	United States
767	US	N-number	N34NL	Beech	T-34B	United States
768	US	N-number	N45TB	Beech	T-34B	United States
5661	US	N-number	N168AF	Beechcraft	T-34B	United States
5662	US	N-number	N268AF	Beechcraft	T-34B	United States
5663	US	N-number	N34MT	Beechcraft	T-34B	United States
6637	US	N-number	N934RS	Beechcraft	T-34B	United States
8046	US	N-number	N5QN	Beechcraft	T-34B	United States
23873	US	N-number	N15MC	Beechcraft	T-34B	United States
25847	US	N-number	N800Z	Beech	T-34B	United States
7141	US	N-number	N15GR	Beechcraft	T-34C-1	United States
7142	US	N-number	N93GR	Beechcraft	T-34C-1	United States
7143	US	N-number	N903PA	Beechcraft	T-34C-1	United States
7144	US	N-number	N80GR	Beechcraft	T-34C-1	United States
7145	US	N-number	N6925Y	Beechcraft	T-34C-1	United States
26115	US	N-number	N909B	Temco	T-35A	United States
26116	US	N-number	N68773	Temco	T-35YT-35	United States
7811	US	USAF/US Army fiscal-year serial	54-0718	Cessna	T-37	United States
7036	US	USAF/US Army fiscal-year serial	55-4305	Cessna	T-37A	United States
7328	US	USAF/US Army fiscal-year serial	54-2730	Cessna	T-37A	United States
9737	US	USAF/US Army fiscal-year serial	56-3466	Cessna	T-37A	United States
20130	US	USAF/US Army fiscal-year serial	56-3526	Cessna	T-37A	United States
26260	US	USAF/US Army fiscal-year serial	54-2729	Cessna	T-37A	United States
91	US	USAF/US Army fiscal-year serial	57-2316	Cessna	T-37B	United States
352	US	USAF/US Army fiscal-year serial	56-3537	Cessna	T-37B	United States
504	US	USAF/US Army fiscal-year serial	58-1962	Cessna	T-37B	United States
3604	US	USAF/US Army fiscal-year serial	60-0103	Cessna	T-37B	United States
3950	US	USAF/US Army fiscal-year serial	57-2267	Cessna	T-37B	United States
4183	US	USAF/US Army fiscal-year serial	57-2289	Cessna	T-37B	United States
6505	US	USAF/US Army fiscal-year serial	57-2259	Cessna	T-37B	United States
6581	US	USAF/US Army fiscal-year serial	64-13418	Cessna	T-37B	United States
6582	US	USAF/US Army fiscal-year serial	60-0122	Cessna	T-37B	United States
6848	US	USAF/US Army fiscal-year serial	66-7966	Cessna	T-37B	United States
6931	US	USAF/US Army fiscal-year serial	59-0383	Cessna	T-37B	United States
6992	US	USAF/US Army fiscal-year serial	57-2261	Cessna	T-37B	United States
7044	US	USAF/US Army fiscal-year serial	62-5952	Cessna	T-37B	United States
7170	US	USAF/US Army fiscal-year serial	59-0361	Cessna	T-37B	United States
7308	US	USAF/US Army fiscal-year serial	54-2734	Cessna	T-37B	United States
7363	US	USAF/US Army fiscal-year serial	54-2739	Cessna	T-37B	United States
7369	US	USAF/US Army fiscal-year serial	56-3520	Cessna	T-37B	United States
7588	US	USAF/US Army fiscal-year serial	68-8050	Cessna	T-37B	United States
7596	US	USAF/US Army fiscal-year serial	56-3519	Cessna	T-37B	United States
7620	US	USAF/US Army fiscal-year serial	56-3563	Cessna	T-37B	United States
7624	US	USAF/US Army fiscal-year serial	57-2338	Cessna	T-37B	United States
7635	US	USAF/US Army fiscal-year serial	59-0324	Cessna	T-37B	United States
7637	US	USAF/US Army fiscal-year serial	68-8077	Cessna	T-37B	United States
7754	US	USAF/US Army fiscal-year serial	58-1977	Cessna	T-37B	United States
8110	US	USAF/US Army fiscal-year serial	67-22253	Cessna	T-37B	United States
8478	US	USAF/US Army fiscal-year serial	54-2732	Cessna	T-37B	United States
8480	US	USAF/US Army fiscal-year serial	60-0188	Cessna	T-37B	United States
9653	US	USAF/US Army fiscal-year serial	56-3555	Cessna	T-37B	United States
19872	US	USAF/US Army fiscal-year serial	59-0250	Cessna	T-37B	Turkey
19907	US	USAF/US Army fiscal-year serial	59-0306	Cessna	T-37B	Turkey
19971	US	USAF/US Army fiscal-year serial	59-0327	Cessna	T-37B	Turkey
19972	US	USAF/US Army fiscal-year serial	59-0328	Cessna	T-37B	Turkey
23299	US	USAF/US Army fiscal-year serial	57-2247	Cessna	T-37B	Norway
24424	US	USAF/US Army fiscal-year serial	56-3493	Cessna	T-37B	United States
24897	US	USAF/US Army fiscal-year serial	60-0100	Cessna	T-37B	United States
25120	US	USAF/US Army fiscal-year serial	57-2346	Cessna	T-37B	United States
25971	US	USAF/US Army fiscal-year serial	54-2733	Cessna	T-37B	United States
26259	US	USAF/US Army fiscal-year serial	59-0274	Cessna	T-37B	United States
26526	US	USAF/US Army fiscal-year serial	54-2736	Cessna	T-37B	United States
17155	US	USAF/US Army fiscal-year serial	65-10824	Cessna	T-37B	Germany
18082	US	USAF/US Army fiscal-year serial	66-8002	Cessna	T-37B	Germany
24466	US	N-number	N913NA	Northrop	T-38	United States
409	US	USAF/US Army fiscal-year serial	64-13271	Northrop	T-38A	United States
533	US	USAF/US Army fiscal-year serial	61-0908	Northrop	T-38A	United States
858	US	USAF/US Army fiscal-year serial	61-0849	Northrop	T-38A	United States
860	US	USAF/US Army fiscal-year serial	61-0810	Northrop	T-38A	United States
1903	US	USAF/US Army fiscal-year serial	63-8182	Northrop	T-38A	United States
2842	US	USAF/US Army fiscal-year serial	60-0566	Northrop	T-38A	United States
3144	US	N-number	N963NA	Northrop	T-38A	United States
3607	US	USAF/US Army fiscal-year serial	61-0894	Northrop	T-38A	United States
5223	US	USAF/US Army fiscal-year serial	61-0854	Northrop	T-38A	United States
6354	US	USAF/US Army fiscal-year serial	63-8224	Northrop	T-38A	United States
6556	US	USAF/US Army fiscal-year serial	61-0824	Northrop	T-38A	United States
6586	US	USAF/US Army fiscal-year serial	62-3634	Northrop	T-38A	United States
6721	US	USAF/US Army fiscal-year serial	61-0829	Northrop	T-38A	United States
7042	US	USAF/US Army fiscal-year serial	64-13198	Northrop	T-38A	United States
7307	US	USAF/US Army fiscal-year serial	60-0592	Northrop	T-38A	United States
7333	US	USAF/US Army fiscal-year serial	61-0838	Northrop	T-38A	United States
7351	US	USAF/US Army fiscal-year serial	59-1605	Northrop	T-38A	United States
7362	US	USAF/US Army fiscal-year serial	60-0574	Northrop	T-38A	United States
7370	US	USAF/US Army fiscal-year serial	63-8125	Northrop	T-38A	United States
7378	US	USAF/US Army fiscal-year serial	61-0858	Northrop	T-38A	United States
7535	US	USAF/US Army fiscal-year serial	59-1595	Northrop	T-38A	United States
7589	US	USAF/US Army fiscal-year serial	65-10325	Northrop	T-38A	United States
7622	US	USAF/US Army fiscal-year serial	61-0926	Northrop	T-38A	United States
7818	US	USAF/US Army fiscal-year serial	60-0583	Northrop	T-38A	United States
7910	US	USAF/US Army fiscal-year serial	71-0814	Northrop	T-38A	United States
8020	US	USAF/US Army fiscal-year serial	60-0586	Northrop	T-38A	United States
8138	US	USAF/US Army fiscal-year serial	59-1602	Northrop	T-38A	United States
8198	US	USAF/US Army fiscal-year serial	60-0567	Northrop	T-38A	United States
8432	US	USAF/US Army fiscal-year serial	62-3640	Northrop	T-38A	United States
8681	US	USAF/US Army fiscal-year serial	59-1600	Northrop	T-38A	United States
9656	US	USAF/US Army fiscal-year serial	62-3723	Northrop	T-38A	United States
24271	US	USAF/US Army fiscal-year serial	61-0806	Northrop	T-38A	United States
25121	US	USAF/US Army fiscal-year serial	60-0900	Northrop	T-38A	United States
26155	US	US registration (maker is not a UK airframe builder)	N5951	Northrop	T-38A	United States
26210	US	USAF/US Army fiscal-year serial	62-3643	Northrop	T-38A	United States
26261	US	USAF/US Army fiscal-year serial	65-10405	Northrop	T-38A	United States
26560	US	USAF/US Army fiscal-year serial	60-0549	Northrop	T-38A	United States
26619	US	USAF/US Army fiscal-year serial	61-0941	Northrop	T-38A	United States
26704	US	USAF/US Army fiscal-year serial	60-0555	Northrop	T-38A	United States
26754	US	USAF/US Army fiscal-year serial	60-0558	Northrop	T-38A	United States
26821	US	USAF/US Army fiscal-year serial	67-14956	Northrop	T-38A	United States
27077	US	USAF/US Army fiscal-year serial	58-1192	Northrop	T-38A	United States
27127	US	USAF/US Army fiscal-year serial	60-0573	Northrop	T-38A	United States
27128	US	USAF/US Army fiscal-year serial	60-0589	Northrop	T-38A	United States
27198	US	USAF/US Army fiscal-year serial	60-0595	Northrop	T-38A	United States
26142	US	USAF/US Army fiscal-year serial	64-13292	Northrop	T-38AT-38B	United States
26620	US	USAF/US Army fiscal-year serial	61-0923	Northrop	T-38B	United States
26810	US	USAF/US Army fiscal-year serial	62-3673	Northrop	T-38B	United States
27053	US	USAF/US Army fiscal-year serial	61-0888	Northrop	T-38B	United States
27129	US	USAF/US Army fiscal-year serial	61-0828	Northrop	T-38B	United States
17790	GB	RAF two-letter serial	XK824	Slingsby	T-38Grasshopper	Germany
16883	DE	D- registration	D-QUAX	Slingsby	T-38Grasshopper	Germany
26621	US	N-number	N910NA	Northrop	T-38N	United States
407	US	USAF/US Army fiscal-year serial	61-0664	North American	T-39A	United States
895	US	USAF/US Army fiscal-year serial	60-3504	North American	T-39A	United States
7310	US	USAF/US Army fiscal-year serial	61-0634	North American	T-39A	United States
8274	US	USAF/US Army fiscal-year serial	62-4487	North American	T-39A	United States
9738	US	USAF/US Army fiscal-year serial	61-0685	North American	T-39A	United States
24964	US	USAF/US Army fiscal-year serial	62-4461	North American	T-39A	United States
26574	US	USAF/US Army fiscal-year serial	60-3503	North American	T-39A	United States
26670	US	USAF/US Army fiscal-year serial	60-3495	North American	T-39A	United States
26799	US	USAF/US Army fiscal-year serial	62-4466	North American	T-39A	United States
2731	US	N-number	N115ET	Turner	T-40A	United States
7656	US	N-number	N4983R	Cessna	T-41	United States
4184	US	USAF/US Army fiscal-year serial	65-5251	Cessna	T-41A	United States
7330	US	USAF/US Army fiscal-year serial	65-5226	Cessna	T-41A	United States
7587	US	USAF/US Army fiscal-year serial	65-5168	Cessna	T-41A	United States
8139	US	USAF/US Army fiscal-year serial	65-5107	Cessna	T-41A	United States
26628	US	N-number	N992KM	Cessna	T-41A	United States
9846	US	USAF/US Army fiscal-year serial	67-15161	Cessna	T-41B	United States
8982	US	USAF/US Army fiscal-year serial	68-8958	Cessna	T-41D	Philippines
19711	US	USAF/US Army fiscal-year serial	72-1410	Cessna	T-41D	Turkey
9845	US	USAF/US Army fiscal-year serial	65-12697	Beechcraft	T-42A	United States
24276	US	USAF/US Army fiscal-year serial	65-12713	Beech	T-42A	United States
24696	US	USAF/US Army fiscal-year serial	65-12700	Beech	T-42A	United States
7335	US	USAF/US Army fiscal-year serial	73-1153	Boeing	T-43A	United States
24697	US	N-number	N795K	Beech	T-44C	United States
818	US	USAF/US Army fiscal-year serial	84-0492	Fairchild	T-46A	United States
10515	US	N-number	N58542	Cessna	T-50	United States
26936	US	N-number	N64410	Cessna	T-50	United States
27035	US	N-number	N50T	Cessna	T-50	United States
27273	US	N-number	N30023	Cessna	T-50	United States
20542	CA	CF- registration	CF-HGM	Cessna	T-50Crane	Canada
20543	CA	CF- registration	CF-LED	Cessna	T-50Crane	Canada
17350	DE	D- registration	D-FDEM	North American	T-6	Germany
22683	NZ	ZK- registration	ZK-ENG	North American	T-6	New Zealand
26844	US	USAF/US Army fiscal-year serial	40-2122	North American	T-6	United States
8565	US	USAF/US Army fiscal-year serial	06-3851	Beechcraft	T-6A	United States
5110	US	USAF/US Army fiscal-year serial	42-84216	North American	T-6D	United States
19478	GB	G- registration	G-BDZZ	North American	T-6G	Israel
223	US	USAF/US Army fiscal-year serial	49-3402	North American	T-6G	United States
709	US	USAF/US Army fiscal-year serial	51-15124	North American	T-6G	United States
5217	US	USAF/US Army fiscal-year serial	49-2908	North American	T-6G	United States
6648	US	N-number	N3623K	North American	T-6G	United States
6946	US	N-number	N6253C	North American	T-6G	United States
7325	US	USAF/US Army fiscal-year serial	51-14319	North American	T-6G	United States
8044	US	N-number	N16JV	North American	T-6G	United States
9654	US	N-number	N12CC	North American	T-6G	United States
10427	US	N-number	N100XK	North American	T-6G	United States
10767	TN	TS- registration	TS-APF	North American	T-6G	Tunisia
18139	FR	F- registration	F-AZRO	North American	T-6G	France
18834	FR	F- registration	F-BJBC	North American	T-6G	France
19775	US	N-number	N726KM	North American	T-6G	Turkey
24279	US	USAF/US Army fiscal-year serial	49-3189	North American	T-6G	United States
24870	US	USAF/US Army fiscal-year serial	49-3217	North American	T-6G	United States
25556	US	USAF/US Army fiscal-year serial	49-3390	North American	T-6G	United States
19214	FR	F- registration	F-AZEF	North American	T-6G Texan	France
14782	US	USAF/US Army fiscal-year serial	53-4619	North American	T-6J	United Kingdom
16910	DE	D- registration	D-FABE	North American	T-6J Harvard 4	Germany
791	US	N-number	N2123B	Luscombe	T-8F	United States
7852	US	N-number	N1580B	Luscombe	T-8F	United States
10601	US	N-number	N39UK	Slingsby	T.13	United States
19281	GB	RAF two-letter serial	WG499	Slingsby	T.21B	Cyprus
21679	AU	VH- registration	VH-GFA	Slingsby	T.25	Australia
21680	AU	VH- registration	VH-GDB	Slingsby	T.31B	Australia
21681	AU	VH- registration	VH-GFX	Slingsby	T.35	Australia
15592	GB	RAF two-letter serial	XA228	Slingsby	T.38Grasshopper TX.1	United Kingdom
22526	NZ	ZK- registration	ZK-GCD	Slingsby	T.45	New Zealand
21682	NZ	ZK- registration	ZK-GDU	Slingsby	T.49B	Australia
21683	AU	VH- registration	VH-GTB	Slingsby	T.50	Australia
21684	AU	VH- registration	VH-GUB	Slingsby	T.53B	Australia
10602	US	N-number	N39KK	Slingsby	T.6	United States
18862	FR	F- registration	F-PLAR	Tipsy	T.66Mk.III	France
22426	NZ	RNZAF serial	NZ1707	Auster Aircraft	T.7Mk.7C	New Zealand
15591	GB	RAF two-letter serial	TS291	Slingsby	T.8Tutor	United Kingdom
9049	TH	HS- registration	HS-AMEL	AESL	T6/24	Thailand
23176	GB	RAF two-letter serial	WE548	Auster	T7	Norway
20408	CA	CF- registration	CF-BLV	Barkley-Grow	T8P-1	Canada
20882	CA	CF- registration	CF-BQM	Barkley-Grow	T8P-1	Canada
21296	CA	CF- registration	CF-BVE	Barkley-Grow	T8P-1	Canada
10339	US	N-number	N412W	Kelch	TA-12	United States
22454	NZ	RNZAF serial	NZ6254	McDonnell Douglas	TA-4K	New Zealand
25250	US	USAF/US Army fiscal-year serial	67-15809	Bell	TAH-1F	United States
7148	US	USAF/US Army fiscal-year serial	76-22599	Bell	TAH-1P	United States
9802	US	USAF/US Army fiscal-year serial	70-15979	Bell	TAH-1S	United States
17785	DE	D- registration	D-KLAG	Valentin	Taifun-17E	Germany
9449	US	N-number	N996TB	Henderson	Tango Bear	Thailand
7692	US	N-number	N1914S	Etrich	Taube	United States
22709	DE	D- registration	D-ETRI	Etrich	Taube	New Zealand
25203	US	N-number	N11D	Etrich	Taube	United States
24627	US	N-number	N567JD	Etrich	Taube Model F	United States
9044	TH	HS- registration	HS-TCY	SOCATA	TB-20	Thailand
25835	US	N-number	N2XD	North American	TB-25D	United States
172	US	USAF/US Army fiscal-year serial	44-31032	North American	TB-25J	United States
16454	US	USAF/US Army fiscal-year serial	44-30861	North American	TB-25J	United Kingdom
10346	US	USAF/US Army fiscal-year serial	44-30444	North American	TB-25M	United States
220	US	USAF/US Army fiscal-year serial	44-86747	North American	TB-25N	United States
8059	US	N-number	N3442G	North American	TB-25N	United States
8271	US	USAF/US Army fiscal-year serial	44-28738	North American	TB-25N	United States
8527	US	USAF/US Army fiscal-year serial	45-8898	North American	TB-25N	United States
9649	US	USAF/US Army fiscal-year serial	44-30635	North American	TB-25N	United States
10428	US	N-number	N8195H	North American	TB-25N	United States
25582	US	USAF/US Army fiscal-year serial	44-30734	North American	TB-25N	United States
8245	US	USAF/US Army fiscal-year serial	44-84076	Boeing	TB-29	United States
5456	FR	F- registration	F-SEYG	SOCATA	TB-30	France
9042	TH	HS- registration	HS-TCI	SOCATA	TB-9	Thailand
9043	TH	HS- registration	HS-TCM	SOCATA	TB-9	Thailand
9074	TH	HS- registration	HS-TCO	SOCATA	TB-9	Thailand
22446	NZ	RNZAF serial	NZ2504	Grumman	TBF -1C	New Zealand
22528	NZ	RNZAF serial	NZ2539	Grumman	TBF -1C	New Zealand
22617	NZ	RNZAF serial	NZ2527	Grumman	TBF -1C	New Zealand
14876	GB	RAF two-letter serial	XB446	Grumman	TBM -3E	United Kingdom
20260	US	N-number	N7030C	General Motors	TBM -3E	United States
7795	US	N-number	N6831C	General Motors	TBM-3	United States
8039	US	N-number	N6VC	General Motors	TBM-3	United States
24064	US	N-number	N109K	Grumman	TBM-3	United States
7075	US	N-number	N6447C	Grumman	TBM-3E	United States
8013	US	N-number	N53503	General Motors	TBM-3E	United States
8040	US	N-number	N4170A	General Motors	TBM-3E	United States
8466	US	N-number	N9569Z	Grumman	TBM-3E	United States
19483	US	N-number	N7850C	Grumman	TBM-3E	Israel
24251	US	N-number	N9586Z	Grumman	TBM-3E	United States
19201	FR	F- registration	F-AZJA	Grumman	TBM-3E Avenger	France
27228	CA	C-F/G registration	C-GLEL	Grumman	TBM AS.3	United States
10421	US	N-number	N4169A	General Motors	TBM-3E	United States
21262	CA	C-F/G registration	C-GOEG	Grumman	TBM-3E Avenger	Canada
8533	US	USAF/US Army fiscal-year serial	51-11529	Beech	TC-45H	United States
23617	FI	OH- registration	OH-TEA	Eklund	TE-1	Finland
6226	GB	RAF two-letter serial	MW763	Hawker	Tempest II	United Kingdom
15846	GB	RAF two-letter serial	PR536	Hawker	Tempest II	United Kingdom
21511	GB	RAF two-letter serial	MW376	Hawker	Tempest Mk II	Canada
15757	GB	RAF two-letter serial	NV778	Hawker	Tempest V	United Kingdom
16185	GB	RAF two-letter serial	SN280	Hawker	Tempest V	United Kingdom
889	US	N-number	N3776G	Hiller	Ten99	United States
15616	GB	RAF two-letter serial	VX123	Beagle	Terrier-1	United Kingdom
16103	GB	RAF two-letter serial	VX113	Beagle	Terrier-1	United Kingdom
16273	GB	RAF two-letter serial	VF571	Beagle	Terrier-1	United Kingdom
15156	GB	RAF two-letter serial	VW993	Beagle	Terrier-2	United Kingdom
16520	GB	RAF two-letter serial	TJ704	Beagle	Terrier-2	United Kingdom
17400	CH	HB- registration	HB-EUD	Beagle	Terrier-2	Germany
7027	US	N-number	N987N	Williams	Texas-Temple	United States
3964	US	USAF/US Army fiscal-year serial	54-1366	Convair	TF-102A	United States
8301	US	USAF/US Army fiscal-year serial	56-2364	Convair	TF-102A	United States
9630	US	USAF/US Army fiscal-year serial	56-2352	Convair	TF-102A	United States
10381	US	USAF/US Army fiscal-year serial	56-2353	Convair	TF-102A	United States
19726	US	USAF/US Army fiscal-year serial	56-2368	Convair	TF-102A	Turkey
789	US	N-number	N824NA	Lockheed	TF-104G	United States
1911	DE	Bundeswehr NN+NN	28+09	Lockheed	TF-104G	United States
10396	US	N-number	N104TF	Lockheed	TF-104G	United States
20069	US	USAF/US Army fiscal-year serial	65-9415	Lockheed	TF-104G	Turkey
7794	US	N-number	N951JH	FEW	TF-51	United States
6845	US	USAF/US Army fiscal-year serial	44-84658	North American	TF-51D	United States
7187	US	N-number	N47902	Schweizer	TG-2	United States
418	US	USAF/US Army fiscal-year serial	42-53129	Schweizer	TG-3A	United States
5255	US	USAF/US Army fiscal-year serial	42-52935	Schweizer	TG-3A	United States
6821	CA	CF- registration	CF-ZAY	Schweizer	TG-3A	United States
7188	US	N-number	N64307	Schweizer	TG-3A	United States
10600	US	N-number	N60434	Schweizer	TG-3A	United States
14980	US	USAF/US Army fiscal-year serial	42-52983	Schweizer	TG-3A	United Kingdom
24047	US	N-number	N52183	Schweizer	TG-3A	United States
26449	US	USAF/US Army fiscal-year serial	42-52948	Schweizer	TG-3A	United States
23757	IS	TF- registration	TF-SBA	Schweizer	TG-3A	Iceland
7527	US	N-number	N31420	Schweizer	TG-3A	United States
24048	US	N-number	N60999	Pratt-Read	TG-32	United States
483	US	N-number	N54567	Laister-Kauffman	TG-4A	United States
7186	US	N-number	N58178	Laister-Kauffman	TG-4A	United States
10555	US	N-number	N54632	Laister-Kauffman	TG-4A	United States
14981	US	USAF/US Army fiscal-year serial	42-53027	Laister-Kauffman	TG-4A	United Kingdom
25401	US	USAF/US Army fiscal-year serial	42-53078	Laister-Kauffman	TG-4A	United States
20268	US	N-number	N51462	Laister-Kauffman	TG-4A	United States
24941	US	USAF/US Army fiscal-year serial	42-43740	Laister-Kauffman	TG-4A	United States
9885	US	USAF/US Army fiscal-year serial	43-53083	Laister-Kauffman	TG-4A	United States
5282	US	USAF/US Army fiscal-year serial	42-58662	Taylorcraft	TG-6	United States
6361	US	N-number	N46471	Taylorcraft	TG-6	United States
10586	US	N-number	N46627	Piper	TG-8	United States
22054	US	USAF/US Army fiscal-year serial	66-1237	Bell	TH-1F	Australia
6497	US	USAF/US Army fiscal-year serial	67-17053	Bell	TH-13T	United States
9872	US	USAF/US Army fiscal-year serial	67-17024	Bell	TH-13T	United States
26613	US	USAF/US Army fiscal-year serial	67-15962	Bell	TH-13T	United States
6324	US	N-number	N79P	Hughes	TH-55	United States
3665	US	N-number	N57953	Hughes	TH-55A	United States
4483	US	USAF/US Army fiscal-year serial	67-15418	Hughes	TH-55A	United States
9773	US	USAF/US Army fiscal-year serial	67-16795	Hughes	TH-55A	United States
9877	US	USAF/US Army fiscal-year serial	67-16966	Hughes	TH-55A	United States
10278	US	USAF/US Army fiscal-year serial	67-16944	Hughes	TH-55A	United States
16650	US	USAF/US Army fiscal-year serial	67-16955	Hughes	TH-55A	Germany
18096	DE	D- registration	D-HABN	Hughes	TH-55A	Germany
26646	US	USAF/US Army fiscal-year serial	67-16879	Hughes	TH-55A	United States
9882	US	USAF/US Army fiscal-year serial	00-67446	Bell	TH-67	United States
15974	GB	RAF two-letter serial	XJ314	Rolls-Royce	Thrust Measuring Rig	United Kingdom
16639	DE	Bundeswehr NN+NN	98+23	Eurocopter	Tiger PAH-2	Germany
14758	GB	G- registration	G-MMIX	MBA	Tiger Cub-440	United Kingdom
15348	GB	G- registration	G-MMLM	MBA	Tiger Cub-440	United Kingdom
15496	GB	G- registration	G-MBUE	Micro Biplane Aviation	Tiger Cub-440	United Kingdom
14446	GB	British serial (maker is a UK airframe builder)	N9372	de Havilland	Tiger Moth	United Kingdom
16183	GB	British serial (maker is a UK airframe builder)	N9399	de Havilland	Tiger Moth	United Kingdom
15557	GB	G- registration	G-AOEL	de Havilland	Tiger Moth DH.82A	United Kingdom
16404	GB	G- registration	G-AOUR	de Havilland	Tiger Moth DH.82A	United Kingdom
14219	GB	British serial (maker is a UK airframe builder)	N6638	de Havilland	Tiger Moth II	United Kingdom
14350	GB	RAF two-letter serial	DE524	de Havilland	Tiger Moth II	United Kingdom
14685	GB	G- registration	G-ANRX	de Havilland	Tiger Moth II	United Kingdom
14794	GB	G- registration	G-ANZZ	de Havilland	Tiger Moth II	United Kingdom
14806	GB	G- registration	G-AGPK	de Havilland	Tiger Moth II	United Kingdom
14851	GB	RAF pre-war single-letter serial	T7748	de Havilland	Tiger Moth II	United Kingdom
15149	GB	RAF two-letter serial	EM840	de Havilland	Tiger Moth II	United Kingdom
15844	GB	RAF pre-war single-letter serial	T6296	de Havilland	Tiger Moth II	United Kingdom
16018	GB	G- registration	G-ANKT	de Havilland	Tiger Moth II	United Kingdom
15463	GB	RAF two-letter serial	DE156	de Havilland	Tiger Moth Mk II	United Kingdom
16063	GB	RAF two-letter serial	BB807	de Havilland	Tiger Moth Mk II	United Kingdom
16296	GB	RAF pre-war single-letter serial	T6056	de Havilland	Tiger Moth Mk II	United Kingdom
16335	GB	RAF pre-war single-letter serial	T5968	de Havilland	Tiger Moth Mk II	United Kingdom
14928	GB	RAF two-letter serial	XL717	de Havilland	Tiger Moth T.2	United Kingdom
25507	US	N-number	N947TS	NASC	TigerShark XP	United States
17516	DE	D- registration	D-EJOF	Avions Fairey	Tipsy Nipper T.66	Germany
19513	IL	4X- registration	4X-HRU	TL Ultralight	TL-2000S4	Israel
24959	US	USAF/US Army fiscal-year serial	52-1891	Martin	TM-61A	United States
16032	GB	G- registration	G-AFTA	Hawker	Tomtit	United Kingdom
16285	GB	RAF two-letter serial	ZA267	Panavia	Tornado ADV	United Kingdom
14391	GB	RAF two-letter serial	ZD936	Panavia	Tornado F.2	United Kingdom
14528	GB	RAF two-letter serial	ZD899	Panavia	Tornado F.2	United Kingdom
14655	GB	RAF two-letter serial	ZD939	Panavia	Tornado F.2	United Kingdom
16255	GB	RAF two-letter serial	ZD938	Panavia	Tornado F.2	United Kingdom
14566	GB	RAF two-letter serial	ZE760	Panavia	Tornado F.3	United Kingdom
14656	GB	RAF two-letter serial	ZE340	Panavia	Tornado F.3	United Kingdom
15010	GB	RAF two-letter serial	ZE966	Panavia	Tornado F.3	United Kingdom
15425	GB	RAF two-letter serial	ZE204	Panavia	Tornado F.3	United Kingdom
15582	GB	RAF two-letter serial	ZE934	Panavia	Tornado F.3	United Kingdom
15660	GB	RAF two-letter serial	ZE936	Panavia	Tornado F.3	United Kingdom
15674	GB	RAF two-letter serial	ZH552	Panavia	Tornado F.3	United Kingdom
15878	GB	RAF two-letter serial	ZE887	Panavia	Tornado F.3	United Kingdom
6237	GB	RAF two-letter serial	ZA465	Panavia	Tornado GR.1	United Kingdom
14390	GB	RAF two-letter serial	ZA319	Panavia	Tornado GR.1	United Kingdom
14644	GB	RAF two-letter serial	ZA320	Panavia	Tornado GR.1	United Kingdom
14645	GB	RAF two-letter serial	ZA356	Panavia	Tornado GR.1	United Kingdom
14646	GB	RAF two-letter serial	ZA360	Panavia	Tornado GR.1	United Kingdom
14648	GB	RAF two-letter serial	ZA450	Panavia	Tornado GR.1	United Kingdom
15232	GB	RAF two-letter serial	ZA327	Panavia	Tornado GR.1	United Kingdom
15695	GB	RAF two-letter serial	ZA325	Panavia	Tornado GR.1	United Kingdom
15699	GB	RAF two-letter serial	ZA407	Panavia	Tornado GR.1	United Kingdom
15927	GB	RAF two-letter serial	XX946	Panavia	Tornado GR.1	United Kingdom
16095	GB	RAF two-letter serial	ZA475	Panavia	Tornado GR.1	United Kingdom
16147	GB	RAF two-letter serial	ZA326	Panavia	Tornado GR.1	United Kingdom
16286	GB	RAF two-letter serial	ZA357	Panavia	Tornado GR.1	United Kingdom
16493	GB	RAF two-letter serial	ZA354	Panavia	Tornado GR.1	United Kingdom
15807	GB	RAF two-letter serial	ZA457	Panavia	Tornado GR.1B	United Kingdom
6238	GB	RAF two-letter serial	ZA469	Panavia	Tornado GR.4	United Kingdom
14647	GB	RAF two-letter serial	ZA447	Panavia	Tornado GR.4	United Kingdom
14649	GB	RAF two-letter serial	ZA459	Panavia	Tornado GR.4	United Kingdom
14650	GB	RAF two-letter serial	ZA585	Panavia	Tornado GR.4	United Kingdom
14652	GB	RAF two-letter serial	ZD715	Panavia	Tornado GR.4	United Kingdom
14653	GB	RAF two-letter serial	ZD793	Panavia	Tornado GR.4	United Kingdom
14654	GB	RAF two-letter serial	ZD849	Panavia	Tornado GR.4	United Kingdom
14718	GB	RAF two-letter serial	ZA556	Panavia	Tornado GR.4	United Kingdom
15240	GB	RAF two-letter serial	ZA463	Panavia	Tornado GR.4	United Kingdom
15294	GB	RAF two-letter serial	ZA452	Panavia	Tornado GR.4	United Kingdom
15335	GB	RAF two-letter serial	ZA607	Panavia	Tornado GR.4	United Kingdom
15341	GB	RAF two-letter serial	ZD744	Panavia	Tornado GR.4	United Kingdom
15667	GB	RAF two-letter serial	ZG752	Panavia	Tornado GR.4	United Kingdom
15698	GB	RAF two-letter serial	ZA614	Panavia	Tornado GR.4	United Kingdom
16148	GB	RAF two-letter serial	ZA612	Panavia	Tornado GR.4	United Kingdom
16348	GB	RAF two-letter serial	ZG771	Panavia	Tornado GR.4	United Kingdom
16494	GB	RAF two-letter serial	XZ631	Panavia	Tornado GR.4	United Kingdom
21710	GB	RAF two-letter serial	ZG791	Panavia	Tornado GR4	Australia
5226	DE	Bundeswehr NN+NN	43+74	Panavia	Tornado IDS	United States
6734	DE	Bundeswehr NN+NN	43+75	Panavia	Tornado IDS	United States
6765	DE	Bundeswehr NN+NN	45+11	Panavia	Tornado IDS	United States
16539	DE	Bundeswehr NN+NN	43+55	Panavia	Tornado IDS	Germany
16540	DE	Bundeswehr NN+NN	45+30	Panavia	Tornado IDS	Germany
16573	DE	Bundeswehr NN+NN	43+30	Panavia	Tornado IDS	Germany
16574	DE	Bundeswehr NN+NN	44+53	Panavia	Tornado IDS	Germany
16932	DE	Bundeswehr NN+NN	44+31	Panavia	Tornado IDS	Germany
16939	DE	Bundeswehr NN+NN	44+96	Panavia	Tornado IDS	Germany
17131	DE	Bundeswehr NN+NN	44+68	Panavia	Tornado IDS	Germany
17191	DE	Bundeswehr NN+NN	43+00	Panavia	Tornado IDS	Germany
17192	DE	Bundeswehr NN+NN	44+50	Panavia	Tornado IDS	Germany
17352	GB	RAF two-letter serial	XX948	Panavia	Tornado IDS	Germany
17461	DE	Bundeswehr NN+NN	43+73	Panavia	Tornado IDS	Germany
17482	DE	Bundeswehr NN+NN	44+35	Panavia	Tornado IDS	Germany
17652	DE	Bundeswehr NN+NN	43+68	Panavia	Tornado IDS	Germany
17838	DE	Bundeswehr NN+NN	44+97	Panavia	Tornado IDS	Germany
10646	US	N-number	N276K	Wallace	Touroplane B-330	United States
10620	US	N-number	N8755T	Swallow	TP	United States
23974	US	US registration (maker is not a UK airframe builder)	N8744	Swallow	TP	United States
26101	US	N-number	N85361	Swallow	TP	United States
199	US	USAF/US Army fiscal-year serial	44-7084	Curtiss	TP-40N	United States
20508	CA	C-F/G registration	C-GATE	Trident	TR-1Trigull	Canada
20507	CA	CF- registration	CF-BCF	PacAero	Tradewind Westwind IV	Canada
10337	US	US registration (maker is not a UK airframe builder)	N2709	Curtiss-Wright	Travel Air-4000	United States
14738	GB	G- registration	G-ARPP	Hawker Siddeley	Trident-1C	United Kingdom
15428	GB	G- registration	G-ARPO	Hawker Siddeley	Trident-1C	United Kingdom
15551	GB	G- registration	G-ARPH	Hawker Siddeley	Trident-1C	United Kingdom
14715	GB	G- registration	G-AVFH	Hawker Siddeley	Trident-2E	United Kingdom
14825	GB	G- registration	G-AVFB	Hawker Siddeley	Trident-2E	United Kingdom
14737	GB	G- registration	G-AWZJ	Hawker Siddeley	Trident-3B	United Kingdom
15961	GB	G- registration	G-AWZK	Hawker Siddeley	Trident-3B	United Kingdom
20445	CA	CF- registration	CF-BEP	Ford	Trimotor	Canada
6465	US	N-number	N38057	Sopwith	Triplane	United States
14950	GB	British serial (maker is a UK airframe builder)	N5459	Sopwith	Triplane	United Kingdom
15738	GB	British serial (maker is a UK airframe builder)	N5912	Sopwith	Triplane	United Kingdom
16047	GB	G- registration	G-BOCK	Sopwith	Triplane	United Kingdom
20219	US	N-number	N543A	Sopwith	Triplane	United States
6191	GB	G- registration	G-BEVT	Britten-Norman	Trislander BN-2A-III	United Kingdom
14515	GB	RAF two-letter serial	ZD948	Lockheed	TriStar KC.1	United Kingdom
16653	DE	D- registration	D-HOKY	Krauss	TRS-1	Germany
15825	GB	RAF two-letter serial	XR220	British Aircraft Corporation	TSR-2	United Kingdom
6175	GB	RAF two-letter serial	XR222	BAC	TSR.2	United Kingdom
17447	DE	D- registration	D-ITTX	High Performance Aircraft	TT62Alekto	Germany
17723	DE	D- registration	D-IXTT	High Performance Aircraft	TT62Alekto	Germany
12548	RU	CCCP- registration	CCCP-42322	Tupolev	Tu-104A	Russia
12330	RU	CCCP- registration	CCCP-42441	Tupolev	Tu-104E	Russia
5575	RU	CCCP- registration	CCCP-L5611	Tupolev	Tu-114	Russia
12545	RU	CCCP- registration	CCCP-76490	Tupolev	Tu-114	Russia
12546	RU	CCCP- registration	CCCP-76462	Tupolev	Tu-116	Russia
5576	RU	CCCP- registration	CCCP-45825	Tupolev	Tu-124	Russia
12549	RU	CCCP- registration	CCCP-45017	Tupolev	Tu-124Sh	Russia
11886	RU	CCCP- registration	CCCP-45063	Tupolev	Tu-124V	Russia
11877	RU	CCCP- registration	CCCP-65923	Tupolev	Tu-134	Russia
12396	RU	RA- registration	RA-65086	Tupolev	Tu-134	Russia
11731	RU	RA- registration	RA-65066	Tupolev	Tu-134A	Russia
11887	RU	RA- registration	RA-65960	Tupolev	Tu-134A	Russia
12627	RU	RA- registration	RA-65047	Tupolev	Tu-134A	Russia
17036	RU	CCCP- registration	CCCP-65745	Tupolev	Tu-134A	Germany
17377	DE	DDR- registration	DDR-SCK	Tupolev	Tu-134A	Germany
17554	DE	DDR- registration	DDR-SCH	Tupolev	Tu-134A	Germany
17911	HU	HA- registration	HA-LBH	Tupolev	Tu-134A	Germany
12159	RU	RA- registration	RA-65049	Tupolev	Tu-134A-3	Russia
12325	RU	RA- registration	RA-65132	Tupolev	Tu-134A-3	Russia
11674	RU	RA- registration	RA-65982	Tupolev	Tu-134AK	Russia
12526	RU	RA- registration	RA-65961	Tupolev	Tu-134AK	Russia
12550	RU	CCCP- registration	CCCP-65748	Tupolev	Tu-134AK	Russia
17912	RU	CCCP- registration	CCCP-77112	Tupolev	Tu-144	Germany
5577	RU	CCCP- registration	CCCP-77106	Tupolev	Tu-144	Russia
12044	RU	CCCP- registration	CCCP-77114	Tupolev	Tu-144	Russia
12544	RU	CCCP- registration	CCCP-77110	Tupolev	Tu-144	Russia
11953	RU	CCCP- registration	CCCP-77107	Tupolev	Tu-144S	Russia
12327	RU	CCCP- registration	CCCP-77108	Tupolev	Tu-144S	Russia
12094	RU	RA- registration	RA-85330	Tupolev	Tu-154	Russia
12328	RU	CCCP- registration	CCCP-85003	Tupolev	Tu-154	Russia
12144	RU	RA- registration	RA-85015	Tupolev	Tu-154B	Russia
12147	RU	RA- registration	RA-85064	Tupolev	Tu-154B	Russia
12551	RU	RA- registration	RA-85061	Tupolev	Tu-154B	Russia
11989	RU	RA- registration	RA-85261	Tupolev	Tu-154B-1	Russia
12640	RU	RA- registration	RA-85287	Tupolev	Tu-154B-1	Russia
11730	RU	RA- registration	RA-85386	Tupolev	Tu-154B-2	Russia
11787	RU	RA- registration	RA-85280	Tupolev	Tu-154B-2	Russia
11788	RU	RA- registration	RA-85506	Tupolev	Tu-154B-2	Russia
12160	RU	RA- registration	RA-85603	Tupolev	Tu-154B-2	Russia
12552	RU	RA- registration	RA-85470	Tupolev	Tu-154B-2	Russia
12091	RU	RA- registration	RA-85677	Tupolev	Tu-154M	Russia
12245	RU	RA- registration	RA-85803	Tupolev	Tu-154M	Russia
12246	RU	RA- registration	RA-85766	Tupolev	Tu-154M	Russia
12329	RU	RA- registration	RA-85069	Tupolev	Tu-154M	Russia
12444	RU	RA- registration	RA-85726	Tupolev	Tu-154M	Russia
12494	RU	RA- registration	RA-85685	Tupolev	Tu-154M	Russia
19354	IR	EP- registration	EP-LBR	Tupolev	Tu-154M	Iran
12148	RU	RA- registration	RA-85081	Tupolev	Tu-154S	Russia
15518	GB	RAF two-letter serial	ZF372	Short	Tucano T.1	United Kingdom
16257	GB	RAF two-letter serial	ZF167	Short	Tucano T.1	United Kingdom
16289	GB	RAF two-letter serial	ZF202	Short	Tucano T.1	United Kingdom
16361	GB	RAF two-letter serial	ZF378	Short	Tucano T.1	United Kingdom
16511	GB	RAF two-letter serial	ZF448	Short	Tucano T.1	United Kingdom
5259	GB	RAF two-letter serial	ZF513	Short Brothers	Tucano T1	United States
22630	NZ	ZK- registration	ZK-ADV	North	Tui Sports	New Zealand
16715	DE	D- registration	D-ENEK	Stark	Turbulent D	Germany
16005	GB	G- registration	G-AHSA	Avro	Tutor	United Kingdom
13639	IN	VT- registration	VT-DOR	Beechcraft	Twin Bonanza D50	India
15553	GB	G- registration	G-BBVF	Scottish Aviation	Twin Pioneer-2	United Kingdom
14744	GB	G- registration	G-AYFA	Scottish Aviation	Twin Pioneer-3	United Kingdom
21988	AU	VH- registration	VH-SYS	Scottish Aviation	Twin Pioneer-3	Australia
15764	GB	RAF two-letter serial	XL993	Scottish Aviation	Twin Pioneer CC.1	United Kingdom
16125	GB	RAF two-letter serial	XP295	Scottish Aviation	Twin Pioneer CC.2	United Kingdom
22462	NZ	RNZAF serial	NZ102	Vickers	Type 277Mk.III	New Zealand
15775	GB	RAF two-letter serial	WZ791	Slingsby	Type 38Grasshopper TX.1	United Kingdom
21718	AU	G-AU Australian Empire-era mark	G-AUDK	Bristol	Type 86A	Australia
16023	GB	G- registration	G-AANH	Deperdussin	Type A	United Kingdom
5408	FR	F- registration	F-ABAO	Morane-Saulnier	Type AI	France
16007	GB	G- registration	G-AANI	Blackburn	Type D	United Kingdom
26586	US	US registration (maker is not a UK airframe builder)	N1313	Travel Air	Type R	United States
15803	GB	RAF two-letter serial	ZH588	Eurofighter	Typhoon	United Kingdom
16344	GB	RAF two-letter serial	ZJ911	Eurofighter	Typhoon FGR.4	United Kingdom
14810	GB	RAF two-letter serial	RB396	Hawker	Typhoon IB	United Kingdom
15758	GB	RAF two-letter serial	MN235	Hawker	Typhoon IB	United Kingdom
18713	GB	RAF two-letter serial	JP843	Hawker	Typhoon Mk IB	France
19019	GB	RAF two-letter serial	JP656	Hawker	Typhoon Mk IB	France
14657	GB	RAF two-letter serial	ZH590	Eurofighter	Typhoon T.1	United Kingdom
9774	US	USAF/US Army fiscal-year serial	57-6135	de Havilland Canada	U-1A	United States
10275	US	USAF/US Army fiscal-year serial	55-3270	de Havilland Canada	U-1A	United States
10189	US	USAF/US Army fiscal-year serial	62-3606	Helio	U-10A	United States
4166	US	USAF/US Army fiscal-year serial	66-14360	Helio	U-10D	United States
24885	US	USAF/US Army fiscal-year serial	63-13096	Helio	U-10D	United States
19791	TR	TC- registration	TC-CDL	Cessna	U-17A	Turkey
19819	TR	TC- registration	TC-CDG	Cessna	U-17A	Turkey
9619	US	USAF/US Army fiscal-year serial	71-1448	Cessna	U-17B	Vietnam
57	US	USAF/US Army fiscal-year serial	56-6680	Lockheed	U-2C	United States
1910	US	USAF/US Army fiscal-year serial	56-6681	Lockheed	U-2C	United States
6230	US	USAF/US Army fiscal-year serial	56-6692	Lockheed	U-2C	United Kingdom
6536	US	USAF/US Army fiscal-year serial	56-6716	Lockheed	U-2C	United States
7355	US	USAF/US Army fiscal-year serial	56-6707	Lockheed	U-2C	United States
8263	US	USAF/US Army fiscal-year serial	56-6701	Lockheed	U-2C	United States
23300	US	USAF/US Army fiscal-year serial	56-6953	Lockheed	U-2C	Norway
24911	US	USAF/US Army fiscal-year serial	56-6682	Lockheed	U-2C	United States
3128	US	USAF/US Army fiscal-year serial	56-6721	Lockheed	U-2D	United States
20896	CA	C-F/G registration	C-GVOS	Mitchell	U-2Superwing	Canada
95	US	USAF/US Army fiscal-year serial	58-2112	Cessna	U-3A	United States
353	US	USAF/US Army fiscal-year serial	57-5849	Cessna	U-3A	United States
1065	US	USAF/US Army fiscal-year serial	58-2127	Cessna	U-3A	United States
3951	US	USAF/US Army fiscal-year serial	58-2107	Cessna	U-3A	United States
4185	US	USAF/US Army fiscal-year serial	58-2124	Cessna	U-3A	United States
6506	US	USAF/US Army fiscal-year serial	57-05869	Cessna	U-3A	United States
7515	US	USAF/US Army fiscal-year serial	58-2166	Cessna	U-3A	United States
8191	US	USAF/US Army fiscal-year serial	57-5894	Cessna	U-3A	United States
9739	US	USAF/US Army fiscal-year serial	57-5863	Cessna	U-3A	United States
25389	US	USAF/US Army fiscal-year serial	58-2126	Cessna	U-3A	United States
26527	US	USAF/US Army fiscal-year serial	57-5922	Cessna	U-3A	United States
27085	US	USAF/US Army fiscal-year serial	57-5872	Cessna	U-3A	United States
24883	US	USAF/US Army fiscal-year serial	60-6052	Cessna	U-3B	United States
26047	US	USAF/US Army fiscal-year serial	55-4648	Aero Commander	U-4B	United States
4189	US	USAF/US Army fiscal-year serial	51-16501	de Havilland Canada	U-6A	United States
10274	US	USAF/US Army fiscal-year serial	58-1997	de Havilland Canada	U-6A	United States
14781	US	USAF/US Army fiscal-year serial	53-3718	de Havilland Canada	U-6A	United Kingdom
24884	US	USAF/US Army fiscal-year serial	52-6087	de Havilland Canada	U-6A	United States
25081	US	USAF/US Army fiscal-year serial	57-2570	de Havilland Canada	U-6A	United States
15255	US	USAF/US Army fiscal-year serial	58-2062	de Havilland Canada	U-6U-6A	United Kingdom
3897	US	USAF/US Army fiscal-year serial	56-3701	Beechcraft	U-8D	United States
10268	US	USAF/US Army fiscal-year serial	58-3051	Beechcraft	U-8D	United States
24695	US	USAF/US Army fiscal-year serial	58-3073	Beech	U-8D	United States
27084	US	USAF/US Army fiscal-year serial	56-3708	Beech	U-8D	United States
7755	US	USAF/US Army fiscal-year serial	62-3838	Beechcraft	U-8F	United States
9740	US	USAF/US Army fiscal-year serial	58-1359	Beechcraft	U-8G	United States
26627	US	USAF/US Army fiscal-year serial	56-4026	Aero Commander	U-9C	United States
71	US	USAF/US Army fiscal-year serial	52-6218	Aero Commander	U-9A	United States
22540	NZ	ZK- registration	ZK-DIB	Cessna	U206A	New Zealand
10641	US	N-number	N13041	Waco	UBA	United States
25194	US	N-number	N13442	Waco	UBF	United States
10642	US	N-number	N13027	Waco	UBF-2	United States
10177	US	USAF/US Army fiscal-year serial	55-4533	Fairchild	UC-123K	United States
6280	US	USAF/US Army fiscal-year serial	42-49071	Beechcraft	UC-43F	United States
21470	US	USAF/US Army fiscal-year serial	43-10826	Beechcraft	UC-43Traveler	Canada
27274	US	N-number	N1047B	Beech	UC-45F	United States
27304	US	N-number	N701FY	Beech	UC-45F	United States
7219	US	US registration (maker is not a UK airframe builder)	N3483	Beechcraft	UC-45J	United States
24835	US	US registration (maker is not a UK airframe builder)	N3752	Beech	UC-45J	United States
24836	US	US registration (maker is not a UK airframe builder)	N3753	Beech	UC-45J	United States
15899	GB	G- registration	G-AIZE	Fairchild	UC-61A Argus II	United Kingdom
25547	US	USAF/US Army fiscal-year serial	42-70862	Fairchild	UC-61C	United States
7673	US	N-number	N81395	Fairchild	UC-61K	United States
5102	US	USAF/US Army fiscal-year serial	44-70296	Noorduyn	UC-64A	United States
6621	US	USAF/US Army fiscal-year serial	43-5233	Noorduyn	UC-64A	United States
19445	IL	4X- registration	4X-ARS	Noorduyn	UC-64A	Israel
23281	NO	LN- registration	LN-PAB	Noorduyn	UC-64A	Norway
27264	US	N-number	N725E	Noorduyn	UC-64A	United States
27308	US	N-number	N55555	Noorduyn	UC-64A	United States
21430	CA	CF- registration	CF-MAM	Noorduyn	UC-64Norseman Mk V	Canada
13206	EC	HC- registration	HC-APV	Douglas	UC-67	Ecuador
354	US	USAF/US Army fiscal-year serial	43-1838	Cessna	UC-78	United States
7662	US	N-number	N44795	Cessna	UC-78	United States
7790	US	N-number	N711UU	Cessna	UC-78	United States
20278	US	N-number	N51760	Cessna	UC-78	United States
25147	US	N-number	N6HS	Cessna	UC-78	United States
25184	US	N-number	N51639	Cessna	UC-78	United States
27323	US	N-number	N44793	Cessna	UC-78	United States
3952	US	USAF/US Army fiscal-year serial	42-39162	Cessna	UC-78B	United States
4127	US	USAF/US Army fiscal-year serial	42-71626	Cessna	UC-78B	United States
24052	US	N-number	N41793	Cessna	UC-78B	United States
24053	US	N-number	N53664	Cessna	UC-78B	United States
24940	US	USAF/US Army fiscal-year serial	42-71714	Cessna	UC-78B	United States
25098	US	USAF/US Army fiscal-year serial	43-32275	Cessna	UC-78B	United States
25583	US	USAF/US Army fiscal-year serial	43-32644	Cessna	UC-78B	United States
340	US	USAF/US Army fiscal-year serial	68-16165	Bell	UH-1	United States
7639	US	USAF/US Army fiscal-year serial	66-16135	Bell	UH-1	United States
7640	US	USAF/US Army fiscal-year serial	65-9937	Bell	UH-1	United States
8008	US	USAF/US Army fiscal-year serial	65-9899	Bell	UH-1	United States
8148	US	USAF/US Army fiscal-year serial	70-16329	Bell	UH-1	United States
8646	US	USAF/US Army fiscal-year serial	65-9888	Bell	UH-1	United States
8648	US	USAF/US Army fiscal-year serial	70-16428	Bell	UH-1	United States
8649	US	USAF/US Army fiscal-year serial	68-16610	Bell	UH-1	United States
24266	US	USAF/US Army fiscal-year serial	66-00831	Bell	UH-1	United States
24590	US	USAF/US Army fiscal-year serial	65-09839	Bell	UH-1	United States
24829	US	USAF/US Army fiscal-year serial	64-13643	Bell	UH-1	United States
25601	US	USAF/US Army fiscal-year serial	71-20326	Bell	UH-1	United States
26546	US	USAF/US Army fiscal-year serial	65-09628	Bell	UH-1	United States
27279	US	USAF/US Army fiscal-year serial	65-12849	Bell	UH-1	United States
27297	US	USAF/US Army fiscal-year serial	69-15188	Bell	UH-1	United States
9809	US	USAF/US Army fiscal-year serial	59-1695	Bell	UH-1A	United States
10270	US	USAF/US Army fiscal-year serial	59-1616	Bell	UH-1A	United States
24467	US	USAF/US Army fiscal-year serial	59-1621	Bell	UH-1A	United States
25856	US	USAF/US Army fiscal-year serial	59-1711	Bell	UH-1A	United States
26128	US	USAF/US Army fiscal-year serial	58-2091	Bell	UH-1A	United States
26592	US	USAF/US Army fiscal-year serial	59-1641	Bell	UH-1A	United States
26648	US	USAF/US Army fiscal-year serial	59-1710	Bell	UH-1A	United States
26890	US	USAF/US Army fiscal-year serial	57-6097	Bell	UH-1A	United States
80	US	USAF/US Army fiscal-year serial	62-12537	Bell	UH-1B	United States
192	US	USAF/US Army fiscal-year serial	63-8610	Bell	UH-1B	United States
3597	US	USAF/US Army fiscal-year serial	60-3607	Bell	UH-1B	United States
3662	US	N-number	N832M	Bell	UH-1B	United States
6684	US	USAF/US Army fiscal-year serial	60-3593	Bell	UH-1B	United States
7510	US	USAF/US Army fiscal-year serial	62-4588	Bell	UH-1B	United States
7644	US	USAF/US Army fiscal-year serial	62-1890	Bell	UH-1B	United States
9810	US	USAF/US Army fiscal-year serial	62-1884	Bell	UH-1B	United States
9811	US	USAF/US Army fiscal-year serial	62-12554	Bell	UH-1B	United States
9856	US	USAF/US Army fiscal-year serial	60-3553	Bell	UH-1B	United States
22086	US	USAF/US Army fiscal-year serial	64-13925	Bell Helicopter	UH-1B	Australia
22212	AU	RAAF A-series serial	A2-384	Bell	UH-1B	Australia
22392	AU	RAAF A-series serial	A2-389	Bell	UH-1B	Australia
22499	NZ	ZK- registration	ZK-HSF	Bell	UH-1B	New Zealand
24838	US	USAF/US Army fiscal-year serial	62-1900	Bell	UH-1B	United States
24839	US	USAF/US Army fiscal-year serial	62-1953	Bell	UH-1B	United States
24840	US	USAF/US Army fiscal-year serial	64-13940	Bell	UH-1B	United States
25016	US	USAF/US Army fiscal-year serial	60-3572	Bell	UH-1B	United States
25046	US	USAF/US Army fiscal-year serial	62-12550	Bell	UH-1B	United States
26129	US	USAF/US Army fiscal-year serial	62-2010	Bell	UH-1B	United States
26577	US	USAF/US Army fiscal-year serial	61-16825	Bell	UH-1B	United States
26805	US	USAF/US Army fiscal-year serial	71-20333	Bell	UH-1B	United States
27110	US	USAF/US Army fiscal-year serial	63-8701	Bell	UH-1B	United States
27232	US	USAF/US Army fiscal-year serial	62-4568	Bell	UH-1B	United States
27233	US	USAF/US Army fiscal-year serial	64-13914	Bell	UH-1B	United States
6646	US	USAF/US Army fiscal-year serial	66-15069	Bell	UH-1C	United States
10392	US	USAF/US Army fiscal-year serial	64-14157	Bell	UH-1C	United States
20144	US	USAF/US Army fiscal-year serial	64-14150	Bell	UH-1C	United States
24189	US	USAF/US Army fiscal-year serial	66-15193	Bell	UH-1C	United States
25272	US	USAF/US Army fiscal-year serial	65-9560	Bell	UH-1C	United States
26723	US	USAF/US Army fiscal-year serial	66-15236	Bell	UH-1C	United States
26813	US	USAF/US Army fiscal-year serial	66-0632	Bell	UH-1C	United States
761	US	USAF/US Army fiscal-year serial	65-10054	Bell	UH-1D	United States
7001	US	USAF/US Army fiscal-year serial	66-16977	Bell	UH-1D	United States
8643	US	USAF/US Army fiscal-year serial	63-12972	Bell	UH-1D	United States
9664	US	USAF/US Army fiscal-year serial	66-16086	Bell	UH-1D	United States
10389	US	USAF/US Army fiscal-year serial	66-16171	Bell	UH-1D	United States
16621	DE	Bundeswehr NN+NN	70+51	Bell	UH-1D	Germany
16622	DE	Bundeswehr NN+NN	73+08	Bell	UH-1D	Germany
16709	US	USAF/US Army fiscal-year serial	55-4458	Bell	UH-1D	Germany
16740	DE	Bundeswehr NN+NN	70+45	Bell	UH-1D	Germany
16915	DE	Bundeswehr NN+NN	72+56	Dornier	UH-1D	Germany
16951	DE	Bundeswehr NN+NN	72+01	Dornier	UH-1D	Germany
16952	DE	Bundeswehr NN+NN	73+24	Dornier	UH-1D	Germany
16953	DE	Bundeswehr NN+NN	70+38	Dornier	UH-1D	Germany
16962	DE	Bundeswehr NN+NN	71+09	Bell	UH-1D	Germany
16963	DE	Bundeswehr NN+NN	73+83	Bell	UH-1D	Germany
16994	DE	Bundeswehr NN+NN	71+01	Dornier	UH-1D	Germany
16995	DE	Bundeswehr NN+NN	72+77	Dornier	UH-1D	Germany
17074	US	USAF/US Army fiscal-year serial	64-13661	Bell	UH-1D	Germany
17075	US	USAF/US Army fiscal-year serial	65-30659	Bell	UH-1D	Germany
17076	US	USAF/US Army fiscal-year serial	66-28236	Bell	UH-1D	Germany
17084	DE	D- registration	D-HATE	Bell	UH-1D	Germany
17085	DE	Bundeswehr NN+NN	71+42	Bell	UH-1D	Germany
17086	DE	Bundeswehr NN+NN	73+11	Bell	UH-1D	Germany
17265	DE	Bundeswehr NN+NN	72+85	Dornier	UH-1D	Germany
17266	DE	Bundeswehr NN+NN	71+83	Dornier	UH-1D	Germany
17277	DE	D- registration	D-HBZV	Bell	UH-1D	Germany
17474	DE	Bundeswehr NN+NN	70+68	Bell	UH-1D	Germany
17483	DE	Bundeswehr NN+NN	70+43	Dornier	UH-1D	Germany
17685	DE	Bundeswehr NN+NN	70+92	Bell	UH-1D	Germany
17710	DE	Bundeswehr NN+NN	71+68	Dornier	UH-1D	Germany
17760	DE	Bundeswehr NN+NN	72+68	Bell	UH-1D	Germany
17845	DE	D- registration	D-HATU	Bell	UH-1D	Germany
17863	DE	Bundeswehr NN+NN	72+97	Bell	UH-1D	Germany
18075	DE	Bundeswehr NN+NN	73+01	Bell	UH-1D	Germany
18076	DE	Bundeswehr NN+NN	73+05	Bell	UH-1D	Germany
24207	US	USAF/US Army fiscal-year serial	64-14175	Bell	UH-1D	United States
25227	US	USAF/US Army fiscal-year serial	65-9915	Bell	UH-1D	United States
25289	US	USAF/US Army fiscal-year serial	64-13678	Bell	UH-1D	United States
25577	US	USAF/US Army fiscal-year serial	65-10091	Bell	UH-1D	United States
25628	US	USAF/US Army fiscal-year serial	64-13732	Bell	UH-1D	United States
25813	US	USAF/US Army fiscal-year serial	65-10132	Bell	UH-1D	United States
25961	US	USAF/US Army fiscal-year serial	64-13972	Bell	UH-1D	United States
26188	US	USAF/US Army fiscal-year serial	64-13786	Bell	UH-1D	United States
26309	US	USAF/US Army fiscal-year serial	65-9775	Bell	UH-1D	United States
27105	US	USAF/US Army fiscal-year serial	66-16795	Bell	UH-1D	United States
82	US	USAF/US Army fiscal-year serial	63-13143	Bell	UH-1F	United States
3910	US	USAF/US Army fiscal-year serial	63-13141	Bell	UH-1F	United States
6660	US	USAF/US Army fiscal-year serial	68-15481	Bell	UH-1F	United States
24877	US	USAF/US Army fiscal-year serial	65-7959	Bell	UH-1F	United States
27054	US	USAF/US Army fiscal-year serial	66-1215	Bell	UH-1F	United States
27061	US	USAF/US Army fiscal-year serial	65-7946	Bell	UH-1F	United States
27088	US	USAF/US Army fiscal-year serial	65-7951	Bell	UH-1F	United States
27203	US	USAF/US Army fiscal-year serial	65-7956	Bell	UH-1F	United States
27247	US	USAF/US Army fiscal-year serial	65-7953	Bell	UH-1F	United States
61	US	USAF/US Army fiscal-year serial	66-16579	Bell	UH-1H	United Kingdom
6180	US	USAF/US Army fiscal-year serial	72-21605	Bell	UH-1H	United Kingdom
6393	US	USAF/US Army fiscal-year serial	69-15140	Bell	UH-1H	United States
500	US	USAF/US Army fiscal-year serial	63-08848	Bell	UH-1H	United States
3598	US	USAF/US Army fiscal-year serial	66-0765	Bell	UH-1H	United States
3805	US	USAF/US Army fiscal-year serial	69-15312	Bell	UH-1H	United States
3806	US	USAF/US Army fiscal-year serial	70-15839	Bell	UH-1H	United States
3911	US	USAF/US Army fiscal-year serial	64-13895	Bell	UH-1H	United States
5757	US	USAF/US Army fiscal-year serial	65-10126	Bell	UH-1H	United States
6285	US	USAF/US Army fiscal-year serial	64-13502	Bell	UH-1H	United States
6574	US	USAF/US Army fiscal-year serial	67-19527	Bell	UH-1H	United States
6702	US	USAF/US Army fiscal-year serial	66-16654	Bell	UH-1H	United States
6995	US	USAF/US Army fiscal-year serial	67-17859	Bell	UH-1H	United States
7057	US	USAF/US Army fiscal-year serial	69-15186	Bell	UH-1H	United States
7146	US	USAF/US Army fiscal-year serial	67-17238	Bell	UH-1H	United States
7147	US	USAF/US Army fiscal-year serial	68-15419	Bell	UH-1H	United States
7161	US	USAF/US Army fiscal-year serial	73-21707	Bell	UH-1H	United States
7383	US	USAF/US Army fiscal-year serial	64-14142	Bell	UH-1H	United States
7432	US	USAF/US Army fiscal-year serial	65-10090	Bell	UH-1H	United States
7442	US	USAF/US Army fiscal-year serial	66-17113	Bell	UH-1H	United States
7443	US	USAF/US Army fiscal-year serial	71-20044	Bell	UH-1H	United States
7448	US	USAF/US Army fiscal-year serial	73-21676	Bell	UH-1H	United States
7449	US	USAF/US Army fiscal-year serial	65-10014	Bell	UH-1H	United States
7464	US	USAF/US Army fiscal-year serial	66-1078	Bell	UH-1H	United States
7466	US	USAF/US Army fiscal-year serial	65-9889	Bell	UH-1H	United States
7468	US	USAF/US Army fiscal-year serial	68-16179	Bell	UH-1H	United States
7672	US	USAF/US Army fiscal-year serial	65-09617	Bell	UH-1H	United States
7826	US	USAF/US Army fiscal-year serial	66-1204	Bell	UH-1H	United States
7899	US	USAF/US Army fiscal-year serial	64-13569	Bell	UH-1H	United States
7900	US	USAF/US Army fiscal-year serial	65-10011	Bell	UH-1H	United States
7927	US	USAF/US Army fiscal-year serial	64-13866	Bell	UH-1H	United States
7928	US	USAF/US Army fiscal-year serial	68-15652	Bell	UH-1H	United States
7929	US	USAF/US Army fiscal-year serial	64-13632	Bell	UH-1H	United States
7981	US	USAF/US Army fiscal-year serial	68-16411	Bell	UH-1H	United States
7994	US	USAF/US Army fiscal-year serial	69-15127	Bell	UH-1H	United States
8122	US	USAF/US Army fiscal-year serial	72-21508	Bell	UH-1H	United States
8233	US	USAF/US Army fiscal-year serial	66-1168	Bell	UH-1H	United States
8234	US	USAF/US Army fiscal-year serial	68-16329	Bell	UH-1H	United States
8241	US	USAF/US Army fiscal-year serial	68-15532	Bell	UH-1H	United States
8293	US	USAF/US Army fiscal-year serial	68-16475	Bell	UH-1H	United States
8399	US	USAF/US Army fiscal-year serial	64-13644	Bell	UH-1H	United States
8522	US	USAF/US Army fiscal-year serial	66-17048	Bell	UH-1H	United States
8557	US	USAF/US Army fiscal-year serial	69-15939	Bell	UH-1H	United States
8559	US	USAF/US Army fiscal-year serial	65-9587	Bell	UH-1H	United States
8561	US	USAF/US Army fiscal-year serial	70-16349	Bell	UH-1H	United States
8928	US	USAF/US Army fiscal-year serial	70-15931	Bell	UH-1H	Philippines
8933	US	USAF/US Army fiscal-year serial	66-16905	Bell	UH-1H	Philippines
8936	US	USAF/US Army fiscal-year serial	73-13418	Bell	UH-1H	Philippines
8951	US	USAF/US Army fiscal-year serial	67-9973	Bell	UH-1H	Philippines
8956	US	USAF/US Army fiscal-year serial	65-4614	Bell	UH-1H	Philippines
9537	US	USAF/US Army fiscal-year serial	69-15209	Bell	UH-1H	Vietnam
9620	US	USAF/US Army fiscal-year serial	69-15753	Bell	UH-1H	Vietnam
9625	US	USAF/US Army fiscal-year serial	69-15130	Bell	UH-1H	Vietnam
9665	US	USAF/US Army fiscal-year serial	66-16873	Bell	UH-1H	United States
9812	US	USAF/US Army fiscal-year serial	68-16404	Bell	UH-1H	United States
9857	US	USAF/US Army fiscal-year serial	68-15595	Bell	UH-1H	United States
10159	US	USAF/US Army fiscal-year serial	66-16056	Bell	UH-1H	United States
10160	US	USAF/US Army fiscal-year serial	68-16114	Bell	UH-1H	United States
10271	US	USAF/US Army fiscal-year serial	74-22376	Bell	UH-1H	United States
10357	US	USAF/US Army fiscal-year serial	65-9803	Bell	UH-1H	United States
10486	US	USAF/US Army fiscal-year serial	70-16351	Bell	UH-1H	United States
19685	US	USAF/US Army fiscal-year serial	69-15724	Bell	UH-1H	Turkey
19731	US	USAF/US Army fiscal-year serial	69-15720	Bell	UH-1H	Turkey
19779	US	N-number	N78NW	Bell	UH-1H	Turkey
19968	US	USAF/US Army fiscal-year serial	69-15645	Bell	UH-1H	Turkey
20110	US	USAF/US Army fiscal-year serial	65-12882	Bell	UH-1H	United States
20157	US	USAF/US Army fiscal-year serial	71-20244	Bell	UH-1H	United States
20162	US	USAF/US Army fiscal-year serial	67-17416	Bell	UH-1H	United States
21599	AU	RAAF A-series serial	A2-508	Bell Helicopter	UH-1H	Australia
21601	AU	RAAF A-series serial	A2-487	Bell	UH-1H	Australia
21609	AU	RAAF A-series serial	A2-649	Bell Helicopter	UH-1H	Australia
21707	AU	RAAF A-series serial	A2-296	Bell	UH-1H	Australia
21885	US	USAF/US Army fiscal-year serial	66-16290	Bell	UH-1H	Australia
21925	AU	RAAF A-series serial	A2-085	Bell Helicopter	UH-1H	Australia
21934	AU	RAAF A-series serial	A2-703	Bell	UH-1H	Australia
22016	AU	RAAF A-series serial	A2-490	Bell	UH-1H	Australia
22020	AU	RAAF A-series serial	A2-382	Bell Helicopter	UH-1H	Australia
22028	AU	RAAF A-series serial	A2-485	Bell	UH-1H	Australia
22039	AU	RAAF A-series serial	A2-110	Bell	UH-1H	Australia
22055	AU	RAAF A-series serial	A2-489	Bell	UH-1H	Australia
22087	AU	RAAF A-series serial	A2-310	Bell Helicopter	UH-1H	Australia
22186	AU	RAAF A-series serial	A2-771	Bell Helicopter	UH-1H	Australia
22207	AU	RAAF A-series serial	A2-488	Bell Helicopter	UH-1H	Australia
22214	AU	RAAF A-series serial	A2-377	Bell	UH-1H	Australia
22278	AU	RAAF A-series serial	A2-766	Bell Helicopter	UH-1H	Australia
22296	AU	RAAF A-series serial	A2-376	Bell Helicopter	UH-1H	Australia
22298	AU	RAAF A-series serial	A2-295	Bell	UH-1H	Australia
22299	AU	RAAF A-series serial	A2-278	Bell	UH-1H	Australia
22370	US	USAF/US Army fiscal-year serial	72-21631	Bell	UH-1H	Australia
22393	AU	RAAF A-series serial	A2-773	Bell	UH-1H	Australia
22431	US	USAF/US Army fiscal-year serial	69-15923	Bell	UH-1H	New Zealand
22432	NZ	RNZAF serial	NZ3801	Bell	UH-1H	New Zealand
23922	US	USAF/US Army fiscal-year serial	66-16993	Bell	UH-1H	United States
23923	US	USAF/US Army fiscal-year serial	66-16014	Bell	UH-1H	United States
24000	US	USAF/US Army fiscal-year serial	66-1129	Bell	UH-1H	United States
24146	US	USAF/US Army fiscal-year serial	70-16469	Bell	UH-1H	United States
24192	US	USAF/US Army fiscal-year serial	66-1071	Bell	UH-1H	United States
24197	US	USAF/US Army fiscal-year serial	65-09897	Bell	UH-1H	United States
24198	US	USAF/US Army fiscal-year serial	70-16432	Bell	UH-1H	United States
24209	US	USAF/US Army fiscal-year serial	66-16012	Bell	UH-1H	United States
24261	US	USAF/US Army fiscal-year serial	67-17798	Bell	UH-1H	United States
24263	US	USAF/US Army fiscal-year serial	67-17611	Bell	UH-1H	United States
24287	US	USAF/US Army fiscal-year serial	63-12982	Bell	UH-1H	United States
24693	US	USAF/US Army fiscal-year serial	65-9690	Bell	UH-1H	United States
24704	US	USAF/US Army fiscal-year serial	71-20312	Bell	UH-1H	United States
24706	US	USAF/US Army fiscal-year serial	66-17019	Bell	UH-1H	United States
24707	US	USAF/US Army fiscal-year serial	68-16521	Bell	UH-1H	United States
24714	US	USAF/US Army fiscal-year serial	68-15362	Bell	UH-1H	United States
24715	US	USAF/US Army fiscal-year serial	69-16723	Bell	UH-1H	United States
24736	US	USAF/US Army fiscal-year serial	70-16249	Bell	UH-1H	United States
24737	US	USAF/US Army fiscal-year serial	67-19519	Bell	UH-1H	United States
24739	US	USAF/US Army fiscal-year serial	66-16923	Bell	UH-1H	United States
24741	US	USAF/US Army fiscal-year serial	66-16405	Bell	UH-1H	United States
24755	US	USAF/US Army fiscal-year serial	66-16624	Bell	UH-1H	United States
24756	US	USAF/US Army fiscal-year serial	68-16104	Bell	UH-1H	United States
24757	US	USAF/US Army fiscal-year serial	69-15354	Bell	UH-1H	United States
24758	US	USAF/US Army fiscal-year serial	70-16221	Bell	UH-1H	United States
24759	US	USAF/US Army fiscal-year serial	70-16315	Bell	UH-1H	United States
24760	US	USAF/US Army fiscal-year serial	70-16426	Bell	UH-1H	United States
24822	US	USAF/US Army fiscal-year serial	70-16446	Bell	UH-1H	United States
24846	US	USAF/US Army fiscal-year serial	66-16992	Bell	UH-1H	United States
24847	US	USAF/US Army fiscal-year serial	70-16406	Bell	UH-1H	United States
25012	US	USAF/US Army fiscal-year serial	68-16609	Bell	UH-1H	United States
25017	US	USAF/US Army fiscal-year serial	69-15693	Bell	UH-1H	United States
25221	US	USAF/US Army fiscal-year serial	66-0941	Bell	UH-1H	United States
25251	US	USAF/US Army fiscal-year serial	68-16616	Bell	UH-1H	United States
25252	US	USAF/US Army fiscal-year serial	71-20233	Bell	UH-1H	United States
25288	US	USAF/US Army fiscal-year serial	66-16132	Bell	UH-1H	United States
25290	US	USAF/US Army fiscal-year serial	63-8809	Bell	UH-1H	United States
25398	US	USAF/US Army fiscal-year serial	69-15475	Bell	UH-1H	United States
25456	US	USAF/US Army fiscal-year serial	68-16132	Bell	UH-1H	United States
25619	US	USAF/US Army fiscal-year serial	65-9884	Bell	UH-1H	United States
25671	US	USAF/US Army fiscal-year serial	66-16109	Bell	UH-1H	United States
25676	US	USAF/US Army fiscal-year serial	71-20012	Bell	UH-1H	United States
25718	US	USAF/US Army fiscal-year serial	64-13731	Bell	UH-1H	United States
25793	US	USAF/US Army fiscal-year serial	72-21524	Bell	UH-1H	United States
25797	US	USAF/US Army fiscal-year serial	68-16289	Bell	UH-1H	United States
25845	US	USAF/US Army fiscal-year serial	73-21685	Bell	UH-1H	United States
25862	US	USAF/US Army fiscal-year serial	65-9559	Bell	UH-1H	United States
25902	US	USAF/US Army fiscal-year serial	66-15000	Bell	UH-1H	United States
25907	US	USAF/US Army fiscal-year serial	66-15217	Bell	UH-1H	United States
25908	US	USAF/US Army fiscal-year serial	64-13767	Bell	UH-1H	United States
25913	US	USAF/US Army fiscal-year serial	64-13729	Bell	UH-1H	United States
25914	US	USAF/US Army fiscal-year serial	66-16236	Bell	UH-1H	United States
25916	US	USAF/US Army fiscal-year serial	67-17145	Bell	UH-1H	United States
25922	US	USAF/US Army fiscal-year serial	71-20235	Bell	UH-1H	United States
25943	US	USAF/US Army fiscal-year serial	66-0643	Bell	UH-1H	United States
25944	US	USAF/US Army fiscal-year serial	67-17545	Bell	UH-1H	United States
25970	US	USAF/US Army fiscal-year serial	66-0764	Bell	UH-1H	United States
25972	US	USAF/US Army fiscal-year serial	67-17338	Bell	UH-1H	United States
26043	US	USAF/US Army fiscal-year serial	65-12873	Bell	UH-1H	United States
26165	US	USAF/US Army fiscal-year serial	68-16608	Bell	UH-1H	United States
26166	US	USAF/US Army fiscal-year serial	69-15937	Bell	UH-1H	United States
26167	US	USAF/US Army fiscal-year serial	66-0877	Bell	UH-1H	United States
26197	US	USAF/US Army fiscal-year serial	66-0868	Bell	UH-1H	United States
26202	US	USAF/US Army fiscal-year serial	73-21688	Bell	UH-1H	United States
26230	US	USAF/US Army fiscal-year serial	71-20208	Bell	UH-1H	United States
26231	US	USAF/US Army fiscal-year serial	67-17589	Bell	UH-1H	United States
26234	US	USAF/US Army fiscal-year serial	68-16450	Bell	UH-1H	United States
26241	US	USAF/US Army fiscal-year serial	68-16594	Bell	UH-1H	United States
26250	US	USAF/US Army fiscal-year serial	67-19532	Bell	UH-1H	United States
26271	US	USAF/US Army fiscal-year serial	66-2036	Bell	UH-1H	United States
26273	US	USAF/US Army fiscal-year serial	67-17219	Bell	UH-1H	United States
26281	US	USAF/US Army fiscal-year serial	66-16909	Bell	UH-1H	United States
26283	US	USAF/US Army fiscal-year serial	66-16999	Bell	UH-1H	United States
26285	US	USAF/US Army fiscal-year serial	72-21639	Bell	UH-1H	United States
26287	US	USAF/US Army fiscal-year serial	64-13709	Bell	UH-1H	United States
26289	US	USAF/US Army fiscal-year serial	67-19526	Bell	UH-1H	United States
26303	US	USAF/US Army fiscal-year serial	65-10028	Bell	UH-1H	United States
26308	US	USAF/US Army fiscal-year serial	68-16601	Bell	UH-1H	United States
26421	US	USAF/US Army fiscal-year serial	67-17368	Bell	UH-1H	United States
26429	US	USAF/US Army fiscal-year serial	66-01126	Bell	UH-1H	United States
26476	US	USAF/US Army fiscal-year serial	66-16048	Bell	UH-1H	United States
26497	US	USAF/US Army fiscal-year serial	67-17153	Bell	UH-1H	United States
26530	US	USAF/US Army fiscal-year serial	68-16256	Bell	UH-1H	United States
26564	US	USAF/US Army fiscal-year serial	67-17832	Bell	UH-1H	United States
26575	US	USAF/US Army fiscal-year serial	68-16215	Bell	UH-1H	United States
26576	US	USAF/US Army fiscal-year serial	68-16265	Bell	UH-1H	United States
26612	US	USAF/US Army fiscal-year serial	65-10030	Bell	UH-1H	United States
26649	US	USAF/US Army fiscal-year serial	69-15598	Bell	UH-1H	United States
26650	US	USAF/US Army fiscal-year serial	74-22371	Bell	UH-1H	United States
26651	US	USAF/US Army fiscal-year serial	74-22397	Bell	UH-1H	United States
26699	US	USAF/US Army fiscal-year serial	66-1039	Bell	UH-1H	United States
26708	US	USAF/US Army fiscal-year serial	67-17539	Bell	UH-1H	United States
26715	US	USAF/US Army fiscal-year serial	71-20066	Bell	UH-1H	United States
26722	US	USAF/US Army fiscal-year serial	66-16683	Bell	UH-1H	United States
26725	US	USAF/US Army fiscal-year serial	66-0761	Bell	UH-1H	United States
26756	US	USAF/US Army fiscal-year serial	68-16504	Bell	UH-1H	United States
26764	US	USAF/US Army fiscal-year serial	67-17288	Bell	UH-1H	United States
26768	US	USAF/US Army fiscal-year serial	67-17562	Bell	UH-1H	United States
26774	US	USAF/US Army fiscal-year serial	66-16665	Bell	UH-1H	United States
26781	US	USAF/US Army fiscal-year serial	68-16088	Bell	UH-1H	United States
26782	US	USAF/US Army fiscal-year serial	69-16652	Bell	UH-1H	United States
26787	US	USAF/US Army fiscal-year serial	66-16041	Bell	UH-1H	United States
26789	US	USAF/US Army fiscal-year serial	66-17031	Bell	UH-1H	United States
26790	US	USAF/US Army fiscal-year serial	68-15275	Bell	UH-1H	United States
26791	US	USAF/US Army fiscal-year serial	70-16358	Bell	UH-1H	United States
26796	US	USAF/US Army fiscal-year serial	68-15586	Bell	UH-1H	United States
26809	US	USAF/US Army fiscal-year serial	64-13851	Bell	UH-1H	United States
26811	US	USAF/US Army fiscal-year serial	67-17514	Bell	UH-1H	United States
26817	US	USAF/US Army fiscal-year serial	66-0958	Bell	UH-1H	United States
26822	US	USAF/US Army fiscal-year serial	66-1130	Bell	UH-1H	United States
26823	US	USAF/US Army fiscal-year serial	73-21712	Bell	UH-1H	United States
26848	US	USAF/US Army fiscal-year serial	64-13882	Bell	UH-1H	United States
26849	US	USAF/US Army fiscal-year serial	65-10077	Bell	UH-1H	United States
26889	US	USAF/US Army fiscal-year serial	65-9792	Bell	UH-1H	United States
26896	US	USAF/US Army fiscal-year serial	66-16227	Bell	UH-1H	United States
26907	US	USAF/US Army fiscal-year serial	70-16435	Bell	UH-1H	United States
26976	US	USAF/US Army fiscal-year serial	63-8825	Bell	UH-1H	United States
27009	US	USAF/US Army fiscal-year serial	67-17406	Bell	UH-1H	United States
27040	US	USAF/US Army fiscal-year serial	64-13879	Bell	UH-1H	United States
27104	US	USAF/US Army fiscal-year serial	68-15369	Bell	UH-1H	United States
27115	US	USAF/US Army fiscal-year serial	69-15916	Bell	UH-1H	United States
27117	US	USAF/US Army fiscal-year serial	74-22438	Bell	UH-1H	United States
27123	US	USAF/US Army fiscal-year serial	66-17054	Bell	UH-1H	United States
27132	US	USAF/US Army fiscal-year serial	65-9667	Bell	UH-1H	United States
27151	US	USAF/US Army fiscal-year serial	66-16304	Bell	UH-1H	United States
27159	US	USAF/US Army fiscal-year serial	64-13601	Bell	UH-1H	United States
27177	US	USAF/US Army fiscal-year serial	66-16278	Bell	UH-1H	United States
27179	US	USAF/US Army fiscal-year serial	73-21687	Bell	UH-1H	United States
27180	US	USAF/US Army fiscal-year serial	67-17500	Bell	UH-1H	United States
27229	US	USAF/US Army fiscal-year serial	66-16019	Bell	UH-1H	United States
27253	US	USAF/US Army fiscal-year serial	69-15660	Bell	UH-1H	United States
27305	US	USAF/US Army fiscal-year serial	66-0934	Bell	UH-1H	United States
27319	US	USAF/US Army fiscal-year serial	66-17044	Bell	UH-1H	United States
3912	US	USAF/US Army fiscal-year serial	65-9430	Bell	UH-1M	United States
6662	US	USAF/US Army fiscal-year serial	66-15229	Bell	UH-1M	United States
6868	US	USAF/US Army fiscal-year serial	66-0616	Bell	UH-1M	United States
7384	US	USAF/US Army fiscal-year serial	68-16189	Bell	UH-1M	United States
7697	US	USAF/US Army fiscal-year serial	66-0683	Bell	UH-1M	United States
8016	US	USAF/US Army fiscal-year serial	65-9541	Bell	UH-1M	United States
8123	US	USAF/US Army fiscal-year serial	65-9484	Bell	UH-1M	United States
8164	US	USAF/US Army fiscal-year serial	65-9495	Bell	UH-1M	United States
8231	US	USAF/US Army fiscal-year serial	66-15211	Bell	UH-1M	United States
8232	US	USAF/US Army fiscal-year serial	66-0513	Bell	UH-1M	United States
8422	US	USAF/US Army fiscal-year serial	65-9510	Bell	UH-1M	United States
8655	US	USAF/US Army fiscal-year serial	64-14156	Bell	UH-1M	United States
9775	US	USAF/US Army fiscal-year serial	66-15156	Bell	UH-1M	United States
9813	US	USAF/US Army fiscal-year serial	65-9446	Bell	UH-1M	United States
10124	US	USAF/US Army fiscal-year serial	66-15186	Bell	UH-1M	United States
10289	US	USAF/US Army fiscal-year serial	66-0648	Bell	UH-1M	United States
20111	US	USAF/US Army fiscal-year serial	66-15050	Bell	UH-1M	United States
20128	US	USAF/US Army fiscal-year serial	66-15212	Bell	UH-1M	United States
20160	US	USAF/US Army fiscal-year serial	66-15107	Bell	UH-1M	United States
24199	US	USAF/US Army fiscal-year serial	66-15102	Bell	UH-1M	United States
24269	US	USAF/US Army fiscal-year serial	66-15076	Bell	UH-1M	United States
24375	US	USAF/US Army fiscal-year serial	65-9435	Bell	UH-1M	United States
25179	US	USAF/US Army fiscal-year serial	66-00609	Bell	UH-1M	United States
25662	US	USAF/US Army fiscal-year serial	66-15238	Bell	UH-1M	United States
25812	US	USAF/US Army fiscal-year serial	66-15005	Bell	UH-1M	United States
26198	US	USAF/US Army fiscal-year serial	64-14179	Bell	UH-1M	United States
26709	US	USAF/US Army fiscal-year serial	66-0731	Bell	UH-1M	United States
26982	US	USAF/US Army fiscal-year serial	66-15187	Bell	UH-1M	United States
27139	US	USAF/US Army fiscal-year serial	66-0497	Bell	UH-1M	United States
10181	US	USAF/US Army fiscal-year serial	64-15493	Bell	UH-1P	United States
24878	US	USAF/US Army fiscal-year serial	65-7925	Bell	UH-1P	United States
26156	US	USAF/US Army fiscal-year serial	63-13160	Bell	UH-1P	United States
7433	US	USAF/US Army fiscal-year serial	68-15492	Bell	UH-1V	United States
9776	US	USAF/US Army fiscal-year serial	70-16393	Bell	UH-1V	United States
9814	US	USAF/US Army fiscal-year serial	70-16387	Bell	UH-1V	United States
20127	US	USAF/US Army fiscal-year serial	71-20332	Bell	UH-1V	United States
20132	US	USAF/US Army fiscal-year serial	73-21718	Bell	UH-1V	United States
20199	US	USAF/US Army fiscal-year serial	68-16138	Bell	UH-1V	United States
21814	AU	RAAF A-series serial	A2-767	Bell	UH-1V	Australia
23921	US	USAF/US Army fiscal-year serial	68-15543	Bell	UH-1V	United States
23927	US	USAF/US Army fiscal-year serial	67-17813	Bell	UH-1V	United States
23928	US	USAF/US Army fiscal-year serial	68-15526	Bell	UH-1V	United States
23930	US	USAF/US Army fiscal-year serial	66-0902	Bell	UH-1V	United States
24214	US	USAF/US Army fiscal-year serial	68-16614	Bell	UH-1V	United States
24265	US	USAF/US Army fiscal-year serial	66-0831	Bell	UH-1V	United States
24267	US	USAF/US Army fiscal-year serial	69-15593	Bell	UH-1V	United States
24703	US	USAF/US Army fiscal-year serial	70-15815	Bell	UH-1V	United States
24705	US	USAF/US Army fiscal-year serial	66-16155	Bell	UH-1V	United States
24788	US	USAF/US Army fiscal-year serial	74-22297	Bell	UH-1V	United States
25233	US	USAF/US Army fiscal-year serial	65-9613	Bell	UH-1V	United States
25275	US	USAF/US Army fiscal-year serial	69-15395	Bell	UH-1V	United States
25666	US	USAF/US Army fiscal-year serial	70-16277	Bell	UH-1V	United States
25921	US	USAF/US Army fiscal-year serial	71-20213	Bell	UH-1V	United States
26771	US	USAF/US Army fiscal-year serial	68-15529	Bell	UH-1V	United States
26818	US	USAF/US Army fiscal-year serial	67-17599	Bell	UH-1V	United States
4481	US	N-number	N7725C	Hiller	UH-12C	United States
15051	GB	G- registration	G-ASTP	Hiller	UH-12C	United Kingdom
6321	US	N-number	N5363V	Hiller	UH-12E	United States
6322	US	N-number	N1H	Hiller	UH-12E	United States
11590	AR	LV- registration	LV-HEN	Hiller	UH-12E	Argentina
22574	NZ	ZK- registration	ZK-HIK	Hiller	UH-12E	New Zealand
22668	NZ	ZK- registration	ZK-HGN	Hiller	UH-12E	New Zealand
22647	NZ	ZK- registration	ZK-HGB	Hiller	UH-12J-3	New Zealand
341	US	USAF/US Army fiscal-year serial	56-2217	Bell	UH-13	United States
4233	US	USAF/US Army fiscal-year serial	57-2728	Bell	UH-13J	United States
5166	US	USAF/US Army fiscal-year serial	52-7587	Sikorsky	UH-19B	United States
5272	US	USAF/US Army fiscal-year serial	52-7537	Sikorsky	UH-19B	United States
19686	US	USAF/US Army fiscal-year serial	52-7577	Sikorsky	UH-19B	Turkey
763	US	USAF/US Army fiscal-year serial	55-4943	Sikorsky	UH-19D	United States
20183	US	N-number	N37788	Sikorsky	UH-19D	United States
24944	US	USAF/US Army fiscal-year serial	55-3228	Sikorsky	UH-19D	United States
27060	US	USAF/US Army fiscal-year serial	57-5959	Sikorsky	UH-19D	United States
3611	US	N-number	N163YP	Sikorsky	UH-34D	United States
24071	US	N-number	N46922	Sikorsky	UH-34J	United States
7638	US	USAF/US Army fiscal-year serial	82-23712	Sikorsky	UH-60A	United States
9777	US	USAF/US Army fiscal-year serial	90-26288	Sikorsky	UH-60L	United States
5261	US	USAF/US Army fiscal-year serial	06-20017	Sikorsky	UH-60MU	United States
10643	US	N-number	N13572	Waco	UIC	United States
20438	CA	CF- registration	CF-AAW	Waco	UIC	Canada
25149	US	N-number	N13408	Waco	UIC	United States
27271	US	N-number	N13409	Waco	UIC	United States
15047	GB	RAF two-letter serial	XJ928	Fairey	Ultra-Light	United Kingdom
15269	GB	G- registration	G-APJJ	Fairey	Ultralight	United Kingdom
21498	CA	C-F/G registration	C-IATH	Eagle	Ultralight	Canada
8539	US	N-number	N14041	Waco	UMF	United States
20429	CA	G-C Canadian Empire-era mark	G-CAHE	Fokker	Universal	Canada
21346	CA	G-C Canadian Empire-era mark	G-CAJD	Fokker	Universal	Canada
21598	AU	VH- registration	VH-UTO	Fokker	Universal	Australia
24255	US	N-number	N32006	Waco	UPF-7	United States
25150	US	N-number	N29324	Waco	UPF-7	United States
24551	US	N-number	N30422	Slingsby	UT-1	United States
14245	GB	RAF two-letter serial	XK776	ML Aviation	Utility Mk 1	United Kingdom
7845	US	N-number	N3116K	Culver	V	United States
6620	US	N-number	N43YF	Stinson	V-77	United States
7213	US	N-number	N88026	Stinson	V-77	United States
7275	US	N-number	N5490N	Stinson	V-77	United States
7802	US	N-number	N9362H	Stinson	V-77	United States
8029	US	N-number	N65442	Stinson	V-77	United States
27269	US	N-number	N79458	Stinson	V-77	United States
27311	US	N-number	N60924	Stinson	V-77	United States
21258	CA	CF- registration	CF-BGM	Stinson	V-77AT-19 Reliant	Canada
15617	GB	RAF two-letter serial	VX580	Vickers	Valetta C.2	United Kingdom
16416	GB	RAF two-letter serial	VX573	Vickers	Valetta C.2	United Kingdom
16196	GB	RAF two-letter serial	WJ476	Vickers	Valetta T.3	United Kingdom
15363	GB	RAF two-letter serial	XD875	Vickers	Valiant B.1	United Kingdom
14472	GB	RAF two-letter serial	XD816	Vickers	Valiant B(K).1	United Kingdom
14558	GB	RAF two-letter serial	XD857	Vickers	Valiant B(K).1	United Kingdom
14820	GB	RAF two-letter serial	XD826	Vickers	Valiant B(K).1	United Kingdom
15857	GB	RAF two-letter serial	XD818	Vickers	Valiant B(K).1	United Kingdom
15257	GB	RAF two-letter serial	VF301	de Havilland	Vampire F.1	United Kingdom
15748	GB	RAF two-letter serial	VT812	de Havilland	Vampire F.3	United Kingdom
14694	GB	RAF two-letter serial	VV217	de Havilland	Vampire FB.5	United Kingdom
18084	GB	RAF two-letter serial	XE995	de Havilland	Vampire FB.6	Germany
19766	GB	G- registration	G-MKVI	de Havilland	Vampire FB.6	Turkey
14696	GB	RAF two-letter serial	WM729	de Havilland	Vampire NF.10	United Kingdom
16203	GB	RAF two-letter serial	WP255	de Havilland	Vampire NF.10	United Kingdom
14557	GB	RAF two-letter serial	XD434	de Havilland	Vampire T.11	United Kingdom
14695	GB	RAF two-letter serial	XJ772	de Havilland	Vampire T.11	United Kingdom
15632	GB	RAF two-letter serial	XK624	de Havilland	Vampire T.11	United Kingdom
16279	GB	RAF two-letter serial	XD506	de Havilland	Vampire T.11	United Kingdom
6196	GB	RAF two-letter serial	WZ590	de Havilland	Vampire T.11	United Kingdom
14150	GB	RAF two-letter serial	XE852	de Havilland	Vampire T.11	United Kingdom
14178	GB	RAF two-letter serial	XD447	de Havilland	Vampire T.11	United Kingdom
14179	GB	RAF two-letter serial	XD534	de Havilland	Vampire T.11	United Kingdom
14226	GB	RAF two-letter serial	XK623	de Havilland	Vampire T.11	United Kingdom
14403	GB	RAF two-letter serial	XE856	de Havilland	Vampire T.11	United Kingdom
14457	GB	RAF two-letter serial	XK625	de Havilland	Vampire T.11	United Kingdom
14574	GB	RAF two-letter serial	XK627	de Havilland	Vampire T.11	United Kingdom
14676	GB	RAF two-letter serial	XE946	de Havilland	Vampire T.11	United Kingdom
14754	GB	RAF two-letter serial	XD547	de Havilland	Vampire T.11	United Kingdom
15163	GB	RAF two-letter serial	XD624	de Havilland	Vampire T.11	United Kingdom
15258	GB	RAF two-letter serial	XD626	de Havilland	Vampire T.11	United Kingdom
15259	GB	RAF two-letter serial	XE855	de Havilland	Vampire T.11	United Kingdom
15361	GB	RAF two-letter serial	XD425	de Havilland	Vampire T.11	United Kingdom
15411	GB	RAF two-letter serial	WZ518	de Havilland	Vampire T.11	United Kingdom
15464	GB	RAF two-letter serial	XD593	de Havilland	Vampire T.11	United Kingdom
15649	GB	RAF two-letter serial	XH312	de Havilland	Vampire T.11	United Kingdom
15652	GB	RAF two-letter serial	XD542	de Havilland	Vampire T.11	United Kingdom
15924	GB	RAF two-letter serial	XD515	de Havilland	Vampire T.11	United Kingdom
16069	GB	RAF two-letter serial	XD596	de Havilland	Vampire T.11	United Kingdom
16070	GB	RAF two-letter serial	XE998	de Havilland	Vampire T.11	United Kingdom
16084	GB	RAF two-letter serial	WZ515	de Havilland	Vampire T.11	United Kingdom
16115	GB	RAF two-letter serial	XE956	de Havilland	Vampire T.11	United Kingdom
16216	GB	RAF two-letter serial	XE935	de Havilland	Vampire T.11	United Kingdom
16294	GB	RAF two-letter serial	XD599	de Havilland	Vampire T.11	United Kingdom
16311	GB	RAF two-letter serial	XH313	de Havilland	Vampire T.11	United Kingdom
16324	GB	RAF two-letter serial	XD445	de Havilland	Vampire T.11	United Kingdom
16357	GB	RAF two-letter serial	WZ549	de Havilland	Vampire T.11	United Kingdom
16411	GB	RAF two-letter serial	WZ450	de Havilland	Vampire T.11	United Kingdom
16414	GB	RAF two-letter serial	XK632	de Havilland	Vampire T.11	United Kingdom
16439	GB	RAF two-letter serial	XK590	de Havilland	Vampire T.11	United Kingdom
16506	GB	RAF two-letter serial	XH278	de Havilland	Vampire T.11	United Kingdom
17049	GB	RAF two-letter serial	XD622	de Havilland	Vampire T.11	Germany
3977	AU	RAAF A-series serial	A79-661	de Havilland	Vampire T.35	United States
14201	GB	G- registration	G-APES	Vickers	Vanguard-953C	United Kingdom
9702	US	N-number	N101EZ	Frierson	VariEze	United States
871	US	N-number	N309V	Rutan	VariEze	United States
5432	FR	F- registration	F-PYJO	Rutan	VariEze	France
5974	US	N-number	N7EZ	Rutan	VariEze	United States
24115	US	N-number	N95E	Rutan	VariEze	United States
25110	US	N-number	N477CM	Rutan	VariEze	United States
5973	US	N-number	N27VV	Rutan	VariViggen	United States
6486	US	N-number	N27MS	Rutan	VariViggen	United States
14175	GB	RAF two-letter serial	WL626	Vickers	Varsity T.1	United Kingdom
14469	GB	RAF two-letter serial	WF372	Vickers	Varsity T.1	United Kingdom
14526	GB	RAF two-letter serial	WL627	Vickers	Varsity T.1	United Kingdom
15531	GB	RAF two-letter serial	WF369	Vickers	Varsity T.1	United Kingdom
15819	GB	RAF two-letter serial	WL679	Vickers	Varsity T.1	United Kingdom
16105	GB	RAF two-letter serial	WJ945	Vickers	Varsity T.1	United Kingdom
16198	GB	RAF two-letter serial	WJ903	Vickers	Varsity T.1	United Kingdom
17144	GB	RAF two-letter serial	WF382	Vickers	Varsity T.1	Germany
194	US	USAF/US Army fiscal-year serial	44-85778	Boeing	VB-17G	United States
3999	US	USAF/US Army fiscal-year serial	53-3240	Douglas	VC-118A	United States
6511	US	USAF/US Army fiscal-year serial	55-0300	Convair	VC-131D	United States
21950	AU	VH- registration	VH-TAA	Convair	VC-131D	Australia
122	US	USAF/US Army fiscal-year serial	58-6971	Boeing	VC-137B	United States
121	US	USAF/US Army fiscal-year serial	58-6970	Boeing	VC-137B	United States
123	US	USAF/US Army fiscal-year serial	62-6000	Boeing	VC-137C	United States
124	US	USAF/US Army fiscal-year serial	72-7000	Boeing	VC-137C	United States
4513	US	USAF/US Army fiscal-year serial	61-2489	Lockheed	VC-140B	United States
131	US	USAF/US Army fiscal-year serial	43-15579	Douglas	VC-47A	United States
6516	US	USAF/US Army fiscal-year serial	43-49281	Douglas	VC-47D	United States
6867	US	USAF/US Army fiscal-year serial	66-15361	Beechcraft	VC-6A	United States
393	US	USAF/US Army fiscal-year serial	73-1681	McDonnell Douglas	VC-9C	United States
25377	US	USAF/US Army fiscal-year serial	73-1682	McDonnell Douglas	VC-9C	United States
38377	ZA	ZS- registration	ZS-DKH	Vickers	VC.1-1A	South Africa
6179	GB	G- registration	G-ASGC	BAC	VC10	United Kingdom
17380	GB	G- registration	G-ARVF	Vickers	VC10-1101	Germany
14191	GB	RAF two-letter serial	XV108	Vickers	VC10C.1K	United Kingdom
14272	GB	RAF two-letter serial	XV106	Vickers	VC10C.1K	United Kingdom
16129	GB	RAF two-letter serial	XV104	Vickers	VC10C.1K	United Kingdom
16130	GB	RAF two-letter serial	XV109	Vickers	VC10C.1K	United Kingdom
15816	GB	RAF two-letter serial	XR808	Vickers	VC10C1K	United Kingdom
14118	GB	RAF two-letter serial	ZA149	Vickers	VC10K.3	United Arab Emirates
14514	GB	RAF two-letter serial	ZA147	Vickers	VC10K.3	United Kingdom
14762	GB	RAF two-letter serial	ZA150	Vickers	VC10K.3	United Kingdom
16145	GB	RAF two-letter serial	ZA148	Vickers	VC10K.3	United Kingdom
14471	GB	G- registration	G-ARVM	Vickers	VC10Srs 1101	United Kingdom
14463	OM	A4O- registration	A4O-AB	Vickers	VC10Srs 1103	United Kingdom
26943	US	N-number	N83MM	Melfa	VCA	United States
23169	NO	LN- registration	LN-YAC	Aerodyne	Vector-610	Norway
21353	CA	CF- registration	CF-MAG	Canadian Vickers	Vedette Mk V	Canada
26463	US	N-number	N965Y	Lockheed	Vega-2D	United States
7131	US	N-number	N12288	Detroit-Lockheed	Vega DL-1	United States
14706	GB	RAF two-letter serial	WR539	de Havilland	Venom FB.4	United Kingdom
14709	GB	RAF two-letter serial	WX853	de Havilland	Venom NF.3	United Kingdom
15465	GB	RAF two-letter serial	WX905	de Havilland	Venom NF.3	United Kingdom
16209	GB	RAF two-letter serial	WX788	de Havilland	Venom NF.3	United Kingdom
15919	GB	RAF two-letter serial	AJ469	Lockheed	Ventura II	United Kingdom
22036	AU	VH- registration	VH-GDU	Hawkridge	Venture	Australia
16553	DE	D- registration	D-AXDB	VFW-Fokker	VFW 614	Germany
16563	DE	D- registration	D-ASAX	VFW-Fokker	VFW 614	Germany
17823	DE	D- registration	D-ADAM	VFW-Fokker	VFW 614ATTAS	Germany
5273	US	USAF/US Army fiscal-year serial	57-1684	Sikorsky	VH-34C	United States
10283	US	USAF/US Army fiscal-year serial	57-1725	Sikorsky	VH-34C	United States
6213	GB	RAF two-letter serial	XH648	Handley Page	Victor B.1	United Kingdom
15304	GB	RAF two-letter serial	XH592	Handley Page	Victor B.1A	United Kingdom
16117	GB	RAF two-letter serial	XH670	Handley Page	Victor B.2	United Kingdom
6214	GB	RAF two-letter serial	XH669	Handley Page	Victor K.2	United Kingdom
14406	GB	RAF two-letter serial	XL164	Handley Page	Victor K.2	United Kingdom
14489	GB	RAF two-letter serial	XM715	Handley Page	Victor K.2	United Kingdom
14559	GB	RAF two-letter serial	XL160	Handley Page	Victor K.2	United Kingdom
15687	GB	RAF two-letter serial	XL190	Handley Page	Victor K.2	United Kingdom
15787	GB	RAF two-letter serial	XM717	Handley Page	Victor K.2	United Kingdom
15856	GB	RAF two-letter serial	XH672	Handley Page	Victor K.2	United Kingdom
16483	GB	RAF two-letter serial	XL231	Handley Page	Victor K.2	United Kingdom
16151	GB	RAF two-letter serial	ZH115	Grob	Vigilant T.1	United Kingdom
16152	GB	RAF two-letter serial	ZH117	Grob	Vigilant T.1	United Kingdom
16153	GB	RAF two-letter serial	ZH120	Grob	Vigilant T.1	United Kingdom
16154	GB	RAF two-letter serial	ZH122	Grob	Vigilant T.1	United Kingdom
16155	GB	RAF two-letter serial	ZH209	Grob	Vigilant T.1	United Kingdom
16156	GB	RAF two-letter serial	ZH249	Grob	Vigilant T.1	United Kingdom
16157	GB	RAF two-letter serial	ZH264	Grob	Vigilant T.1	United Kingdom
16158	GB	RAF two-letter serial	ZH269	Grob	Vigilant T.1	United Kingdom
16291	GB	RAF two-letter serial	ZH185	Grob	Vigilant T.1	United Kingdom
16292	GB	RAF two-letter serial	ZJ963	Grob	Vigilant T.1	United Kingdom
24670	US	N-number	N8096L	SPAD	VII	United States
16417	GB	RAF two-letter serial	XF640	Vickers	Viking-1	United Kingdom
14468	GB	G- registration	G-AGRU	Vickers	Viking-1A	United Kingdom
20439	CA	G-C Canadian Empire-era mark	G-CAEB	Vickers	Viking IV	Canada
16274	GB	RAF two-letter serial	ZE686	Grob	Viking T.1	United Kingdom
14154	GB	RAF two-letter serial	ZE681	Grob	Viking T.1	United Kingdom
14561	GB	RAF two-letter serial	ZE556	Grob	Viking T.1	United Kingdom
16290	GB	RAF two-letter serial	ZE550	Grob	Viking T.1	United Kingdom
21539	GB	G- registration	G-EAOU	Vickers	Vimy IV	Australia
21331	GB	RAF two-letter serial	VT519	Meggitt	Vindicator II	Canada
23496	FI	OH- registration	OH-IIK	IIK	Viri	Finland
11244	BR	PP- registration	PP-SRJ	Vickers	Viscount-700	Brazil
21593	AU	VH- registration	VH-TVR	Vickers	Viscount-700	Australia
6277	GB	G- registration	G-ALWF	Vickers	Viscount-701	United Kingdom
11158	BR	PP- registration	PP-SRO	Vickers	Viscount-701	Brazil
15548	GB	G- registration	G-AMOG	Vickers	Viscount-701	United Kingdom
15300	FR	F- registration	F-BGNR	Vickers	Viscount-708	United Kingdom
5289	CA	CF- registration	CF-TGI	Vickers	Viscount-744	United States
10821	ZW	Z- registration	Z-YNA	Vickers	Viscount-748D	Zimbabwe
22166	AU	VH- registration	VH-TVJ	Vickers-Armstrongs	Viscount-756D	Australia
20489	CA	CF- registration	CF-THG	Vickers	Viscount-757	Canada
21137	CA	CF- registration	CF-THI	Vickers	Viscount-757	Canada
21337	CA	CF- registration	CF-THS	Vickers	Viscount-757	Canada
14202	GB	G- registration	G-CSZB	Vickers	Viscount-804	United Kingdom
14421	GB	G- registration	G-OPAS	Vickers	Viscount-806	United Kingdom
14466	GB	G- registration	G-APIM	Vickers	Viscount-806	United Kingdom
22585	NZ	ZK- registration	ZK-BRF	Vickers-Armstrongs	Viscount-807	New Zealand
17381	DE	D- registration	D-ANAM	Vickers	Viscount-814	Germany
17913	FR	F- registration	F-BGNU	Vickers	Viscount-814	Germany
17984	DE	D- registration	D-ESUU	Vickers	Viscount-814	Germany
13284	UY	CX- registration	CX-BJA	Vickers	Viscount-827	Uruguay
14470	GB	RAF two-letter serial	XT575	Vickers	Viscount-837	United Kingdom
15532	GB	G- registration	G-MBBZ	Volmer	VJ-24	United Kingdom
5928	US	N-number	N33VK	Cirrus	VK-30	United States
26371	US	N-number	N330RC	Cirrus	VK-30	United States
21066	CA	C-F/G registration	C-FLWL	Waco	VKS-7F	Canada
23589	FI	OH- registration	OH-VII	VL	VL Viima II	Finland
15253	GB	G- registration	G-MJWH	Chargus	Vortex Vortex 120	United Kingdom
17914	DE	D- registration	D-EGWI	Wilden	VoWi 10E	Germany
4004	US	N-number	N47188	Evans	VP-1	United States
12916	CL	CC- registration	CC-AFQ	Evans	VP-1	Chile
18772	FR	F- registration	F-PGUI	Evans	VP-1	France
21573	AU	VH- registration	VH-DAV	Evans	VP-1	Australia
23746	IS	TF- registration	TF-KEA	Evans	VP-1	Iceland
26940	US	US registration (maker is not a UK airframe builder)	N8580	Evans	VP-1	United States
27032	US	N-number	N22VP	Evans	VP-1	United States
16164	GB	G- registration	G-BCTT	Evans	VP-1Volksplane	United Kingdom
21161	CA	C-F/G registration	C-GUPY	Evans	VP-1Volksplane	Canada
14538	GB	G- registration	G-BTAZ	Evans	VP-2	United Kingdom
16388	GB	G- registration	G-BEHX	Evans	VP-2	United Kingdom
22592	NZ	ZK- registration	ZK-EEN	Evans	VP-2	New Zealand
16165	GB	G- registration	G-BVPM	Evans	VP-2Volksplane	United Kingdom
17410	DE	D- registration	D-EEVP	Evans	VP-2Volksplane	Germany
26364	US	N-number	N74835	Waco	VPF-7	United States
26454	US	N-number	N28996	Sikorsky	VS-300A	United States
15685	GB	RAF two-letter serial	XA893	Avro	Vulcan B.1	United Kingdom
334	GB	RAF two-letter serial	XM605	Avro	Vulcan B.2	United States
6170	GB	RAF two-letter serial	XJ824	Avro	Vulcan B.2	United Kingdom
8243	GB	RAF two-letter serial	XM573	Avro	Vulcan B.2	United States
14169	GB	RAF two-letter serial	XM575	Avro	Vulcan B.2	United Kingdom
14270	GB	RAF two-letter serial	XM602	Avro	Vulcan B.2	United Kingdom
14271	GB	RAF two-letter serial	XM603	Avro	Vulcan B.2	United Kingdom
14531	GB	RAF two-letter serial	XM612	Avro	Vulcan B.2	United Kingdom
15191	GB	RAF two-letter serial	XM569	Avro	Vulcan B.2	United Kingdom
15247	GB	RAF two-letter serial	XL360	Avro	Vulcan B.2	United Kingdom
15362	GB	RAF two-letter serial	XH563	Avro	Vulcan B.2	United Kingdom
15416	GB	RAF two-letter serial	XL319	Avro	Vulcan B.2	United Kingdom
15449	GB	RAF two-letter serial	XM594	Avro	Vulcan B.2	United Kingdom
15543	GB	RAF two-letter serial	XM597	Avro	Vulcan B.2	United Kingdom
15780	GB	RAF two-letter serial	XL318	Avro	Vulcan B.2	United Kingdom
15855	GB	RAF two-letter serial	XM598	Avro	Vulcan B.2	United Kingdom
16088	GB	RAF two-letter serial	XJ823	Avro	Vulcan B.2	United Kingdom
16222	GB	RAF two-letter serial	XL388	Avro	Vulcan B.2	United Kingdom
16419	GB	RAF two-letter serial	XL426	Avro	Vulcan B.2	United Kingdom
16421	GB	RAF two-letter serial	XH558	Avro	Vulcan B.2	United Kingdom
16422	GB	RAF two-letter serial	XM607	Avro	Vulcan B.2	United Kingdom
16480	GB	RAF two-letter serial	XM655	Avro	Vulcan B.2	United Kingdom
20857	GB	RAF two-letter serial	XL361	Avro	Vulcan B.2	Canada
25997	GB	RAF two-letter serial	XM606	Avro	Vulcan B.2	United States
14405	GB	RAF two-letter serial	XH537	Avro	Vulcan B.2(MRR)	United Kingdom
15242	GB	RAF two-letter serial	XH560	Avro	Vulcan K.2	United Kingdom
24031	US	N-number	N18471	Troyer	VX	United States
9818	US	USAF/US Army fiscal-year serial	56-6941	Ryan	VZ-3RY	United States
9783	US	USAF/US Army fiscal-year serial	56-9642	Doak	VZ-4DA	United States
9868	US	USAF/US Army fiscal-year serial	58-5508	Curtiss-Wright	VZ-7AP	United States
23898	US	USAF/US Army fiscal-year serial	58-5510	Piasecki	VZ-8P	United States
10281	US	USAF/US Army fiscal-year serial	58-5511	Piasecki	VZ-8P-B	United States
4204	US	USAF/US Army fiscal-year serial	58-7055	Avro Canada	VZ-9AV	United States
10286	US	USAF/US Army fiscal-year serial	59-4975	Avro Canada	VZ-9AV	United States
12665	RU	CCCP- registration	CCCP-04101	PZL	W-3A	Russia
5966	US	N-number	N5747N	Wittman	W-8C	United States
21061	CA	CF- registration	CF-ATF	Junkers	W.34F/fi	Canada
18876	FR	F- registration	F-CCEH	Wassmer	WA-21	France
18877	FR	F- registration	F-CCEO	Wassmer	WA-21	France
18878	FR	F- registration	F-CCEE	Wassmer	WA-21	France
18879	FR	F- registration	F-CCHH	Wassmer	WA-21	France
18880	FR	F- registration	F-CCHJ	Wassmer	WA-21	France
18881	FR	F- registration	F-CCKE	Wassmer	WA-21	France
18882	FR	F- registration	F-CCLZ	Wassmer	WA-22	France
18883	FR	F- registration	F-CCOI	Wassmer	WA-22	France
18884	FR	F- registration	F-CDCS	Wassmer	WA-22A	France
18250	FR	F- registration	F-CDZD	Wassmer	WA-26	France
18885	FR	F- registration	F-CDUU	Wassmer	WA-26CM	France
18886	FR	F- registration	F-CDXC	Wassmer	WA-26P	France
18887	FR	F- registration	F-CCBC	Wassmer	WA-28	France
18888	FR	F- registration	F-CEOD	Wassmer	WA-28	France
18889	FR	F- registration	F-CCML	Wassmer	WA-30	France
18890	FR	F- registration	F-CDIJ	Wassmer	WA-30	France
18891	FR	F- registration	F-CDJJ	Wassmer	WA-30	France
18865	FR	F- registration	F-BKJI	Wassmer	WA-40	France
16058	GB	G- registration	G-ARZB	Wallis	WA.116	United Kingdom
18331	FR	F- registration	F-CCEU	Wassmer	WA.21Javelot	France
18332	FR	F- registration	F-CCYK	Wassmer	WA.30Bijave	France
18333	FR	F- registration	F-CDJU	Wassmer	WA.30Bijave	France
15776	GB	RAF pre-war single-letter serial	K6035	Westland	Wallace II	United Kingdom
14815	GB	RAF pre-war single-letter serial	W2718	Supermarine	Walrus I	United Kingdom
14859	GB	RAF pre-war single-letter serial	L2301	Supermarine	Walrus Mk I	United Kingdom
6261	GB	RAF two-letter serial	XS567	Westland	Wasp HAS.1	United Kingdom
14377	GB	RAF two-letter serial	XT437	Westland	Wasp HAS.1	United Kingdom
14410	GB	RAF two-letter serial	XS463	Westland	Wasp HAS.1	United Kingdom
14723	GB	RAF two-letter serial	XS539	Westland	Wasp HAS.1	United Kingdom
14843	GB	RAF two-letter serial	XV631	Westland	Wasp HAS.1	United Kingdom
14933	GB	RAF two-letter serial	XS527	Westland	Wasp HAS.1	United Kingdom
14936	GB	RAF two-letter serial	XT427	Westland	Wasp HAS.1	United Kingdom
14937	GB	RAF two-letter serial	XT778	Westland	Wasp HAS.1	United Kingdom
15083	GB	RAF two-letter serial	XT443	Westland	Wasp HAS.1	United Kingdom
15394	GB	RAF two-letter serial	XT420	Westland	Wasp HAS.1	United Kingdom
15395	GB	RAF two-letter serial	XT787	Westland	Wasp HAS.1	United Kingdom
15396	GB	RAF two-letter serial	XT434	Westland	Wasp HAS.1	United Kingdom
17384	GB	RAF two-letter serial	XS569	Westland	Wasp HAS.1	Germany
22463	NZ	RNZAF serial	NZ3906	Westland	Wasp HAS.1	New Zealand
22765	NZ	RNZAF serial	NZ3902	Westland	Wasp HAS.1	New Zealand
756	GB	RAF two-letter serial	XV639	Westland	Wasp HAS1	United States
349	US	USAF/US Army fiscal-year serial	49-0351	Boeing	WB-50D	United States
4181	US	USAF/US Army fiscal-year serial	49-0310	Boeing	WB-50D	United States
4523	US	N-number	N925NA	Martin	WB-57F	United States
10655	US	USAF/US Army fiscal-year serial	62-3493	Lockheed	WC-130B	United States
18866	FR	F- registration	F-CRMX	DFS	Weihe	France
21190	US	N-number	N501D	DFS	Weihe	Canada
22474	NZ	ZK- registration	ZK-GAE	DFS	Weihe	New Zealand
15613	GB	RAF pre-war single-letter serial	L4288	Vickers	Wellington B.I	United Kingdom
14462	GB	British serial (maker is a UK airframe builder)	N2980	Vickers	Wellington Mk IA	United Kingdom
15220	GB	RAF pre-war single-letter serial	L7775	Vickers	Wellington Mk IC	United Kingdom
15841	GB	RAF two-letter serial	MF628	Vickers	Wellington Mk X	United Kingdom
6258	GB	RAF two-letter serial	XS863	Westland	Wessex HAS.1	United Kingdom
14341	GB	RAF two-letter serial	XS886	Westland	Wessex HAS.1	United Kingdom
14517	GB	RAF two-letter serial	XS885	Westland	Wessex HAS.1	United Kingdom
14560	GB	RAF two-letter serial	XM300	Westland	Wessex HAS.1	United Kingdom
15089	GB	RAF two-letter serial	XM330	Westland	Wessex HAS.1	United Kingdom
16332	GB	RAF two-letter serial	XS887	Westland	Wessex HAS.1	United Kingdom
14411	GB	RAF two-letter serial	XT257	Westland	Wessex HAS.3	United Kingdom
14861	GB	RAF two-letter serial	XP142	Westland	Wessex HAS.3	United Kingdom
15090	GB	RAF two-letter serial	XM328	Westland	Wessex HAS.3	United Kingdom
15114	GB	RAF two-letter serial	XS149	Westland	Wessex HAS.3	United Kingdom
15381	GB	RAF two-letter serial	XS122	Westland	Wessex HAS.3	United Kingdom
16123	GB	RAF two-letter serial	XM833	Westland	Wessex HAS.3	United Kingdom
14194	GB	RAF two-letter serial	XT604	Westland	Wessex HC.2	United Kingdom
14569	GB	RAF two-letter serial	XR506	Westland	Wessex HC.2	United Kingdom
14580	GB	RAF two-letter serial	XR498	Westland	Wessex HC.2	United Kingdom
14680	GB	RAF two-letter serial	XR529	Westland	Wessex HC.2	United Kingdom
15112	GB	RAF two-letter serial	XR526	Westland	Wessex HC.2	United Kingdom
15340	GB	RAF two-letter serial	XT672	Westland	Wessex HC.2	United Kingdom
15357	GB	RAF two-letter serial	XR528	Westland	Wessex HC.2	United Kingdom
15382	GB	RAF two-letter serial	XT607	Westland	Wessex HC.2	United Kingdom
15536	GB	RAF two-letter serial	XV728	Westland	Wessex HC.2	United Kingdom
15650	GB	RAF two-letter serial	XV720	Westland	Wessex HC.2	United Kingdom
15911	GB	RAF two-letter serial	XR525	Westland	Wessex HC.2	United Kingdom
15997	GB	RAF two-letter serial	XR516	Westland	Wessex HC.2	United Kingdom
16375	GB	RAF two-letter serial	XR517	Westland	Wessex HC.2	United Kingdom
16428	GB	RAF two-letter serial	XV726	Westland	Wessex HC.2	United Kingdom
17385	GB	RAF two-letter serial	XR527	Westland	Wessex HC.2	Germany
17386	GB	RAF two-letter serial	XT670	Westland	Wessex HC.2	Germany
19275	GB	RAF two-letter serial	XR504	Westland	Wessex HC.2	Cyprus
15091	GB	RAF two-letter serial	XV733	Westland	Wessex HCC.4	United Kingdom
15774	GB	RAF two-letter serial	XV732	Westland	Wessex HCC.4	United Kingdom
14679	GB	RAF two-letter serial	XS488	Westland	Wessex HU.5	United Kingdom
14745	GB	RAF two-letter serial	XT486	Westland	Wessex HU.5	United Kingdom
14862	GB	RAF two-letter serial	XT765	Westland	Wessex HU.5	United Kingdom
14863	GB	RAF two-letter serial	XS508	Westland	Wessex HU.5	United Kingdom
14891	GB	RAF two-letter serial	XT482	Westland	Wessex HU.5	United Kingdom
14893	GB	RAF two-letter serial	XT769	Westland	Wessex HU.5	United Kingdom
14999	GB	RAF two-letter serial	XT762	Westland	Wessex HU.5	United Kingdom
15108	GB	RAF two-letter serial	XS486	Westland	Wessex HU.5	United Kingdom
15113	GB	RAF two-letter serial	XT472	Westland	Wessex HU.5	United Kingdom
15129	GB	RAF two-letter serial	XT761	Westland	Wessex HU.5	United Kingdom
15325	GB	RAF two-letter serial	XT455	Westland	Wessex HU.5	United Kingdom
15358	GB	RAF two-letter serial	XT466	Westland	Wessex HU.5	United Kingdom
15690	GB	RAF two-letter serial	XS482	Westland	Wessex HU.5	United Kingdom
15937	GB	RAF two-letter serial	XT480	Westland	Wessex HU.5	United Kingdom
15947	GB	RAF two-letter serial	XT458	Westland	Wessex HU.5	United Kingdom
16128	GB	RAF two-letter serial	XT771	Westland	Wessex HU.5	United Kingdom
16235	GB	RAF two-letter serial	XS481	Westland	Wessex HU.5	United Kingdom
16314	GB	RAF two-letter serial	XS511	Westland	Wessex HU.5	United Kingdom
16444	GB	RAF two-letter serial	XT467	Westland	Wessex HU.5	United Kingdom
16448	GB	RAF two-letter serial	XT469	Westland	Wessex HU.5	United Kingdom
22586	GB	G- registration	G-AZBY	Westland	Wessex Mk.60	New Zealand
15092	GB	G- registration	G-AVNE	Westland	Wessex Series 60	United Kingdom
15098	GB	G- registration	G-BKGD	Westland	Westland 30Series 100	United Kingdom
15099	GB	G- registration	G-ELEC	Westland	Westland 30Series 200	United Kingdom
15100	GB	G- registration	G-HAUL	Westland	Westland 30Series 300	United Kingdom
15093	GB	RAF two-letter serial	XW839	Westland	WG-13	United Kingdom
15101	GB	RAF two-letter serial	ZS782	Westland	WG-25Sharpeye	United Kingdom
15097	GB	G- registration	G-BGHF	Westland	WG-30Series 100	United Kingdom
14919	GB	RAF two-letter serial	XA864	Westland	Whirlwind HAR.1	United Kingdom
16212	GB	RAF two-letter serial	XA862	Westland	Whirlwind HAR.1	United Kingdom
16213	GB	RAF two-letter serial	XA870	Westland	Whirlwind HAR.1	United Kingdom
14225	GB	RAF two-letter serial	XJ726	Westland	Whirlwind HAR.10	United Kingdom
14274	GB	RAF two-letter serial	XP350	Westland	Whirlwind HAR.10	United Kingdom
14301	GB	RAF two-letter serial	XP360	Westland	Whirlwind HAR.10	United Kingdom
14555	GB	RAF two-letter serial	XP355	Westland	Whirlwind HAR.10	United Kingdom
15085	GB	RAF two-letter serial	XD163	Westland	Whirlwind HAR.10	United Kingdom
15111	GB	RAF two-letter serial	XP404	Westland	Whirlwind HAR.10	United Kingdom
15128	GB	RAF two-letter serial	XJ729	Westland	Whirlwind HAR.10	United Kingdom
15147	GB	RAF two-letter serial	XP346	Westland	Whirlwind HAR.10	United Kingdom
15359	GB	RAF two-letter serial	XJ723	Westland	Whirlwind HAR.10	United Kingdom
15638	GB	RAF two-letter serial	XR485	Westland	Whirlwind HAR.10	United Kingdom
15642	GB	RAF two-letter serial	XP344	Westland	Whirlwind HAR.10	United Kingdom
15643	GB	RAF two-letter serial	XJ407	Westland	Whirlwind HAR.10	United Kingdom
15644	GB	RAF two-letter serial	XP328	Westland	Whirlwind HAR.10	United Kingdom
15645	GB	RAF two-letter serial	XP329	Westland	Whirlwind HAR.10	United Kingdom
15703	GB	RAF two-letter serial	XR453	Westland	Whirlwind HAR.10	United Kingdom
15877	GB	RAF two-letter serial	XP299	Westland	Whirlwind HAR.10	United Kingdom
16229	GB	RAF two-letter serial	XP345	Westland	Whirlwind HAR.10	United Kingdom
16327	GB	RAF two-letter serial	XJ727	Westland	Whirlwind HAR.10	United Kingdom
17387	GB	RAF two-letter serial	XP352	Westland	Whirlwind HAR.10	Germany
18127	GB	RAF two-letter serial	XP339	Westland	Whirlwind HAR.10	Germany
19274	GB	RAF two-letter serial	XD184	Westland	Whirlwind HAR.10	Cyprus
16083	GB	RAF two-letter serial	WV198	Westland	Whirlwind HAR.21	United Kingdom
14922	GB	RAF two-letter serial	XG574	Westland	Whirlwind HAR.3	United Kingdom
15418	GB	RAF two-letter serial	XN258	Westland	Whirlwind HAR.9	United Kingdom
16227	GB	RAF two-letter serial	XN386	Westland	Whirlwind HAR.9	United Kingdom
16219	GB	RAF two-letter serial	XJ398	Westland	Whirlwind HAR5/10	United Kingdom
10101	GB	RAF two-letter serial	WV224	Westland	Whirlwind HAS.22	South Africa
38427	GB	RAF two-letter serial	WV203	Westland	Whirlwind HAS.22	South Africa
38428	GB	RAF two-letter serial	WV204	Westland	Whirlwind HAS.22	South Africa
6259	GB	RAF two-letter serial	XK936	Westland	Whirlwind HAS.7	United Kingdom
14277	GB	RAF two-letter serial	XL840	Westland	Whirlwind HAS.7	United Kingdom
14667	GB	RAF two-letter serial	XG592	Westland	Whirlwind HAS.7	United Kingdom
14830	GB	RAF two-letter serial	XN385	Westland	Whirlwind HAS.7	United Kingdom
14923	GB	RAF two-letter serial	XG594	Westland	Whirlwind HAS.7	United Kingdom
14929	GB	RAF two-letter serial	XL853	Westland	Whirlwind HAS.7	United Kingdom
15084	GB	RAF two-letter serial	XK940	Westland	Whirlwind HAS.7	United Kingdom
15110	GB	RAF two-letter serial	XG596	Westland	Whirlwind HAS.7	United Kingdom
15303	GB	RAF two-letter serial	XK907	Westland	Whirlwind HAS.7	United Kingdom
15537	GB	RAF two-letter serial	XM685	Westland	Whirlwind HAS.7	United Kingdom
15635	GB	RAF two-letter serial	XN304	Westland	Whirlwind HAS.7	United Kingdom
15086	GB	RAF two-letter serial	XR486	Westland	Whirlwind HCC.12	United Kingdom
14197	GB	RAF two-letter serial	XG588	Westland	Whirlwind Srs 3	United Kingdom
15302	GB	G- registration	G-APWN	Westland	Whirlwind Srs 3	United Kingdom
15309	GB	British serial (maker is a UK airframe builder)	N1498	Armstrong Whitworth	Whitley Mk V	United Kingdom
21802	AU	G-AU Australian Empire-era mark	G-AUKA	Westland Aircraft	Widgeon III	Australia
15080	GB	G- registration	G-AOZE	Westland	Widgeon Series 2	United Kingdom
15430	GB	G- registration	G-APTW	Westland	Widgeon Series 2	United Kingdom
12093	RU	RA- registration	RA-2378G	PZL	Wilga 2000	Russia
10485	US	N-number	N532WE	WindRyder	WindRyder	United States
5967	US	US registration (maker is not a UK airframe builder)	N3259	Wittman	Witts V	United States
26026	US	N-number	N640J	Jones	WLAC-1	United States
15055	GB	G- registration	G-WBAT	Julian	Wombat CD	United Kingdom
25785	US	N-number	N474WS	Stone	Woodstock	United States
21651	AU	VH- registration	VH-IKL	Maupin	Woodstock-1	Australia
5918	US	N-number	N351C	Loving	WR-1	United States
16025	GB	G- registration	G-EBNV	English Electric	Wren	United Kingdom
15087	GB	G- registration	G-ANFH	Westland	WS-55Series 1	United Kingdom
15088	GB	G- registration	G-AODA	Westland	WS-55Series 3	United Kingdom
15109	GB	G- registration	G-ANJV	Westland	WS-55Series 3	United Kingdom
23968	US	N-number	N49JA	White	WW-1	United States
23626	FI	OH- registration	OH-SAA	WWS	WWS-1Salamandra	Finland
14884	GB	RAF two-letter serial	VR137	Westland	Wyvern TF.1	United Kingdom
5128	US	USAF/US Army fiscal-year serial	56-6671	North American	X-15A-2	United States
801	US	USAF/US Army fiscal-year serial	68-10771	Bensen	X-25B	United States
9873	US	USAF/US Army fiscal-year serial	67-15345	Lockheed	X-26B	United States
3125	US	USAF/US Army fiscal-year serial	82-0049	Grumman	X-29	United States
1900	US	N-number	N807LM	Lockheed Martin	X-55A	United States
21168	CA	C-F/G registration	C-FWMQ	Epervier	X1	Canada
8575	US	USAF/US Army fiscal-year serial	43-50224	Douglas	XB-42A	United States
5137	US	USAF/US Army fiscal-year serial	62-0001	North American	XB-70A	United States
15028	US	USAF/US Army fiscal-year serial	73-22012	Boeing Vertol	XCH-62	United Kingdom
5143	US	USAF/US Army fiscal-year serial	51-17060	Republic	XF-84H	United States
8265	US	USAF/US Army fiscal-year serial	46-0524	McDonnell	XF-85	United States
9864	US	USAF/US Army fiscal-year serial	50-1840	American Helicopter	XH-26	United States
9819	US	USAF/US Army fiscal-year serial	49-2890	Sikorsky	XH-39	United States
25055	US	N-number	N74150	Sikorsky	XH-39	United States
9808	US	USAF/US Army fiscal-year serial	55-4459	Bell	XH-40	United States
9820	US	USAF/US Army fiscal-year serial	61-51262	Lockheed	XH-51A	United States
9821	US	USAF/US Army fiscal-year serial	61-51263	Lockheed	XH-51A	United States
9822	US	USAF/US Army fiscal-year serial	73-21942	Sikorsky	XH-59A	United States
10556	US	N-number	N97BL	Bleriot	XI	United States
14485	GB	G- registration	G-LOTI	Bleriot	XI	United Kingdom
16009	GB	G- registration	G-AANG	Bleriot	XI	United Kingdom
16897	DE	D- registration	D-EEXI	Blériot	XI	Germany
20960	CA	C-F/G registration	C-ISCA	Blériot	XI	Canada
24610	US	N-number	N60094	Bleriot	XI	United States
25061	US	US registration (maker is not a UK airframe builder)	N9781	Bleriot	XI	United States
25204	US	N-number	N7899C	Bleriot	XI	United States
20242	US	N-number	N791X	Bleriot	XI -2	United States
20241	US	N-number	N913BL	Bleriot	XI -2	United States
5933	US	N-number	N908LB	Bleriot	XI bis	United States
25200	US	N-number	N14574	SPAD	XIII	United States
20221	US	N-number	N422RC	SPAD	XIII	United States
5828	US	USAF/US Army fiscal-year serial	42-13610	Kellett	XO-60	United States
26315	US	USAF/US Army fiscal-year serial	42-78846	Curtiss	XP-55	United States
20179	US	N-number	N887XP	North American	XP-82	United States
7887	US	N-number	N1VX	Smith	XP-99	United States
5869	US	USAF/US Army fiscal-year serial	41-18874	Sikorsky	XR-4C	United States
8445	US	USAF/US Army fiscal-year serial	42-68852	Fairchild	XUC-86A	United States
9823	US	USAF/US Army fiscal-year serial	53-4016	McDonnell	XV-1	United States
9673	US	USAF/US Army fiscal-year serial	65-13070	Mississippi State University	XV-11A	United States
5758	US	N-number	N703NA	Bell	XV-15	United States
9861	US	USAF/US Army fiscal-year serial	62-4506	Ryan	XV-5B	United States
10215	US	USAF/US Army fiscal-year serial	64-18266	Hawker Siddeley	XV-6A	United States
10295	US	USAF/US Army fiscal-year serial	64-18263	Hawker Siddeley	XV-6A	United States
21596	AU	VH- registration	VH-AGL	Yeoman	YA-1	Australia
6568	US	USAF/US Army fiscal-year serial	70-1039	Vought	YA-7F	United States
175	US	USAF/US Army fiscal-year serial	71-1368	Northrop	YA-9A	United States
864	US	USAF/US Army fiscal-year serial	71-1367	Northrop	YA-9A	United States
9757	US	USAF/US Army fiscal-year serial	66-8830	Lockheed	YAH-56A	United States
9824	US	USAF/US Army fiscal-year serial	66-8832	Lockheed	YAH-56A	United States
9825	US	USAF/US Army fiscal-year serial	74-22247	Bell	YAH-63A	United States
9826	US	USAF/US Army fiscal-year serial	74-22249	Hughes	YAH-64A	United States
18140	FR	F- registration	F-AZJB	Yakovlev	Yak-11	France
19216	FR	F- registration	F-AZOK	Yakovlev	Yak-11	France
11685	CZ	OK- registration	OK-KIO	Yakovlev	Yak-11	Russia
11910	RU	RA- registration	RA-00112	Yakovlev	Yak-112	Russia
12572	RU	CCCP- registration	CCCP-56360	Yakovlev	Yak-12M	Russia
6652	US	N-number	N54YK	Yakovlev	Yak-18	United States
18141	FR	F- registration	F-AZFG	Yakovlev	Yak-18	France
11734	RU	CCCP- registration	CCCP-81836	Yakovlev	Yak-18T	Russia
11903	RU	RA- registration	RA-0339G	Yakovlev	Yak-18T	Russia
11904	RU	RA- registration	RA-0338G	Yakovlev	Yak-18T	Russia
12485	RU	CCCP- registration	CCCP-44390	Yakovlev	Yak-18T	Russia
12569	RU	RA- registration	RA-44251	Yakovlev	Yak-18T	Russia
12570	RU	RA- registration	RA-44292	Yakovlev	Yak-18T	Russia
12571	RU	CCCP- registration	CCCP-44422	Yakovlev	Yak-18T	Russia
17442	RU	RA- registration	RA-44446	Yakovlev	Yak-18T	Germany
23766	IS	TF- registration	TF-BCW	Yakovlev	Yak-18T	Iceland
11692	RU	RA- registration	RA-29831	Yakovlev	Yak-18T	Russia
20298	US	N-number	N42YK	Yakovlev	Yak-3M	United States
5591	RU	CCCP- registration	CCCP-87490	Yakovlev	Yak-40	Russia
11768	RU	RA- registration	RA-88244	Yakovlev	Yak-40	Russia
11859	RU	RA- registration	RA-87452	Yakovlev	Yak-40	Russia
12009	RU	RA- registration	RA-87223	Yakovlev	Yak-40	Russia
12015	RU	CCCP- registration	CCCP-87748	Yakovlev	Yak-40	Russia
12058	RU	CCCP- registration	CCCP-19661	Yakovlev	Yak-40	Russia
12085	RU	RA- registration	RA-87992	Yakovlev	Yak-40	Russia
12142	RU	RA- registration	RA-87781	Yakovlev	Yak-40	Russia
12157	RU	RA- registration	RA-87352	Yakovlev	Yak-40	Russia
12248	RU	RA- registration	RA-87518	Yakovlev	Yak-40	Russia
12320	RU	CCCP- registration	CCCP-87262	Yakovlev	Yak-40	Russia
12493	RU	RA- registration	RA-88298	Yakovlev	Yak-40	Russia
12565	RU	RA- registration	RA-87357	Yakovlev	Yak-40	Russia
12566	RU	RA- registration	RA-87299	Yakovlev	Yak-40	Russia
12567	RU	RA- registration	RA-87653	Yakovlev	Yak-40	Russia
12667	RU	CCCP- registration	CCCP-88177	Yakovlev	Yak-40	Russia
11875	RU	RA- registration	RA-88172	Yakovlev	Yak-40K	Russia
5592	RU	CCCP- registration	CCCP-42302	Yakovlev	Yak-42	Russia
12338	RU	CCCP- registration	CCCP-42309	Yakovlev	Yak-42	Russia
12519	RU	CCCP- registration	CCCP-42535	Yakovlev	Yak-42	Russia
12568	RU	RA- registration	RA-42539	Yakovlev	Yak-42	Russia
12585	RU	CCCP- registration	CCCP-42304	Yakovlev	Yak-42	Russia
6381	US	N-number	N7144F	Yakovlev	Yak-50	United States
17814	DE	DDR- registration	DDR-WQV	Yakovlev	Yak-50	Germany
7653	US	N-number	N1139Q	Yakovlev	Yak-52	United States
8386	US	N-number	N107GC	Yakovlev	Yak-52	United States
8387	US	N-number	N203AS	Yakovlev	Yak-52	United States
11906	RU	RF- registration	RF-01189	Yakovlev	Yak-52	Russia
14787	GB	G- registration	G-BXJB	Yakovlev	Yak-52	United Kingdom
14788	GB	G- registration	G-YAKF	Yakovlev	Yak-52	United Kingdom
22538	NZ	ZK- registration	ZK-YAC	Yakovlev	Yak-52	New Zealand
17556	RU	RA- registration	RA-70977	Yakovlev	Yak-52A	Germany
17256	DE	D- registration	D-FAFA	Yakovlev	Yak-9UM	Germany
3933	US	USAF/US Army fiscal-year serial	72-1873	Boeing	YC-14	United States
844	US	USAF/US Army fiscal-year serial	72-1875	McDonnell Douglas	YC-15	United States
9741	US	USAF/US Army fiscal-year serial	57-3080	de Havilland Canada	YC-7A	United States
10276	US	USAF/US Army fiscal-year serial	57-3079	de Havilland Canada	YC-7A	United States
10285	US	USAF/US Army fiscal-year serial	64-14203	Sikorsky	YCH-54A	United States
9860	US	N-number	N4196G	Windecker	YE-5A	United States
25721	US	USAF/US Army fiscal-year serial	53-1788	Convair	YF-102A	United States
10237	US	USAF/US Army fiscal-year serial	71-0281	McDonnell Douglas	YF-15A	United States
6982	US	USAF/US Army fiscal-year serial	72-1568	General Dynamics	YF-16	United States
10292	US	USAF/US Army fiscal-year serial	72-1567	General Dynamics	YF-16A	United States
1932	US	USAF/US Army fiscal-year serial	72-1569	Northrop	YF-17	United States
9920	US	USAF/US Army fiscal-year serial	72-01570	Northrop	YF-17A	United States
5136	US	USAF/US Army fiscal-year serial	59-4989	Northrop	YF-5A	United States
6467	US	USAF/US Army fiscal-year serial	59-4987	Northrop	YF-5A	United States
27094	US	N-number	N9174R	Bell	YH-13	United States
9827	US	USAF/US Army fiscal-year serial	49-2888	Sikorsky	YH-18A	United States
9863	US	USAF/US Army fiscal-year serial	52-5837	McCulloch	YH-30	United States
743	US	US registration (maker is not a UK airframe builder)	N3955	Hiller	YH-32	United States
9780	US	USAF/US Army fiscal-year serial	55-4965	Hiller	YH-32	United States
9866	US	USAF/US Army fiscal-year serial	55-4963	Hiller	YH-32	United States
9828	US	USAF/US Army fiscal-year serial	56-4244	Cessna	YH-41	United States
5167	US	USAF/US Army fiscal-year serial	43-46620	Sikorsky	YH-5A	United States
10272	US	USAF/US Army fiscal-year serial	59-4984	Vertol	YHC-1A	United States
9862	US	USAF/US Army fiscal-year serial	58-1496	Brantly	YHO-3BR	United States
8384	US	N-number	N3NX	Waco	YKC	United States
25102	US	N-number	N14614	Weaver Aircraft Company	YKC S	United States
27272	US	N-number	N14066	Waco	YKC S	United States
21336	CA	CF- registration	CF-AYS	Waco	YKC-S	Canada
8540	US	N-number	N34214	Waco	YKS-6	United States
21234	CA	CF- registration	CF-KYI	Waco	YKS-7	Canada
23754	IS	TF- registration	TF-DRN	Waco	YKS-7	Iceland
9847	US	USAF/US Army fiscal-year serial	52-2540	Helio	YL-24	United States
38	US	USAF/US Army fiscal-year serial	74-1686	Lockheed	YMC-130H	United States
1946	US	USAF/US Army fiscal-year serial	69-18007	Lockheed	YO-3A	United States
4515	US	USAF/US Army fiscal-year serial	69-18006	Lockheed	YO-3A	United States
6458	US	USAF/US Army fiscal-year serial	69-18005	Lockheed	YO-3A	United States
9829	US	USAF/US Army fiscal-year serial	62-4206	Fairchild Hiller	YOH-5A	United States
9830	US	USAF/US Army fiscal-year serial	62-4213	Hughes	YOH-6A	United States
26263	US	USAF/US Army fiscal-year serial	62-12624	Hughes	YOH-6A	United States
6174	GB	G- registration	G-ANTK	Avro	York	United Kingdom
15865	GB	RAF two-letter serial	TS798	Avro	York C.1	United Kingdom
9848	US	USAF/US Army fiscal-year serial	57-6539	Grumman	YOV-1A	United States
10644	US	N-number	N15700	Waco	YPF	United States
10596	US	N-number	N106SC	St. Louis Aircraft	YPT-15	United States
5142	US	USAF/US Army fiscal-year serial	49-2430	Republic	YRF-84F	United States
11214	BR	PP- registration	PP-CTI	NAMC	YS-11	Brazil
9087	TH	HS- registration	HS-APA	NAMC	YS-11A	Thailand
26531	AW	P4- registration	P4-KFD	NAMC	YS-11A	United States
337	US	USAF/US Army fiscal-year serial	50-0735	Beech	YT-34	United States
9781	US	USAF/US Army fiscal-year serial	51-6263	de Havilland Canada	YU-6A	United States
9742	US	USAF/US Army fiscal-year serial	52-6219	Aero Commander	YU-9A	United States
9782	US	USAF/US Army fiscal-year serial	60-6030	Bell	YUH-1D	United States
9831	US	USAF/US Army fiscal-year serial	73-21651	Sikorsky	YUH-60A	United States
9832	US	USAF/US Army fiscal-year serial	73-21656	Boeing Vertol	YUH-61A	United States
21994	AU	VH- registration	VH-UCL	Zlin	Z-37	Australia
17390	DE	D- registration	D-ESSJ	Zlín	Z-37A	Germany
18128	DE	DM- registration	DM-SUW	Zlín	Z-37A	Germany
16597	DE	D- registration	D-ESUX	Zlin	Z-37A Cmelak	Germany
17069	DE	DM- registration	DM-SNN	Zlin	Z-37A Cmelak	Germany
17467	DE	D- registration	D-ESLW	Zlin	Z-37A Cmelak	Germany
17725	DE	D- registration	D-ESOT	Zlin	Z-37A Cmelak	Germany
17813	DE	D- registration	D-ESOZ	Let	Z-37A Čmelák	Germany
18000	DE	D- registration	D-ESUK	Zlin	Z-37A Cmelak	Germany
18025	HU	HA- registration	HA-MFI	Zlin	Z-37A Cmelak	Germany
17259	DE	D- registration	D-EOYX	Zlin	Z-37A-2 Cmelak	Germany
16773	DE	D- registration	D-ESUH	Zlin	Z-37Cmelak	Germany
17419	DE	D- registration	D-ESRV	Let	Z-37Cmelak	Germany
17450	DE	DM- registration	DM-SLW	Zlin	Z-37Cmelak	Germany
17557	DE	DM- registration	DM-SVT	Zlin	Z-37Cmelak	Germany
17558	DE	D- registration	D-ESLZ	Zlin	Z-37Cmelak	Germany
17559	DE	D- registration	D-ESQT	Zlin	Z-37Cmelak	Germany
18021	DE	D- registration	D-ESMX	Zlin	Z-37Cmelak	Germany
23642	FI	OH- registration	OH-CMB	Zlin	Z-37Čmelák	Finland
22492	NZ	ZK- registration	ZK-DOZ	Zlin	Z-37T	New Zealand
17916	CH	HB- registration	HB-USE	Zlín	Z-381Bestmann	Germany
18129	DE	D- registration	D-EWNQ	Zlín	Z-42	Germany
17070	DE	D- registration	D-EKMX	Zlin	Z-43	Germany
24104	US	N-number	N888EE	Moravan	Z-526	United States
17634	DE	D- registration	D-EWXA	Zlin	Z-526AS Akrobat	Germany
6784	US	N-number	N202Z	Applebay	Zia	United States
23755	IS	TF- registration	TF-SGL	Waco	ZKS-7	Iceland
21235	CA	CF- registration	CF-BDW	Waco	ZQC-6	Canada
18867	FR	F- registration	F-CCPT	Scheibe	Zugvogel IIIB	France
